35590_s_at,725_i_at,41117_s_at,37905_r_at,37226_at,34457_at,33069_f_at,33021_at,39332_at,33870_at,38447_at,39586_at,36223_at,36783_f_at,36338_at,32545_r_at,37231_at,38414_at,33322_i_at,32815_at,32407_f_at,38687_at,37317_at,36605_at,36611_at,34757_at,731_f_at,36630_at,35152_at,31510_s_at,36683_at,32557_at,36514_at,36303_f_at,38229_at,40590_at,36567_at,886_at,1464_at,37250_at,37898_r_at,34089_at,38638_at,33233_at,40921_at,32362_r_at,1176_at,33275_at,34093_at,39684_at,37946_at,34600_s_at,35911_r_at,32007_at,1415_at,35001_at,34108_g_at,41506_at,38982_at,41387_r_at,36001_at,31715_at,38426_at,40672_at,33768_at,40453_s_at,37095_r_at,40008_at,39500_s_at,36696_at,34148_at,31812_at,41003_at,38991_at,40036_at,40089_at,32274_r_at,2041_i_at,39335_at,33080_s_at,31317_r_at,37969_at,34467_g_at,35019_at,715_s_at,33778_at,41619_at,36765_at,40770_f_at,40322_at,36737_at,38630_at,1408_at,826_at,34573_at,35896_at,34736_at,31810_g_at,33986_r_at,34966_at,class
-0.68013,-0.62846,-0.67652,-0.93077,-0.57119,-0.82785,-0.75845,-0.48783,-0.7774,-0.81567,-0.81245,-0.63161,-0.90396,-0.91919,-0.85904,-0.87056,-0.73266,-0.77092,-0.92794,-0.62016,-0.733,-0.93378,-0.75344,-0.79954,-1.00091,-0.93511,-0.66707,-0.84004,-0.99079,-0.94823,-0.72614,-0.97181,-0.76059,-0.98417,-0.96208,-0.50464,-0.80547,-1.00697,-0.83296,-0.96859,-0.92101,-0.89456,-0.73804,-0.55432,-0.52064,-0.90672,-0.73608,-0.97137,-0.79808,-0.89445,-0.61676,-0.826,-0.86197,-0.78355,-0.76163,-0.82054,-0.93245,-0.80234,-1.08461,-0.81856,-0.79392,-0.60144,-0.99879,-0.8835,-0.83384,-1.01051,-0.84768,-0.67084,-0.82697,-0.86104,-0.17757,-0.76987,-0.86369,-1.0018,-0.9425,-0.83931,-0.73771,-0.56597,-0.84415,-0.98184,-0.72833,-0.71815,-0.79273,-0.90354,-0.80631,-0.94092,-0.82209,-0.65923,-0.95522,-0.80575,-0.82626,-0.74095,-0.59313,-0.95224,-0.84808,-0.63173,-0.62879,-0.70561,-0.67757,-0.71237,after Th
-0.83938,-0.63839,-0.73718,-0.98074,-0.78706,-0.75826,-0.71121,-0.60904,-0.77311,-0.88878,-0.89145,-0.62171,-0.91057,-0.97253,-0.86776,-0.8968,-0.73656,-0.77508,-0.92258,-0.6514,-0.69021,-0.97163,-0.91068,-0.95328,-1.05921,-0.85434,-0.59349,-0.77346,-0.86765,-1.01101,-0.76228,-0.85348,-0.768,-0.96673,-0.92238,-0.50634,-0.57105,-0.78553,-0.82351,-0.9518,-0.87327,-0.79362,-0.61008,-0.75192,-0.57308,-0.98369,-0.77466,-0.84895,-0.91656,-0.81148,-0.7262,-0.90233,-0.85492,-0.73278,-0.98638,-0.7911,-0.85857,-0.87935,-0.84167,-0.82855,-0.74523,-0.69826,-0.85412,-0.56873,-0.96171,-0.87642,-0.8792,-0.64229,-0.70665,-0.83636,-0.8548,-0.73933,-0.95391,-0.84918,-0.85672,-0.73376,-0.89055,-0.55183,-0.83878,-0.73686,-0.75189,-0.78261,-0.87573,-1.00476,-0.81625,-0.94621,-0.89795,-0.7348,-0.81001,-0.61976,-0.84378,-0.82109,-0.55782,-0.84485,-0.96102,-0.69045,-0.77629,-0.73549,-0.74907,-0.64445,after Th
-0.2901,-0.32021,-0.50492,0.82017,0.66361,-0.12124,-0.22215,-0.61377,-0.1348,0.17743,0.02469,-0.45951,-0.53497,-0.04938,-0.41866,0.7299,-0.01059,-0.30826,1.22874,-0.2658,-0.05777,1.09098,0.05485,-0.82217,1.20559,-0.61903,-0.53366,0.06197,-0.43314,0.05858,-0.60925,-0.30145,-0.0797,0.4027,0.20196,-0.43832,-0.15532,0.70578,0.025,-0.06941,-0.32147,0.67319,-0.57569,0.02902,0.12195,0.28146,-0.31336,-0.03294,0.53135,0.46398,0.19362,-0.67496,0.35852,-0.09313,0.07573,0.00064,-0.0542,0.40859,0.95108,0.24948,0.01849,-0.52548,0.14432,0.45523,0.14572,1.5924,0.18719,-0.47332,-0.30094,-0.12901,-0.76538,-0.51854,0.66048,0.14054,0.81757,-0.13877,0.68972,-0.57809,-0.08632,-0.09545,0.00055,-0.45317,0.10531,1.47896,0.94459,0.81791,0.52053,0.46968,0.03156,-0.05153,0.01088,0.06112,-0.39538,-0.41247,0.0328,-0.04338,0.60777,0.23932,1.03727,0.0585,after Th
-0.96062,-0.56125,-0.82959,-0.93448,-0.73372,-0.8994,-0.62549,-0.56843,-0.71034,-0.86584,-0.85594,-0.61647,-0.8653,-0.99435,-0.98532,-0.72874,-0.95309,-0.80517,-1.01426,-0.67249,-0.69726,-0.80558,-0.83977,-0.84412,-0.94665,-0.62105,-0.60685,-1.03663,-0.82965,-1.0078,-0.78045,-0.85101,-0.67314,-1.05821,-0.93609,-0.49681,-0.8125,-0.87977,-0.79468,-0.86855,-0.94668,-0.95398,-0.519,-0.74318,-0.7017,-0.72321,-0.84332,-0.86714,-0.84985,-0.69751,-0.56658,-0.8692,-0.88827,-0.69434,-0.91717,-0.77444,-0.65065,-0.71988,-0.82792,-0.7615,-0.60022,-0.70718,-1.00303,-1.04938,-1.00277,-1.06123,-0.76447,-0.68563,-0.88891,-0.8313,-0.83527,-0.83485,-0.7925,-0.94596,-0.89274,-0.88611,-1.05851,-0.54421,-0.81841,-0.79121,-0.77855,-0.67406,-0.78343,-0.86734,-0.80569,-0.85562,-0.8547,-0.67074,-0.89182,-0.83712,-0.9137,-0.65425,-0.53321,-0.75159,-0.97747,-0.62846,-0.92427,-0.76196,-0.62878,-0.66434,after Th
-0.75875,-0.60804,-0.67213,-0.91419,-0.65476,-0.64938,-0.8113,-0.66685,-0.71406,-0.92051,-0.90262,-0.5983,-0.88287,-0.97307,-0.83467,-0.98592,-0.73609,-0.78058,-0.96908,-0.5742,-0.66567,-0.89337,-0.78747,-0.63683,-1.03685,-0.97332,-0.74423,-0.51367,-0.96417,-1.01563,-0.66745,-0.85232,-0.7094,-0.95213,-0.86927,-0.51238,-0.79256,-0.77655,-0.65266,-0.88588,-0.95469,-0.88933,-0.64083,-0.83497,-0.58117,-0.83929,-0.69091,-0.85912,-0.91534,-0.9531,-0.76144,-0.80217,-0.9931,-0.82886,-0.77373,-0.80661,-0.82189,-0.81698,-0.90984,-0.57682,-0.63789,-0.74097,-0.88621,-0.78926,-0.85076,-0.77901,-0.92915,-0.47259,-0.69049,-0.80261,-0.49671,-0.76604,-0.91477,-0.97429,-0.94179,-0.75769,-1.01874,-0.63576,-0.81107,-0.70554,-0.92093,-0.47272,-0.62904,-0.85973,-1.13226,-0.86692,-0.92377,-0.72452,-0.93591,-0.56449,-0.70213,-0.70854,-0.52263,-0.90753,-0.88723,-0.61911,-0.93854,-0.82179,-0.60992,-0.62445,after Th
0.13714,-0.43826,-0.3112,-0.02601,-0.27962,0.42735,-0.48405,-0.01907,-0.20696,0.19654,0.18031,-0.42627,-0.20422,0.71289,0.55782,-0.00864,0.25447,0.19727,0.44357,-0.41793,0.28669,0.4955,0.31417,1.20854,0.79201,-0.20169,0.12424,0.40535,-0.00728,0.5439,0.17479,-0.08951,-0.05166,0.61982,0.39197,-0.35915,0.19051,0.35331,0.19556,1.11249,0.71007,0.35095,-0.2714,-0.65056,-0.39109,0.59466,0.17813,0.54253,0.23993,0.34367,-0.16192,0.4028,0.82977,0.18926,0.40392,0.24537,-0.12845,-0.35227,0.47834,-0.41485,-0.03038,0.18588,0.35131,0.67286,0.23075,0.5764,0.36166,-0.43745,-0.10469,1.13319,-0.63089,0.43785,0.62957,0.26392,0.09573,0.2242,1.44237,-0.40524,-0.35745,0.07556,-0.11021,0.12958,0.20359,0.75184,0.28873,0.59705,0.20573,0.19226,0.13362,-0.32812,0.2692,-0.10244,-0.43873,-0.02922,0.352,-0.2485,-0.30526,-0.76914,0.00033,0.26588,after Th
-0.88937,-0.63637,-0.67618,-0.92133,-0.77371,-0.77,-0.81149,-0.60087,-0.734,-0.89312,-0.89514,-0.60581,-0.86413,-0.66037,-0.8565,-0.9154,-0.71438,-0.58716,-1.03968,-0.56783,-0.77083,-0.94216,-0.77257,-0.85435,-1.01763,-0.73493,-0.57093,-0.65871,-0.93343,-1.01692,-0.70045,-0.9411,-0.71601,-0.92467,-0.84789,-0.50905,-0.80907,-0.88948,-0.95026,-0.98447,-0.91624,-0.86113,-0.75873,-0.70047,-0.679,-0.83564,-0.78601,-0.94335,-0.89054,-0.76015,-0.5818,-0.83891,-0.88361,-0.73306,-1.02149,-0.77253,-0.79984,-0.82272,-0.96062,-0.7771,-0.7453,-0.63984,-0.93249,-0.80869,-0.98878,-0.96352,-0.89739,-0.57801,-0.82115,-0.94154,-0.71439,-0.81518,-0.95303,-1.0018,-0.82731,-0.77941,-0.93521,-0.51889,-0.67904,-0.88789,-0.8329,-0.48752,-0.79928,-0.87712,-0.83367,-0.89216,-0.83568,-0.68822,-0.85047,-0.77789,-0.7947,-0.72679,-0.60524,-0.80516,-0.96773,-0.73158,-0.88176,-0.77483,-0.7043,-0.70264,after Th
0.12018,-0.54139,-0.38696,-0.21013,-0.10133,0.20076,-0.34343,-0.3107,-0.41458,0.4192,0.37414,-0.52487,0.02406,0.48427,0.1028,-0.11829,-0.45766,-0.44699,0.33525,-0.14857,-0.26244,-0.21761,-0.49127,-0.54029,0.35126,-0.53762,-0.60622,0.8674,-0.08521,-0.19651,-0.25244,0.1794,-0.17342,0.1106,-0.0057,-0.49379,-0.66488,-0.14202,0.00796,0.63138,0.01645,0.02134,-0.29428,-0.36408,-0.24627,-0.03365,0.11265,0.1075,-0.13709,0.46807,-0.15053,-0.05087,-0.26769,-0.07299,0.00338,0.48247,-0.07873,0.02959,0.49343,0.4784,-0.2718,-0.43075,0.42537,0.00127,-0.14696,0.42127,-0.2772,-0.69148,-0.63819,0.33394,-0.06031,-0.36038,-0.27938,0.11969,0.7589,-0.5056,0.16765,-0.00956,-0.3061,-0.03649,-0.33082,0.20036,0.13611,0.2913,0.39342,0.42971,-0.45703,-0.14891,-0.12863,-0.4106,-0.09246,-0.34735,-0.09105,-0.1143,0.0245,0.04759,-0.06734,-0.32337,0.03383,-0.30895,after Th
-0.9187,-0.62393,-0.75786,-0.88835,-0.7499,-0.80414,-0.71715,-0.59097,-0.77432,-0.80876,-0.93694,-0.64334,-0.84697,-0.8541,-0.88792,-0.73483,-0.94585,-0.91823,-0.96828,-0.67027,-0.65644,-0.93563,-0.7825,-0.57668,-0.90644,-0.78089,-0.67628,-0.57509,-0.88309,-0.83996,-0.74151,-0.88996,-0.72981,-0.93414,-0.95607,-0.50154,-0.69651,-0.7806,-0.91675,-1.02646,-0.95456,-0.87285,-0.65978,-0.63613,-0.66666,-0.85315,-0.6824,-0.92111,-0.91743,-0.82579,-0.68679,-0.67488,-0.82055,-0.74197,-0.84828,-0.90231,-0.78769,-0.82597,-0.87151,-0.82495,-0.77067,-0.7102,-0.85266,-0.82249,-1.02462,-0.74052,-0.89157,-0.7622,-0.77259,-0.88923,-0.73911,-0.94337,-0.84783,-0.94295,-0.86308,-0.9543,-0.90526,-0.57115,-0.82934,-1.00949,-0.83722,-0.70373,-0.81157,-0.73383,-0.84044,-0.67246,-0.85106,-0.79228,-0.82574,-0.69467,-0.78929,-0.73738,-0.55845,-0.8985,-0.90804,-0.68185,-0.98404,-0.9035,-0.66192,-0.72083,after Th
-0.75623,-0.61032,-0.75568,-0.83236,-0.75435,-0.78375,-0.72238,-0.53824,-0.72077,-0.81395,-0.73471,-0.62801,-0.64005,-0.90631,-0.9097,-0.79942,-0.59827,-0.03939,-0.83879,-0.5163,-0.66461,-0.99074,-0.68444,-0.72836,-0.96771,-0.76688,-0.60302,-0.609,-0.92331,-0.97342,-0.74527,-0.6303,-0.80289,-0.95397,-0.79976,-0.47179,-0.69112,-0.79244,-0.68777,-0.96895,-0.80048,-0.82429,-0.60294,-0.56264,-0.57971,-0.80038,-0.59525,-0.93826,-0.832,-0.97796,-0.52752,-0.76297,-0.81949,-0.70977,-0.81726,-0.56545,-0.80659,-0.72715,-1.02234,-0.79172,-0.73313,-0.52179,-0.79378,-0.65879,-0.79919,-1.01783,-0.78872,-0.5294,-0.67529,-0.81212,-0.83735,-0.87959,-0.94365,-0.87767,-0.7374,-0.82505,-0.76647,-0.61936,-0.83294,-0.82609,-0.64075,-0.54454,-0.70101,-0.77123,-0.85241,-0.80638,-0.60588,-0.69655,-0.8841,-0.46181,-0.80518,-0.77504,-0.41489,-0.81385,-0.8736,-0.67306,-0.57192,-0.71441,-0.65286,-0.59535,after Th
-0.84406,-0.61315,-0.74851,-0.95607,-0.77165,-0.78136,-0.80683,-0.68362,-0.70775,-0.86951,-0.94341,-0.59925,-0.87826,-1.04063,-0.83047,-0.64447,-0.60022,-0.79061,-1.01144,-0.66372,-0.71278,-0.91314,-0.74953,-0.88335,-1.05901,-0.91622,-0.68133,-0.86111,-0.96257,-1.00626,-0.78086,-0.86786,-0.6476,-1.02361,-0.96658,-0.50929,-0.6894,-0.87344,-0.81096,-0.86849,-0.83609,-0.88801,-0.75115,-0.51037,-0.58277,-0.82508,-0.66368,-0.9249,-0.77973,-0.91576,-0.74773,-0.77842,-0.85857,-0.73855,-1.01343,-0.78629,-0.75821,-0.78991,-0.92109,-0.79576,-0.7925,-0.66927,-1.02405,-0.80715,-0.90077,-0.99912,-0.61401,-0.7603,-0.81802,-0.85053,-0.69268,-0.72818,-0.90735,-0.91104,-0.83264,-0.97347,-0.95132,-0.55974,-0.80367,-0.68876,-0.66374,-0.48454,-0.85166,-1.04161,-0.66299,-0.83047,-0.79078,-0.80292,-0.83446,-0.72752,-0.88681,-0.75327,-0.60652,-0.84761,-0.96835,-0.71289,-0.64345,-0.80589,-0.64333,-0.68454,after Th
-0.92057,-0.60738,-0.77499,-0.95064,-0.61811,-0.76817,-0.7084,-0.67863,-0.74751,-0.85427,-0.9141,-0.65293,-0.88081,-0.96349,-0.97113,-0.78561,-0.85304,-0.89441,-1.00874,-0.57458,-0.69243,-0.86663,-0.81526,-0.45001,-0.89942,-0.77877,-0.63786,-0.85624,-0.84577,-0.82808,-0.79671,-0.87259,-0.83219,-0.94199,-0.84712,-0.50712,-0.71491,-0.90787,-0.98864,-0.87751,-0.83609,-0.899,-0.66532,-0.85147,-0.72161,-0.80038,-0.64098,-0.86395,-0.94899,-0.79544,-0.78083,-0.79887,-0.85649,-0.67593,-1.01096,-0.51254,-0.86757,-0.85266,-0.93752,-0.75577,-0.79978,-0.67702,-0.77542,-0.97076,-1.00464,-0.89338,-0.76117,-0.73629,-0.79231,-1.0176,-0.8064,-0.83123,-0.8917,-0.8468,-0.76101,-0.67639,-0.90662,-0.51637,-0.74709,-0.77752,-0.84243,-0.70514,-0.84187,-0.85092,-0.91161,-0.82879,-0.83946,-0.74601,-0.92625,-0.6503,-0.81572,-0.66559,-0.51077,-0.86683,-1.0061,-0.72719,-0.87665,-0.65991,-0.81114,-0.72729,after Th
-0.06341,-0.37401,-0.22587,-0.06517,0.2143,-0.13882,-0.15801,-0.53832,-0.29971,0.44066,0.27686,-0.55364,-0.23702,0.40517,-0.47078,-0.14383,0.61356,-0.06863,0.3893,-0.1283,-0.56996,0.18681,0.54675,-0.90882,1.00023,0.16035,-0.49761,0.47577,0.82874,0.49071,-0.05269,0.67678,1.71406,0.56288,0.17981,-0.10395,-0.71834,0.70239,-0.03894,1.07423,0.19871,0.50027,-0.86337,0.11111,-0.11698,0.49893,0.09972,1.39053,0.2418,-0.77048,0.00313,-0.34566,0.05591,0.07873,-0.13402,-0.55318,0.02201,0.70809,0.95371,0.60443,-0.03714,-0.49156,0.3478,-0.31333,0.72046,0.33441,-0.3391,-0.66586,0.15898,0.47766,-0.66963,0.73336,0.45817,0.1991,0.22078,-0.01592,-0.00146,-0.20706,-0.21998,0.64322,0.62189,-0.56678,0.17271,0.49276,0.69984,-0.09529,-0.39682,0.13174,-0.20554,-0.24324,-0.09083,1.13353,-0.44906,-0.36241,-0.05201,0.36612,0.41207,-0.20238,-0.41932,-0.06359,after Th
-0.85963,-0.58407,-0.84259,-0.85587,-0.6814,-0.88898,-0.72698,-0.46787,-0.77335,-0.88406,-0.89361,-0.59477,-0.99657,-0.95129,-0.8452,-0.92597,-0.93193,-0.8194,-1.05808,-0.60549,-0.60373,-0.83858,-0.73537,-0.75588,-0.97434,-0.86665,-0.70933,-0.66474,-0.92457,-0.9193,-0.67839,-0.91222,-0.53553,-1.00373,-0.93558,-0.45537,-0.65197,-0.8858,-0.6361,-0.95168,-0.87096,-0.93575,-0.6882,-0.76648,-0.546,-0.86436,-0.61511,-0.9374,-0.85067,-0.59259,-0.74729,-0.9084,-0.89725,-0.6784,-0.87971,-0.78124,-0.87184,-0.84185,-0.96888,-0.89532,-0.71323,-0.5882,-0.91936,-0.76829,-0.87215,-0.92929,-0.75192,-0.55561,-0.76894,-0.89879,-0.7523,-0.79693,-0.7624,-0.96531,-1.01556,-0.84062,-0.96722,-0.57175,-0.58728,-0.7217,-0.79304,-0.66373,-0.84593,-0.81102,-1.04692,-0.69992,-0.67996,-0.70971,-0.85297,-0.59245,-0.81956,-0.64216,-0.58982,-0.73245,-0.94022,-0.73224,-0.83346,-0.75405,-0.59335,-0.61757,after Th
-0.88065,-0.62787,-0.78635,-0.93507,-0.79143,-0.81536,-0.65613,-0.68199,-0.70989,-0.80002,-0.87488,-0.64303,-0.93848,-0.91345,-0.87883,-0.86771,-0.7773,-0.93428,-0.90637,-0.57504,-0.61147,-0.91853,-0.82561,-0.66435,-0.93793,-0.76327,-0.72006,-0.95363,-0.95894,-0.99025,-0.82772,-0.86151,-0.79913,-0.96523,-0.86301,-0.50533,-0.69946,-0.85623,-0.89363,-0.9512,-0.90821,-0.89983,-0.71734,-0.73791,-0.68418,-0.76273,-0.62283,-0.83809,-0.86616,-0.93029,-0.53695,-0.68664,-0.97607,-0.74315,-0.57632,-0.88407,-0.77696,-0.81832,-0.81717,-0.76493,-0.65321,-0.67875,-0.73444,-0.87824,-0.81771,-0.77499,-0.82631,-0.77158,-0.82437,-0.77676,-0.64491,-0.73351,-0.8975,-0.97591,-0.85863,-0.86947,-0.93681,-0.63279,-0.75117,-0.84314,-0.92589,-0.5699,-0.69461,-0.78253,-0.92103,-0.94044,-0.76627,-0.81048,-0.82254,-0.65408,-0.79034,-0.73278,-0.57732,-0.87627,-0.8325,-0.57629,-0.88918,-0.68676,-0.66741,-0.50754,after Th
0.20925,-0.20289,0.09722,0.09848,-0.82654,0.83657,-0.13854,-0.53961,0.2624,0.44946,-0.02366,0.23229,-0.57893,-0.17029,0.89867,0.51368,0.88688,-0.14093,0.66933,-0.39679,0.83099,0.68187,1.35937,0.14685,0.30749,0.1924,-0.39584,-0.14755,0.32742,0.50426,0.53549,0.52815,0.45182,-0.31416,0.30434,-0.284,0.93041,0.42533,-0.01067,0.9434,0.50734,0.66813,0.37594,0.22079,0.36261,0.14559,-0.30473,0.41735,0.58835,0.66232,0.41544,-0.59524,0.09402,0.68987,0.73193,-0.12053,-0.03282,-0.81755,0.47129,0.78774,0.11914,0.00461,0.13762,0.23406,0.03673,0.46988,0.29994,0.47577,0.43689,0.56711,0.93586,0.20307,1.05658,0.42511,0.85247,0.74068,-0.09752,-0.41061,0.92125,0.05479,-0.07016,-0.46596,1.00925,0.45122,-0.17921,0.85104,0.48249,0.61003,1.80706,0.33716,0.41219,-0.04942,-0.31047,1.31489,0.79711,-0.41502,0.83172,0.51434,1.00889,-0.39116,after Th
-0.85669,-0.63749,-0.01057,-0.93461,-0.80119,-0.8858,-0.73049,-0.64629,-0.80252,-0.86081,-0.96118,-0.65685,-0.96632,-1.06848,-0.93759,-0.69424,-0.85127,-0.81569,-0.93586,-0.6606,-0.69872,-0.92169,-0.78039,-0.75099,-1.08517,-0.9315,-0.64732,-0.79985,-1.02448,-0.94048,-0.80907,-0.85311,-0.65205,-1.00451,-1.03444,-0.50107,-0.78299,-0.78626,-0.88857,-0.94182,-1.04414,-0.94405,-0.57132,-0.63558,-0.56763,-0.90063,-0.70238,-0.83938,-0.95376,-0.74314,-0.7456,-0.70662,-0.9304,-0.80126,-0.93358,-0.97297,-0.89044,-0.7944,-1.06524,-1.01846,-0.83777,-0.67111,-0.87089,-0.89667,-0.9987,-1.0469,-0.82012,-0.63848,-0.79752,-0.9078,-0.75313,-0.97632,-0.89811,-0.95164,-1.03774,-0.90398,-0.92046,-0.64379,-0.76163,-0.98289,-0.78435,-0.70811,-0.89856,-1.03226,-0.94302,-0.96877,-0.87482,-0.6854,-0.92121,-0.67687,-0.92383,-0.79588,-0.58701,-0.79362,-1.05523,-0.61425,-0.81003,-0.83296,-0.76372,-0.7129,after Th
-0.96017,-0.58513,-0.77465,-0.8137,-0.53796,-0.69255,-0.74415,-0.67812,-0.70152,-0.95025,-0.94814,-0.65325,-0.69538,-0.92508,-0.7351,-0.86794,-0.97907,-0.76694,-1.07429,-0.62042,-0.74544,-0.84936,-0.58975,-0.99614,-0.91317,-0.57424,-0.44308,-0.82736,-0.87941,-0.91908,-0.7204,-0.93601,-0.969,-0.59329,-0.98009,-0.4996,-0.83106,-1.00292,-0.78503,-1.04474,-0.92107,-0.80795,-0.43083,-0.61145,-0.6863,-0.77557,-0.80326,-0.89464,-0.90875,-0.72173,-0.63118,-0.56765,-0.69459,-0.72995,-0.94285,-0.75146,-0.78244,-0.82061,-0.9073,-0.43891,-0.75914,-0.71955,-0.83065,-0.83992,-0.85803,-1.07262,-0.84702,-0.5865,-0.71369,-0.81768,-0.63598,-0.99656,-0.85634,-0.99809,-1.0371,-0.66483,-0.78184,-0.6346,-0.67639,-0.86675,-0.66007,-0.77652,-0.74384,-0.90126,-0.98921,-0.8736,-0.8087,-0.6929,-1.01471,-0.70012,-0.75308,-0.78954,-0.57159,-0.75301,-0.91455,-0.6379,-0.77591,-0.75664,-0.64764,-0.7585,after Th
-0.92403,-0.61868,-0.72741,-1.02137,-0.78929,-0.86208,-0.74319,-0.6093,-0.82428,-0.83343,-1.02792,-0.55118,-0.9258,-0.93979,-0.99649,-0.85914,-0.70333,-0.80692,-1.01446,-0.6557,-0.68393,-0.8754,-0.8198,-0.69834,-0.98945,-0.75956,-0.72933,-0.86108,-0.87723,-0.99646,-0.78912,-0.93548,-0.74873,-0.93481,-0.98051,-0.50169,-0.5104,-0.93266,-0.84935,-0.94152,-1.01959,-0.91901,-0.68528,-0.70616,-0.61622,-0.86184,-0.63905,-0.95102,-0.86466,-0.92383,-0.75272,-0.88465,-0.85462,-0.72913,-0.93086,-0.91235,-0.88122,-0.86729,-0.96957,-0.71518,-0.77073,-0.78215,-0.9596,-0.97103,-0.99115,-1.02376,-0.85723,-0.7786,-0.92531,-0.92942,-0.71927,-0.8742,-0.93144,-0.97064,-0.8196,-0.8993,-0.93776,-0.61775,-0.80183,-0.86087,-0.81584,-0.66373,-0.84137,-0.91583,-0.95815,-0.92837,-0.84722,-0.78812,-0.90374,-0.77466,-0.85886,-0.77152,-0.41566,-0.91522,-1.02056,-0.68905,-0.84561,-0.83895,-0.66924,-0.74517,after Th
0.50439,-0.43739,-0.10582,0.42254,-0.42373,0.18813,-0.27111,-0.35397,-0.42716,0.36955,0.31652,-0.48885,-0.27864,0.36208,0.15419,0.2281,0.14069,-0.17748,0.85432,-0.29937,-0.04323,0.58422,0.41952,-0.03054,0.31657,-0.55068,0.34759,0.08633,-0.00816,0.59554,-0.72784,0.05329,0.26074,-0.32837,0.02639,-0.44491,0.42339,0.55665,1.08817,0.20904,0.10772,0.74656,1.07064,-0.20989,-0.67422,-0.48483,-0.2901,0.88273,0.15051,1.58856,0.41143,1.17378,0.65322,-0.15372,1.21555,0.25051,-0.03867,-0.77364,0.30976,0.42014,-0.48057,-0.16749,0.32758,-0.05974,0.26115,0.43973,0.23234,-0.61549,-0.04171,0.17432,0.4385,0.36116,0.49009,-0.24673,0.76542,0.07702,-0.4815,-0.11634,-0.68807,0.5041,0.1768,-0.35614,-0.80883,0.10778,0.44242,0.4476,0.37106,-0.58643,0.0235,0.3379,0.45422,-0.05506,-0.48782,0.28499,0.66664,-0.67801,0.8349,0.18815,0.05974,0.03216,after Th
0.7308,-0.59832,-0.57776,0.0468,0.73991,0.32904,0.4709,-0.38675,0.05579,0.04452,0.81734,0.24774,0.59177,0.41008,0.9162,-0.31984,0.34079,0.44203,0.70292,0.21486,-0.28916,0.13687,0.61946,-0.80853,0.83062,1.1347,-0.35915,0.95511,1.1573,0.93952,0.21927,0.10747,-0.23704,0.11539,0.4545,-0.40919,-0.07514,0.09626,1.79242,-0.09949,0.78203,0.69551,0.05504,1.26948,-0.63719,0.76334,0.13047,0.53839,0.82499,0.14727,0.11684,0.42279,0.7254,-0.02136,0.62772,1.92986,0.35766,-0.43731,0.73374,0.09416,0.554,0.53279,0.66379,0.45487,1.172,0.11399,0.92955,0.26625,0.92869,0.92871,0.51265,0.45298,-0.30901,0.81812,1.02585,0.92893,0.79334,0.8192,0.25246,0.60188,1.17271,-0.46321,0.883,0.67878,1.26412,0.91798,0.32272,0.39518,0.35574,0.69421,0.69734,-0.51205,-0.05713,1.05198,0.90523,0.59098,-0.06908,0.15517,0.34088,0.16674,after Th
-0.93843,-0.65138,-0.76043,-0.90902,-0.75298,-0.87326,-0.76291,-0.54245,-0.78618,-0.81887,-0.93976,-0.64133,-0.86041,-0.97438,-0.97063,-0.7897,-0.63697,-0.57405,-1.03458,-0.66728,-0.74364,-0.85601,-0.83174,-0.97488,-0.84911,-0.7534,-0.73675,-0.90983,-1.01494,-0.95182,-0.75695,-1.02441,-0.87802,-0.76115,-1.05701,-0.49271,-0.81716,-0.78553,-0.96281,-0.95241,-0.967,-0.99444,-0.73308,-0.54739,-0.65139,-0.90639,-0.7278,-0.91732,-0.94572,-0.98786,-0.78003,-0.85636,-0.92563,-0.79537,-0.99455,-1.03699,-0.84379,-0.71759,-0.97875,-0.95179,-0.75045,-0.65492,-0.92413,-0.87243,-0.94544,-0.96909,-0.89607,-0.50129,-0.88648,-0.89929,-0.77722,-0.92227,-1.01383,-0.99166,-0.85641,-0.79571,-0.92856,-0.64705,-0.91315,-0.92325,-0.69903,-0.76514,-0.91682,-0.72263,-0.96801,-0.98925,-0.83156,-0.83449,-0.92366,-0.77558,-0.79383,-0.91959,-0.51026,-0.81218,-1.01241,-0.66717,-0.61858,-0.79354,-0.70833,-0.73226,after Th
-0.8873,-0.44849,-0.67827,-0.72507,-0.5479,-0.84861,-0.78698,-0.64104,-0.72599,-0.74938,-0.86839,-0.46475,-0.96921,-1.01793,-0.82075,-0.52857,-0.95513,-0.74398,-1.02708,-0.70925,-0.54658,-0.89201,-0.67598,-0.98591,-1.02822,-0.68919,-0.69488,-1.07379,-0.93982,-1.07864,-0.55802,-0.94677,-0.56141,-0.59412,-0.95193,-0.47156,-0.80482,-0.98754,-0.78307,-0.83667,-0.96912,-0.89827,-0.83786,-0.69742,-0.03335,-0.90826,-0.49232,-0.56582,-0.71852,-0.80222,-0.66659,-0.80993,-0.79719,-0.87217,-0.84582,-0.56362,-0.68695,-0.76102,-0.74508,-0.67072,-0.48772,-0.72232,-1.06456,-0.85563,-1.09164,-0.71541,-0.67717,-0.7133,-0.59371,-1.00053,-0.52101,-0.98214,-1.10277,-0.72841,-0.67301,-0.64451,-0.90423,-0.62638,-0.66749,-0.65293,-0.9181,-0.78246,-0.85706,-0.95823,-0.87686,-1.08393,-0.68058,-0.60057,-0.73244,-0.5346,-0.81659,-0.67164,-0.55297,-0.7139,-0.96695,-0.55441,-0.77215,-0.63107,-0.6123,-0.36693,after Th
0.61998,0.15673,-0.21188,0.81812,-0.70417,-0.76785,-0.5436,0.51584,-0.47379,-0.15169,0.10533,-0.51465,1.44152,-0.49832,-0.18308,-0.77334,-0.28726,-0.8015,-0.23382,-0.66244,0.09125,-0.44107,0.71224,0.58951,-0.06315,-0.6047,-0.21353,-0.54661,0.09393,0.6361,0.59261,-0.96955,-0.52082,1.23723,-0.50172,-0.30801,-0.02389,-0.9487,-0.35011,0.19767,0.89357,0.20712,-0.01215,-0.57762,0.01868,-0.03609,-0.63236,-0.09691,1.20392,0.50767,-0.39246,-0.38094,-0.07751,0.38177,-0.16588,-0.59763,0.65424,2.38717,-1.01574,-0.76952,0.57963,-0.29386,-0.34492,0.4556,1.1657,-0.61104,1.45386,0.19348,-0.56834,0.03622,0.19911,1.15932,-0.13356,1.28057,-0.82556,1.22339,0.13988,0.25112,0.97803,0.24925,-0.31975,-0.17815,-0.8207,-0.62706,1.63485,-0.1137,-0.50633,-0.73455,1.53346,-0.50397,0.18402,0.7785,-0.26801,-0.14597,1.1241,-0.16202,0.591,0.83188,-0.59555,-0.2989,after Th
-0.95491,-0.65228,-0.7787,-0.91962,-0.81969,-0.83893,-0.74045,-0.68121,-0.79435,-0.86359,-0.951,-0.57856,-0.98671,-0.90926,-0.94695,-0.91262,-0.82621,-0.71716,-0.9856,-0.68875,-0.69598,-0.81315,-0.90814,-0.76725,-0.89083,-0.80944,-0.75075,-0.88397,-0.98977,-0.92383,-0.7799,-0.98488,-0.77108,-0.94277,-0.98128,-0.48256,-0.80196,-0.82989,-0.88969,-0.87896,-0.94828,-0.91787,-0.71166,-0.71434,-0.6056,-0.95838,-0.73302,-0.86085,-0.91861,-0.78727,-0.72122,-0.80525,-0.97668,-0.75819,-0.93052,-0.90804,-0.84012,-0.83267,-0.7961,-0.86079,-0.82804,-0.58199,-0.8819,-0.88269,-0.90086,-0.77187,-0.89469,-0.61857,-0.9188,-0.9212,-0.78345,-0.71469,-0.9201,-0.94834,-0.86332,-0.89816,-0.85694,-0.63553,-0.84686,-0.91097,-0.92383,-0.72856,-0.85249,-0.79602,-0.96827,-0.91823,-0.79758,-0.7493,-0.90784,-0.76479,-0.8935,-0.6938,-0.55323,-0.9911,-1.01966,-0.60453,-0.84734,-0.76581,-0.77186,-0.73533,after Th
-0.8534,-0.62667,-0.61866,-0.89545,-0.93135,-0.78281,-0.70777,-0.56904,-0.68251,-0.8494,-0.91222,-0.5573,-0.85504,-0.88557,-0.91608,-0.96339,-0.66602,-0.88371,-0.88907,-0.60736,-0.66862,-0.82061,-0.79687,-0.65946,-1.0185,-0.76019,-0.62961,-0.26468,-0.87075,-0.69489,-0.69143,-0.9779,-0.65444,-0.62599,-0.82108,-0.49007,-0.70632,-0.7739,-0.68711,-0.85093,-0.96861,-1.05516,-0.45911,-0.6249,-0.46556,-0.96289,-0.64348,-0.793,-0.87192,-0.93255,-0.78528,-0.8034,-0.81477,-0.77613,-0.89141,-0.83655,-0.89247,-0.75671,-0.94983,-0.83564,-0.69971,-0.57768,-0.73557,-0.86525,-0.90525,-0.68837,-0.84684,-0.67347,-0.707,-0.90735,-0.5612,-0.99876,-0.91174,-0.70889,-0.95935,-0.69704,-0.79864,-0.6388,-0.73962,-0.93531,-0.71609,-0.53875,-0.86079,-0.97943,-1.02484,-0.89755,-0.81817,-0.72627,-0.95772,-0.69458,-0.81176,-0.73099,-0.44511,-0.78293,-0.99001,-0.72083,-0.87135,-0.66893,-0.71245,-0.73469,after Th
-0.85216,-0.6227,-0.74644,-0.93741,-0.77542,-0.84155,-0.69813,-0.56379,-0.7122,-0.83851,-0.85789,-0.64763,-1.01297,-0.92314,-0.87897,-0.84456,-0.75011,-0.81695,-0.91047,-0.66459,-0.64768,-0.73249,-0.74784,-0.74121,-0.99074,-0.6168,-0.66503,-0.67676,-0.85226,-0.90327,-0.75818,-0.8676,-0.70233,-1.01002,-0.88433,-0.48783,-0.51726,-0.90875,-0.89044,-0.98182,-0.8861,-0.91849,-0.69811,-0.60119,-0.55091,-0.80258,-0.69398,-0.85084,-0.80326,-0.8103,-0.77282,-0.66312,-0.83216,-0.72281,-0.90808,-0.86292,-0.73661,-0.82951,-0.89683,-0.70116,-0.7659,-0.63806,-0.88654,-0.81695,-0.81592,-0.9348,-0.83165,-0.53921,-0.80551,-1.02388,-0.86311,-0.75318,-0.9388,-0.9009,-0.77405,-0.87283,-0.84408,-0.63448,-0.79973,-0.75596,-0.80579,-0.77086,-0.72333,-0.78873,-0.89983,-0.88837,-0.80444,-0.79732,-0.75971,-0.59383,-0.77689,-0.52622,-0.60295,-0.93644,-0.93921,-0.74626,-0.94153,-0.72906,-0.70156,-0.60974,after Th
-0.97689,-0.57153,-0.58051,-0.9263,-0.561,-0.71444,-0.57743,-0.49316,-0.68137,-0.94271,-0.89309,-0.54922,-0.97149,-0.93588,-0.82355,-0.80598,-0.4972,-0.87654,-0.94244,-0.67062,-0.60318,-0.70466,-0.91396,-0.27774,-0.97626,-0.85922,-0.70638,-0.89746,-0.8934,-1.04245,-0.80408,-0.84728,-0.7143,-0.96807,-0.78992,-0.47884,-0.78234,-0.88602,-0.97161,-0.78566,-0.75081,-0.9624,-0.83058,-0.82097,-0.69945,-0.98462,-0.81223,-0.5916,-0.86075,-0.85506,-0.51898,-0.66312,-1.01829,-0.72191,-0.73454,-0.30281,-0.78971,-0.53842,-0.87769,-0.99211,-0.90146,-0.53274,-0.80605,-1.0384,-0.86809,-0.96759,-0.55956,-0.2922,-0.8248,-0.75752,-0.46078,-0.86326,-0.80782,-0.7397,-0.4865,-1.05248,-0.79651,-0.58383,-0.72373,-0.9905,-0.80721,-0.74425,-0.54338,-0.8731,-0.74217,-1.05003,-0.66781,-0.87927,-1.01051,-0.70722,-1.01652,-0.59461,-0.30155,-0.72844,-0.96987,-0.60247,-0.72597,-0.53723,-0.80153,-0.44511,after Th
0.37176,-0.36093,-0.021,1.03777,-0.19741,-0.02209,-0.02697,-0.10157,0.1233,0.56388,0.51811,-0.33069,0.00787,1.60149,0.06307,-0.19823,0.05177,0.56348,0.12547,-0.10033,-0.16079,0.28936,-0.09288,-0.0045,0.41405,0.47356,0.18638,0.13994,0.75507,0.6097,0.02751,0.26886,0.06099,1.27077,0.31568,-0.34094,-0.19243,0.39201,-0.77811,0.28868,0.4551,0.54349,-0.09361,-0.04281,-0.39972,-0.0003,-0.4913,0.64599,0.34107,0.01996,0.62987,0.42778,0.15075,0.39983,-0.09063,0.11881,0.41999,0.525,0.37502,0.00884,0.07986,0.43812,0.36,0.76411,0.01867,0.64072,0.28445,-0.5499,-0.03658,0.55343,0.072,0.02744,0.99828,0.38364,0.18922,0.11635,0.79289,0.35509,0.41607,0.88642,0.4846,0.04832,-0.72873,1.31849,0.22459,0.00339,0.73275,0.2228,0.22598,0.64162,0.22187,0.67884,-0.02768,0.25198,0.38067,0.16801,0.44688,-0.33719,-0.61743,0.09162,after Th
-0.75816,-0.59654,-0.82566,-0.9268,-0.80479,-0.78655,-0.75149,-0.64801,-0.70188,-0.80185,-0.90175,-0.58581,-0.65218,-0.75844,-0.86423,-0.79471,-0.74927,-0.58731,-1.02073,-0.60263,-0.63554,-0.97789,-0.50691,-0.59203,-0.94026,-0.70638,-0.71732,-0.76728,-0.92056,-0.91658,-0.76685,-0.89054,-0.8648,-0.93096,-0.94101,-0.49805,-0.7503,-0.92273,-0.77436,-0.85502,-0.81481,-0.91794,-0.65759,-0.68314,-0.57639,-0.83986,-0.79918,-0.91706,-0.81261,-0.8189,-0.65253,-0.60854,-0.82446,-0.68531,-0.82985,-0.70875,-0.71493,-0.82272,-0.91764,-0.81736,-0.8039,-0.66225,-0.90583,-0.82077,-0.85076,-0.93175,-0.77594,-0.60393,-0.89187,-0.90001,-0.72934,-0.81852,-0.96646,-0.92992,-0.93209,-0.88726,-0.87535,-0.33632,-0.72869,-0.77647,-0.68905,-0.57198,-0.80186,-0.6948,-0.83244,-0.86226,-0.80348,-0.62997,-0.83163,-0.71682,-0.87505,-0.79507,-0.49789,-0.66643,-0.8715,-0.56591,-0.73734,-0.78297,-0.81654,-0.69364,after Th
-0.81937,-0.51101,-0.8194,-0.77847,-0.75572,-0.72346,-0.57009,-0.65239,-0.60323,-0.7764,-0.87866,-0.45226,-0.80026,-0.52586,-0.72348,-0.82488,-0.72022,-0.6679,-0.90332,-0.61416,-0.59147,-0.91118,-0.81959,-0.67822,-0.91806,-0.75797,-0.71438,-0.89996,-0.96465,-1.10852,-0.63849,-0.73462,-0.81292,-0.74154,-0.80907,-0.50464,-0.6572,-0.92067,-0.74684,-0.7773,-0.75574,-0.78321,-0.67945,-0.7931,-0.58635,-0.72873,-0.6521,-0.88783,-0.75162,-0.77328,-0.54015,-0.65935,-0.83753,-0.73891,-0.79519,-0.61421,-0.67023,-0.70735,-0.95555,-0.95359,-0.75888,-0.55115,-0.80041,-0.86525,-0.8871,-0.9387,-0.79563,-0.74859,-0.71464,-0.8656,-0.55487,-0.75276,-0.9832,-0.91133,-0.8801,-0.67795,-0.95612,-0.43364,-0.77609,-0.663,-0.8499,-0.75064,-0.6903,-0.88886,-0.90106,-0.83961,-0.72967,-0.77012,-0.8451,-0.67318,-0.67122,-0.65195,-0.29645,-0.73128,-0.74075,-0.48747,-0.73397,-0.67004,-0.50629,-0.45442,after Th
-0.90017,-0.64585,-0.65406,-0.90025,-0.72001,-0.75737,-0.71338,-0.52852,-0.69715,-0.87432,-0.7245,-0.58171,-0.93455,-1.01428,-0.8396,-0.79294,-0.69489,-0.91273,-0.89537,-0.62188,-0.61468,-0.94963,-0.57602,-0.70357,-1.10894,-0.85137,-0.68113,-0.44497,-0.80052,-0.85292,-0.75442,-0.69393,-0.6834,-1.04551,-0.86456,-0.42693,-0.65785,-0.94973,-0.82388,-0.84515,-1.02169,-0.80525,-0.69592,-0.64168,-0.60082,-0.78243,-0.53737,-0.85352,-0.8568,-0.55234,-0.73145,-0.62891,-0.65759,-0.70573,-0.64855,-0.6721,-0.79406,-0.91464,-0.99877,-0.75299,-0.73152,-0.52,-0.81805,-0.851,-0.84875,-0.90837,-0.70269,-0.38796,-0.67555,-0.91458,-0.82458,-0.73315,-0.92786,-0.80376,-0.99091,-0.8548,-1.01521,-0.63156,-0.79946,-0.88915,-0.78345,-0.75644,-0.62829,-1.02205,-0.69238,-0.86663,-0.83197,-0.569,-0.92555,-0.5978,-0.85496,-0.85972,-0.3593,-0.83566,-0.76178,-0.65632,-0.84609,-0.60364,-0.54849,-0.53028,after Th
-0.88023,-0.55187,0.14896,0.251,-0.69535,0.28419,-0.36705,-0.27207,0.15788,0.38945,0.21205,-0.64114,0.75825,0.92177,0.51823,-0.26436,0.09577,-0.84095,0.20545,0.22452,0.17401,0.86082,-0.23427,-0.39008,0.35799,0.63691,-0.47357,0.24264,0.22191,0.41751,0.41847,1.04096,0.00136,0.12291,-0.00192,-0.42771,-0.16415,-0.20971,-0.04156,-0.15543,0.81521,-0.5029,-0.82839,0.49825,0.27567,0.52399,1.38433,1.23017,-0.25112,0.25435,0.03729,0.67284,0.76869,0.31349,0.12599,1.3476,-0.08353,0.69479,0.5169,0.30038,0.21715,0.06752,0.36749,0.06864,0.82205,0.28303,0.79243,0.33975,0.18947,0.37047,-0.11099,-0.4836,0.02394,0.50684,0.52478,0.23576,-0.46708,-0.26593,0.17082,0.89019,-0.08426,-0.11919,0.17346,0.95982,0.10028,0.37677,0.17078,0.63543,0.19372,0.30543,0.53683,-0.41234,-0.45467,0.30187,0.10059,0.29638,-0.62561,0.12995,0.228,0.06686,after Th
-0.90222,-0.54496,-0.76389,-0.84948,-0.65425,-0.85268,-0.776,-0.58091,-0.73873,-0.87972,-0.92367,-0.52626,-0.99057,-0.82291,-0.85854,-0.87697,-0.72969,-0.74302,-0.95144,-0.6013,-0.79631,-0.95823,-0.86704,-0.76475,-1.03602,-0.74544,-0.72454,-0.46761,-0.951,-0.90435,-0.69676,-0.84571,-0.61648,-0.89152,-0.75674,-0.4879,-0.76975,-0.90169,-0.87144,-0.95475,-0.94344,-0.91768,-0.57671,-0.69909,-0.60998,-0.74823,-0.69091,-0.75696,-0.82033,-0.65296,-0.55573,-0.5409,-0.83013,-0.78826,-0.75751,-0.6585,-0.6376,-0.9157,-0.98945,-0.81534,-0.70943,-0.60581,-0.90079,-0.86625,-0.84239,-0.92653,-0.89451,-0.54682,-0.72298,-0.83441,-0.59454,-0.67797,-1.0197,-0.92749,-0.97955,-0.79071,-0.89293,-0.59854,-0.76754,-0.82709,-0.72858,-0.65912,-0.63684,-1.16686,-0.96836,-0.87461,-0.75631,-0.85583,-0.71068,-0.73794,-0.71925,-0.75978,-0.32437,-0.77382,-0.82969,-0.55264,-0.79933,-0.67411,-0.80281,-0.63535,after Th
-0.44039,-0.14107,0.5484,-0.27634,-0.60887,0.52117,0.65077,0.29157,0.07832,-0.46205,0.30329,-0.39106,-0.43547,0.17449,1.21452,-0.52217,-0.90566,0.55832,0.33511,-0.0886,-0.56552,-0.6612,-0.77827,0.6483,0.48557,1.39559,0.6318,-0.53162,-0.00511,0.0172,0.34633,0.46405,-0.71305,0.34337,1.17739,-0.38432,0.30503,0.86667,0.4736,0.34758,0.38581,0.70825,-0.71734,-0.38849,-0.37755,-0.46643,-0.2413,0.95179,0.54248,-0.3567,0.7289,-0.18162,1.42957,0.65944,0.68497,-0.36625,-0.33232,0.43518,-0.32128,-0.02723,-0.3029,-0.60784,1.52644,0.90538,0.759,-0.72943,0.28559,0.08483,1.50155,1.24616,0.4143,-0.18398,0.4826,0.36928,-0.28895,0.65364,0.6486,-0.33493,0.1279,0.42824,0.07692,-0.20566,-0.34474,-0.60151,1.16629,0.62086,0.70344,-0.59779,0.15529,-0.57317,0.27543,0.96054,-0.51638,0.8571,1.41537,0.59743,0.40803,-0.82645,0.14415,0.0073,after Th
-0.82574,-0.58914,-0.71008,-0.85679,-0.78903,-0.82659,-0.69628,-0.67381,-0.63834,-1.06383,-0.70395,-0.39769,-0.78014,-0.74427,-0.48433,-0.8762,-0.86417,-0.85492,-0.86537,-0.51791,-0.60185,-0.93487,-0.69617,-0.56212,-1.06216,-0.53741,-0.5414,-0.38543,-0.82506,-1.09834,-0.79732,-0.52562,-0.90789,-0.76165,-0.66073,-0.50518,-0.41427,-0.85623,-0.87799,-1.03975,-0.77406,-0.99954,-0.64185,-0.35202,-0.4633,-0.72297,-0.58231,-0.65704,-0.57751,-0.51876,-0.54532,-0.89526,-0.84853,-0.69548,-0.53871,-0.38582,-0.68718,-0.96199,-1.03156,-1.01737,-0.65386,-0.70663,-0.66529,-0.73388,-0.88592,-0.97401,-0.77936,-0.71769,-0.68771,-0.6982,-0.8037,-0.89564,-1.01188,-1.07374,-0.86237,-0.79588,-0.94819,-0.57108,-0.42326,-0.62796,-0.63328,-0.49183,-0.94488,-1.08336,-0.8334,-0.75983,-0.81735,-0.71316,-0.74195,-0.46845,-0.6424,-0.7725,-0.29479,-0.65883,-0.73155,-0.45316,-0.78265,-0.39665,-0.78944,-0.75924,after Th
-0.03094,-0.4188,-0.24071,-0.40635,0.86981,-0.11969,0.13414,-0.64242,0.57215,0.09799,0.14308,0.27872,1.23025,-0.16036,0.66675,0.13002,-0.80663,0.45511,0.32744,-0.2235,-0.24803,0.75838,-0.36457,0.87742,0.282,-0.29552,-0.51858,0.50537,0.46324,1.74804,-0.67825,0.42163,0.59616,0.67369,0.45745,-0.43499,-0.01784,0.71107,-0.39354,0.41098,-0.1601,-0.05501,1.74727,-0.00384,-0.53339,0.68914,0.19152,0.10871,-0.4023,0.28319,-0.74515,-0.02789,-0.34981,0.25549,0.59114,-0.11737,-0.43096,0.05408,-0.06031,0.09793,-0.01686,-0.59805,0.33739,0.71663,0.20053,0.85437,-0.09691,-0.52105,0.03631,0.87895,0.58888,-0.3993,0.40075,0.30962,0.58894,0.27018,-0.08946,-0.00195,0.15207,-0.44409,0.27358,0.61999,0.8136,1.32077,0.70529,-0.00344,0.03388,-0.10753,0.20762,-0.61302,-0.24884,0.30844,0.23356,0.74721,0.15471,-0.36154,0.1353,0.23474,-0.47169,-0.63746,after Th
-0.91163,-0.64649,-0.80512,-0.88209,-0.75735,-0.8625,-0.73247,-0.56602,-0.74043,-0.79127,-0.8782,-0.6477,-0.93752,-0.76025,-0.94898,-0.85706,-0.69544,-0.66296,-1.03426,-0.57852,-0.66191,-0.90116,-0.63001,-0.65116,-0.89748,-0.6825,-0.72793,-0.82339,-0.93658,-0.92484,-0.75469,-0.87374,-0.88509,-0.9757,-1.01819,-0.45234,-0.70755,-0.84159,-0.7987,-0.89237,-0.98623,-0.95322,-0.70292,-0.53658,-0.67091,-0.83361,-0.60864,-0.9299,-0.87901,-0.89832,-0.61925,-0.86159,-0.95564,-0.7413,-0.89531,-0.73886,-0.81664,-0.69444,-0.9937,-0.79489,-0.79784,-0.77175,-0.78357,-0.83838,-0.96116,-0.88553,-0.75582,-0.70539,-0.83939,-0.75268,-0.68136,-0.89522,-0.92942,-0.84808,-0.84917,-0.85284,-0.92408,-0.5501,-0.82364,-0.74657,-0.83619,-0.62648,-0.76135,-0.72937,-0.86921,-1.01796,-0.92247,-0.76683,-0.86856,-0.66985,-0.82928,-0.77331,-0.60486,-0.80031,-1.00115,-0.74608,-0.76925,-0.78149,-0.69689,-0.63291,after Th
-0.4991,-0.31462,-0.2457,1.04499,-0.65023,-0.30821,0.65358,-0.58512,-0.02656,-0.18777,-0.2689,0.06145,-0.26252,0.09029,-0.15967,1.42661,0.26598,-0.82297,0.47468,-0.07579,-0.00587,0.82668,-0.77003,0.3555,0.81006,-0.45727,-0.54472,-0.34302,1.01233,0.67594,0.50796,0.09377,-0.84416,0.13701,0.7323,-0.34102,-0.07661,0.64582,1.38923,0.05517,0.78027,0.36291,-0.61242,-0.73458,-0.58954,2.24437,-0.40131,-1.01379,0.76428,1.11452,-0.0717,-0.57633,0.32192,-0.41706,-0.21777,-0.7265,1.66802,-1.00944,0.26257,-0.40164,1.11199,-0.66385,1.37024,0.68685,0.32077,0.23244,-0.44813,-0.36731,0.47842,-0.26044,0.24917,1.21677,0.34629,1.01007,1.22666,0.76412,0.32669,-0.5501,0.76605,0.37117,0.25368,0.37077,2.12136,-0.03639,-0.88223,0.53396,0.73481,1.36465,1.13703,-0.15717,0.78264,0.43843,0.07304,0.4284,0.71779,-0.57573,-0.811,0.63244,-0.25692,-0.09999,after Th
-1.06323,-0.63827,-0.81274,-0.79554,-0.84923,-0.76691,-0.66162,-0.6536,-0.76041,-0.93386,-0.77478,-0.55717,-0.70289,-0.93134,-0.76927,-0.62657,-0.87754,-0.8781,-0.95626,-0.60759,-0.66785,-0.8938,-0.70589,-0.99683,-1.05274,-0.84489,-0.69622,-0.75326,-0.81818,-1.05205,-0.76125,-0.82749,-0.80072,-0.89904,-0.86808,-0.4838,-0.64968,-0.99247,-0.85852,-0.8339,-0.88516,-0.77035,-0.63326,-0.66622,-0.51361,-0.75168,-0.78749,-0.96663,-0.78223,-0.80093,-0.51106,-0.90264,-0.71953,-0.63521,-0.76932,-0.57159,-0.67473,-0.94344,-0.8151,-0.62822,-0.79578,-0.62643,-0.80625,-0.83538,-0.82251,-0.86844,-0.74916,-0.47493,-0.69683,-0.86771,-0.82956,-0.79714,-0.85276,-0.8497,-0.98543,-0.68909,-1.05724,-0.49559,-0.69194,-0.99947,-0.78113,-0.73525,-0.63427,-0.89756,-0.74182,-0.67664,-0.76112,-0.61681,-0.7704,-0.57704,-0.66318,-0.76433,-0.60104,-0.88313,-0.85092,-0.73963,-0.84493,-0.6449,-0.61669,-0.6491,after Th
0.01092,-0.52789,-0.32216,0.25033,0.09785,-0.04412,0.03533,-0.38468,-0.48197,0.3617,0.1232,-0.34501,-0.28905,-0.20559,0.09308,0.33119,0.35016,0.52574,0.98287,-0.43281,-0.47387,0.03514,-0.0355,0.4683,1.35517,0.12341,0.15128,-0.26096,0.3192,0.5152,-0.36065,0.63404,0.37281,0.36114,0.37976,-0.21249,-0.70371,0.30461,-0.38793,0.93708,-0.21889,0.48138,0.12703,0.22287,-0.08486,-0.2964,0.36958,0.00189,-0.15267,0.36723,-0.4655,-0.06063,-0.07284,-0.13133,0.50452,-0.06712,-0.10918,0.51678,1.09195,0.11528,0.68286,-0.47451,0.62487,0.13356,0.19441,0.30371,0.42578,0.44063,-0.42118,0.26962,-0.46254,-0.70397,0.32672,0.34999,0.54537,-0.16516,0.54214,-0.45705,-0.28104,-0.32721,0.19283,0.19694,-0.24713,0.26542,0.34978,0.47328,-0.48614,-0.04578,0.27907,-0.17433,-0.23888,0.13901,-0.51064,0.24221,-0.06172,0.11135,0.84117,-0.03067,0.40011,-0.02286,after Th
-0.90042,-0.64014,-0.77887,-0.78869,-0.53651,-0.93448,-0.63194,-0.66805,-0.80939,-0.80902,-0.94564,-0.62253,-0.91512,-1.04453,-0.91296,-0.87512,-0.7916,-0.70226,-0.98725,-0.66981,-0.73321,-0.84087,-0.67672,-0.94066,-0.88335,-0.74608,-0.74736,-0.76909,-0.89287,-0.77405,-0.64662,-0.90829,-0.95475,-0.90979,-0.50038,-0.50324,-0.70722,-0.92678,-0.62355,-0.94362,-0.96148,-0.86044,-0.77068,-0.45796,-0.54825,-0.70205,-0.60297,-1.1694,-0.84595,-0.89908,-0.25001,-0.85944,-0.9268,-0.67404,-1.09894,-0.91368,-0.74283,-0.70659,-0.59407,-0.81022,-0.63737,-0.6351,-1.03247,-0.67277,-0.93908,-0.67722,-0.79125,-0.36014,-0.5031,-0.87916,-0.65592,-0.36528,-0.70552,-0.88155,-1.1364,-0.80965,-0.92913,-0.51457,-0.80455,-0.73812,-0.71899,-0.65354,-0.62306,-0.91746,-0.85346,-0.91501,-0.74402,-0.67676,-0.82179,-0.36429,-0.73613,-0.84187,-0.47507,-0.78042,-0.99706,-0.71046,-0.76781,-0.53634,-0.75905,-0.55589,after Th
0.03241,-0.21289,-0.40169,-0.72453,-0.04918,0.19501,-0.12067,0.36073,0.63283,-0.05036,0.39416,-0.42387,0.59729,0.37957,0.55235,0.01659,-0.87178,0.38857,0.0206,0.22915,0.21876,-0.38492,-0.57316,-0.09421,-0.04841,-0.27896,0.23892,0.69494,0.44166,0.02521,0.47517,0.70754,1.46334,0.5309,0.75062,-0.37448,0.40679,1.29491,0.5117,0.62771,1.13872,0.28493,-0.47834,-0.05445,-0.51985,0.84641,-0.00106,-0.41719,0.30047,-0.49337,-0.56978,0.14384,-0.04806,0.51193,0.50305,0.07063,0.66024,0.7959,0.93494,-0.1886,0.41375,0.09497,0.12529,-0.65915,0.75411,-0.20779,-0.31028,-0.50714,1.40051,0.20151,0.82297,0.67818,0.8341,0.96715,-0.6478,-0.22949,0.9636,-0.34506,-0.5089,0.06481,0.67997,0.7968,0.49552,0.08527,-0.33247,0.72919,0.92404,0.15961,-0.05845,-0.64079,0.42738,0.72686,-0.41515,-0.36375,0.90363,-0.3663,-0.63921,0.22764,0.54054,0.13204,after Th
-0.81508,-0.57886,-0.71192,-0.84168,-0.9132,-0.72103,-0.50702,-0.40464,-0.82569,-0.7222,-0.9617,-0.17998,-0.70999,-0.9433,-0.67969,-0.35897,-0.54463,-0.86655,-0.98053,-0.5707,-0.75767,-0.79468,-0.86598,-0.43466,-1.02565,-0.97258,-0.71016,-0.93624,-0.99389,-0.94303,-0.40554,-0.82828,-0.45811,-0.78182,-0.9995,-0.21234,-0.75103,-0.87822,-0.80207,-0.93634,-0.7899,-0.84162,-0.84632,-0.73347,-0.09866,-0.98032,-0.79872,-1.07259,-0.532,-0.86981,-0.29966,-0.5246,-1.09093,-0.82018,-0.79471,-0.79848,-0.35902,-0.61495,-0.57354,-0.57475,-0.85,-0.72626,-0.76282,-0.98374,-1.07765,-0.70833,-0.83501,-0.44184,-0.95338,-0.88028,-0.48175,-0.98214,-0.69074,-0.76438,-0.81825,-0.6264,-1.05588,-0.63156,-0.60616,-0.98719,-0.60308,-0.74313,-0.94687,-1.0265,-1.12416,-1.01974,-0.74945,-0.60524,-0.52685,-0.83297,-0.83231,-0.90917,-0.55667,-0.32313,-0.93297,-0.50075,-0.86161,-0.63433,-0.04398,-0.60519,after Th
-0.90156,-0.65266,-0.79751,-0.80765,-0.76112,-0.7939,-0.70432,-0.68422,-0.75507,-0.814,-0.80169,-0.62789,-0.62703,-0.7676,-0.84294,-0.90143,-0.74927,-0.61696,-0.9813,-0.58491,-0.76797,-0.86902,-0.85066,-0.85367,-0.97918,-0.76455,-0.61357,-0.73834,-0.94626,-0.89953,-0.72955,-0.77788,-0.88099,-0.74187,-0.91249,-0.47713,-0.75896,-0.98556,-0.78531,-1.04402,-0.79475,-0.89527,-0.63632,-0.60507,-0.70741,-0.89888,-0.61704,-0.94964,-0.88537,-0.96537,-0.58251,-0.62023,-0.96841,-0.74876,-0.82525,-0.68777,-0.68995,-0.87944,-0.82935,-0.62871,-0.74781,-0.75138,-0.92075,-0.62402,-0.85053,-0.90465,-0.76207,-0.55473,-0.76164,-0.96034,-0.82437,-0.76881,-0.89952,-0.99502,-0.8126,-0.95339,-0.79342,-0.52159,-0.7602,-0.65817,-0.69722,-0.65979,-0.85755,-0.47029,-0.92868,-0.96809,-0.76434,-0.72108,-0.90671,-0.66653,-0.78411,-0.83307,-0.52224,-0.88772,-0.88236,-0.59032,-0.45585,-0.78822,-0.70229,-0.68021,after Th
-0.83862,-0.61956,-0.80881,-0.87929,-0.91885,-0.81817,-0.65338,-0.66581,-0.76348,-0.95884,-0.87905,-0.60915,-0.80542,-1.01371,-0.73618,-0.62341,-0.82092,-0.85069,-1.08771,-0.53033,-0.67905,-0.53828,-0.75883,-0.83104,-0.98546,-0.76826,-0.71578,-0.86136,-0.86286,-0.92368,-0.74786,-1.00788,-0.75637,-0.96952,-1.0009,-0.491,-0.82443,-0.88999,-0.72213,-0.85405,-0.93488,-0.91532,-0.62305,-0.5442,-0.64024,-0.75449,-0.63361,-0.85567,-0.90171,-0.72818,-0.68536,-0.79448,-0.88589,-0.67671,-0.94068,-0.69109,-0.73113,-0.73739,-0.87303,-0.78294,-0.62295,-0.67431,-0.84344,-0.60677,-0.9683,-0.96879,-0.85483,-0.76499,-0.85634,-0.88517,-0.81752,-0.85119,-0.73845,-0.82375,-0.66283,-1.01592,-0.82198,-0.50347,-0.7909,-1.00529,-0.78474,-0.58231,-0.85498,-0.82831,-0.82909,-0.85336,-0.88711,-0.73095,-0.77761,-0.70685,-0.77927,-0.65679,-0.59441,-0.95658,-0.95596,-0.75524,-0.79943,-0.69356,-0.46052,-0.71047,after Th
-0.7259,-0.20185,-0.43871,-0.59715,-0.60099,-0.65168,-0.73521,-0.33677,-0.61322,-0.76499,-0.80129,-0.3845,-0.73645,-0.96917,-0.9422,-0.71762,-0.74565,-0.43651,-0.79432,-0.52545,-0.5565,-0.72623,-0.85848,-0.72984,-0.76761,-0.66478,-0.72537,-0.87307,-0.83958,-1.06678,-0.57359,-0.8833,-0.38457,-1.02985,-0.59608,-0.34443,-0.26747,-0.66833,-0.74984,-0.9097,-0.90691,-1.009,-0.43652,-0.69396,-0.6713,-0.79856,-0.8263,-0.94102,-0.74717,-0.7637,-0.73029,-0.71316,-0.70301,-0.70149,-0.7185,-0.59729,-0.74913,-0.50332,-0.79688,-0.91687,-0.66525,-0.49858,-0.89218,-0.66615,-0.84578,-0.67368,-0.70557,-0.067,-0.88083,-1.09516,-0.50907,-0.68586,-0.58453,-0.83609,-0.80545,-0.86603,-0.71216,-0.62765,-0.53512,-0.66132,-0.72942,-0.66469,-0.63742,-0.70067,-0.80076,-0.76382,-0.85408,-0.71989,-0.70908,-0.65638,-0.84233,-0.63387,-0.38914,-0.81176,-0.9348,-0.48635,-0.46857,-0.61584,-0.53128,-0.60646,after Th
-0.83571,-0.64254,-0.76825,-0.95519,-0.72764,-0.66814,-0.65434,-0.66298,-0.72421,-0.7809,-0.74541,-0.59351,-0.81707,-0.88688,-0.79178,-0.81215,-0.77192,-0.81123,-0.87494,-0.61837,-0.66995,-0.87469,-0.58267,-0.6839,-0.96054,-0.89871,-0.49224,-0.82508,-0.77341,-0.96439,-0.75804,-0.84198,-0.80813,-0.88444,-0.84572,-0.47644,-0.64723,-0.91552,-0.8529,-0.7015,-0.83627,-0.72878,-0.7341,-0.6812,-0.53817,-0.79697,-0.53181,-0.94861,-0.81979,-0.61368,-0.6762,-0.70747,-0.84483,-0.71496,-0.80527,-0.80329,-0.664,-0.78637,-0.84683,-0.62718,-0.79301,-0.54407,-0.92393,-0.71681,-0.75425,-0.68525,-0.6818,-0.73966,-0.81403,-1.00831,-0.56557,-0.76206,-0.85836,-0.82323,-1.00133,-0.79809,-0.60176,-0.51956,-0.61065,-0.58788,-0.65782,-0.50737,-0.74251,-0.74927,-0.68411,-0.8687,-0.68539,-0.62735,-0.86036,-0.82522,-0.75063,-0.75494,-0.49292,-0.81619,-0.69014,-0.62051,-0.84618,-0.72617,-0.45429,-0.79024,after Th
-0.82162,-0.6332,-0.73129,-0.70808,-0.55937,-0.69213,-0.70534,-0.50348,-0.78456,-0.76677,-0.78424,-0.61464,-0.69428,-0.71435,-0.72317,-0.68298,-0.57117,-0.7279,-0.87423,-0.45183,-0.53307,-0.8669,-0.369,-0.75042,-0.98269,-0.67836,-0.51691,-0.79969,-0.83236,-0.92493,-0.63733,-0.94383,-0.7802,-0.70755,-0.84862,-0.4855,-0.65434,-0.95186,-0.7621,-0.70926,-0.7659,-0.92336,-0.51317,-0.42593,-0.70409,-0.60774,-0.55428,-0.87464,-0.63564,-0.96828,-0.49754,-0.2744,-0.63417,-0.64852,-0.676,-0.62068,-0.73668,-0.77345,-0.75338,-0.9351,-0.60711,-0.63948,-0.89622,-0.53786,-1.05612,-0.71714,-0.71392,-0.71198,-0.48347,-0.84864,-0.82759,-0.52351,-0.86855,-0.69962,-0.92151,-0.50453,-0.8173,-0.25145,-0.63272,-0.6481,-0.80412,-0.70663,-0.65643,-0.91963,-0.76329,-0.76243,-0.66877,-0.55244,-0.85989,-0.53663,-0.55583,-0.58759,-0.52964,-0.78293,-0.79732,-0.72607,-0.92928,-0.42046,-0.56406,-0.61313,after Th
0.345,-0.57756,0.5616,-0.13197,0.14726,0.237,0.57762,-0.45299,0.08148,0.37563,0.34322,-0.19727,0.61555,0.17274,0.09909,0.33582,-0.24039,0.24668,0.5069,-0.15287,0.33999,0.43412,0.1546,-0.53256,0.24037,0.01844,1.08509,0.43614,0.72312,0.36995,0.70423,1.16712,-0.81155,0.55118,0.22494,-0.16725,-0.58641,0.19433,0.25838,0.91952,0.84767,1.35381,-0.32591,0.79221,1.0895,0.30262,0.31658,-0.13993,0.27213,-0.07367,-0.54033,1.44143,0.68997,0.25208,0.78554,1.29809,0.47775,-0.06549,0.53614,1.36576,0.01894,1.36842,0.00409,-0.12593,-0.18092,0.65283,0.38495,-0.33525,-0.33717,0.92103,-0.18868,0.45064,-0.15239,0.23171,0.70747,-0.32374,0.64227,-0.22286,1.13037,-0.6245,0.50237,-0.27763,0.47046,0.31826,0.60835,0.49367,0.608,-0.71732,0.59958,-0.40544,0.20359,-0.37832,-0.3347,0.57297,1.10186,0.22729,0.1755,0.22801,-0.71639,0.70453,after Th
0.23653,-0.63312,-0.04654,0.23755,0.12336,0.18266,-0.75979,-0.0423,0.19849,0.76805,1.09492,0.11753,1.01086,1.34128,0.36988,0.96795,0.3419,0.08399,0.81839,-0.16808,0.15597,0.47998,-0.18239,0.38848,0.89006,0.5969,0.26673,-0.36363,0.92985,0.33877,-0.07052,0.80393,0.5403,0.72991,1.47579,-0.39974,0.38333,0.27533,0.7256,0.08374,0.19156,0.18695,0.49427,-0.66622,-0.61356,-0.03068,0.0533,0.70772,0.78839,-0.54276,-0.57183,-0.08761,1.09574,0.03279,0.63342,-0.52514,0.29601,-0.60749,0.3925,0.69706,0.17806,0.54535,0.25909,0.22144,1.08249,0.5086,0.00287,0.01323,0.36895,0.02677,-0.05439,0.69089,1.14242,0.67267,0.16132,0.71708,0.55878,-0.3553,-0.33388,1.37433,-0.22927,0.63665,-0.67868,0.11658,0.65172,0.60912,-0.36427,0.53903,0.02285,1.99812,0.57217,-0.21902,0.12417,0.60072,0.36466,0.10874,0.03244,0.95974,-0.44267,0.00433,after Th
-0.89695,-0.60225,-0.83271,-0.85591,-0.61589,-0.96558,-0.74619,-0.45084,-0.70095,-0.82877,-0.94075,-0.64915,-0.7749,-0.95064,-0.82147,-0.77951,-0.83911,-0.45787,-0.97928,-0.64291,-0.7663,-0.90824,-0.62494,-0.30025,-1.05294,-0.69524,-0.51583,-0.54939,-0.96436,-0.84759,-0.64245,-0.86382,-0.55993,-0.86923,-0.86285,-0.49007,-0.69553,-0.6954,-0.68805,-0.98561,-0.92205,-0.95712,-0.88027,-0.82041,-0.28662,-0.79689,-0.63258,-0.69989,-0.8395,-0.62606,-0.5285,-0.47003,-0.74239,-0.81433,-0.84688,-0.89012,-0.83261,-0.78694,-0.99794,-0.8591,-0.72682,-0.74885,-0.93567,-0.83956,-0.77656,-0.8938,-0.79563,-0.2758,-0.60709,-0.99358,-0.41851,-0.86745,-1.02922,-0.84628,-0.92453,-0.88996,-0.73784,-0.63808,-0.83213,-0.85054,-0.79388,-0.38053,-0.62871,-0.79417,-0.862,-0.98271,-0.90983,-0.74488,-0.80907,-0.54724,-0.77136,-0.64113,-0.56789,-0.73947,-0.9336,-0.72887,-0.41632,-0.78267,-0.68966,-0.55801,after Th
-0.90914,-0.64254,-0.69966,-0.93895,-0.6355,-0.8496,-0.692,-0.52533,-0.71143,-0.87904,-0.90173,-0.63514,-0.71977,-0.82824,-0.85678,-0.79741,-0.95216,-0.8275,-0.97714,-0.55311,-0.62771,-0.89211,-0.73981,-0.74656,-1.0243,-0.71169,-0.70869,-0.86499,-0.92002,-0.99041,-0.66985,-0.76974,-0.88087,-0.92873,-0.99433,-0.47628,-0.6997,-0.96187,-0.81518,-1.03181,-0.82837,-0.48436,-0.63719,-0.61367,-0.70568,-0.81647,-0.66686,-0.73463,-0.78332,-0.56364,-0.71374,-0.76489,-0.80971,-0.78123,-0.97119,-0.64398,-0.78431,-0.78991,-1.01104,-0.67912,-0.731,-0.54616,-0.85644,-0.83665,-0.9,-0.86047,-0.70917,-0.63394,-0.73315,-0.99319,-0.73215,-0.74956,-0.79405,-0.85566,-1.01763,-0.71048,-0.8636,-0.48928,-0.90989,-0.83381,-0.83142,-0.55904,-0.59152,-0.72839,-0.93713,-0.75127,-0.78721,-0.70498,-0.82734,-0.64458,-0.65748,-0.83813,-0.38799,-0.72201,-0.79135,-0.58957,-0.95898,-0.63573,-0.38774,-0.66148,after Th
-0.92257,-0.62824,-0.68159,-0.89299,-0.67095,-0.79156,-0.68626,-0.6505,-0.77178,-0.91045,-0.88366,-0.54954,-0.97486,-1.03268,-0.86744,-0.79834,-0.887,-0.80517,-0.89266,-0.64754,-0.76647,-0.96379,-0.72998,-0.67628,-1.00728,-0.88501,-0.59957,-0.69915,-1.01015,-0.96686,-0.71869,-0.90718,-0.69264,-0.98846,-0.90012,-0.45041,-0.76714,-1.05486,-0.76266,-0.90531,-0.89159,-0.8904,-0.66954,-0.6916,-0.38405,-0.86513,-0.56711,-0.94232,-1.02011,-0.80545,-0.60733,-0.7868,-0.87048,-0.72893,-0.90009,-0.94196,-0.75971,-0.82291,-0.88821,-0.80967,-0.74388,-0.74873,-0.83124,-0.58062,-0.84226,-1.01405,-0.86299,-0.60832,-0.95129,-0.94154,-0.68863,-0.86823,-0.94055,-0.92587,-0.91976,-1.05272,-0.83406,-0.58777,-0.82622,-0.92304,-0.78808,-0.77072,-0.73661,-1.0489,-0.96185,-0.93323,-0.82662,-0.72046,-0.73376,-0.66192,-0.71849,-0.75598,-0.59237,-0.84519,-1.03037,-0.62023,-0.88696,-0.71885,-0.77791,-0.78114,after Th
-0.87044,-0.62561,-0.69405,-0.92547,-0.8065,-0.81447,-0.73106,-0.58753,-0.78771,-0.86532,-0.89675,-0.62417,-0.98871,-1.05222,-0.89818,-0.84495,-0.82909,-0.84489,-0.96452,-0.65679,-0.76395,-1.01089,-0.8961,-0.55496,-1.04558,-0.80721,-0.62897,-0.89025,-1.00008,-1.00541,-0.78386,-0.99517,-0.63574,-0.99971,-1.00204,-0.51246,-0.74368,-0.97408,-0.89578,-0.98832,-0.99142,-0.92525,-0.59609,-0.67399,-0.60042,-0.89998,-0.83481,-0.74825,-0.89872,-0.97032,-0.67789,-0.79341,-0.87362,-0.72748,-0.90234,-0.92164,-0.81349,-0.86509,-0.98645,-0.84448,-0.81143,-0.6676,-0.99481,-1.00961,-0.99696,-0.78242,-0.85302,-0.68475,-0.76937,-0.92781,-0.79342,-0.76611,-0.9726,-0.92146,-0.99815,-0.87103,-0.79684,-0.63411,-0.92429,-0.86633,-0.815,-0.64893,-0.77214,-0.9604,-0.95877,-0.94967,-0.86788,-0.7731,-0.88537,-0.76165,-0.85182,-0.77083,-0.44855,-0.91246,-0.96691,-0.74598,-0.96736,-0.84102,-0.68819,-0.72602,after Th
-0.87501,-0.61593,-0.81249,-0.96329,-0.81164,-0.86966,-0.74619,-0.68655,-0.78775,-0.87809,-0.94994,-0.62246,-0.92298,-0.85382,-0.93773,-0.79062,-0.87559,-0.71467,-0.96742,-0.69363,-0.59873,-0.84315,-0.79645,-0.62784,-1.01091,-0.90327,-0.72518,-0.82802,-0.96736,-0.8369,-0.74458,-0.98808,-0.66208,-0.962,-0.92999,-0.48891,-0.30114,-0.87373,-0.94764,-0.95902,-0.93999,-0.99969,-0.70729,-0.69396,-0.6952,-0.79023,-0.70623,-0.90335,-0.94222,-0.95676,-0.7343,-0.74252,-0.89395,-0.7298,-0.98844,-0.87528,-0.79601,-0.9045,-0.95823,-0.78889,-0.7603,-0.63277,-0.87527,-0.92854,-0.97589,-0.98468,-0.84456,-0.62003,-0.80021,-0.98091,-0.82967,-0.85665,-0.79635,-1.023,-0.94083,-0.89881,-0.87169,-0.57051,-0.7784,-0.91721,-0.85711,-0.59897,-0.83074,-0.93583,-0.92323,-0.98685,-0.86898,-0.7275,-0.9417,-0.62022,-0.83883,-0.7546,-0.60422,-0.8329,-0.98401,-0.74299,-0.86575,-0.75242,-0.74898,-0.77194,after Th
-0.89263,-0.64751,-0.70002,-0.93152,-0.70383,-0.79993,-0.72175,-0.57962,-0.76191,-0.64784,-0.85411,-0.60593,-0.83843,-0.91524,-1.0062,-0.91895,-0.84858,-0.69929,-0.92574,-0.66428,-0.54184,-0.90655,-0.70916,-0.67719,-0.8318,-0.69534,-0.66739,-0.7201,-0.89268,-0.89415,-0.74957,-0.87705,-0.84074,-1.01843,-0.92181,-0.50309,-0.53745,-0.95628,-0.74413,-0.93917,-0.87993,-0.92473,-0.62815,-0.68259,-0.67768,-0.899,-0.69477,-0.9205,-0.81016,-0.91866,-0.63055,-0.68718,-0.76434,-0.82285,-0.74216,-0.84841,-0.76931,-0.78627,-0.95195,-0.82336,-0.81774,-0.62082,-0.84172,-0.95242,-0.87453,-0.88283,-0.80043,-0.56922,-0.76755,-0.90763,-0.85594,-0.62066,-0.92658,-0.88005,-1.01937,-0.92479,-0.81573,-0.53281,-0.85889,-0.9735,-0.71397,-0.61213,-0.80509,-0.66207,-0.79681,-0.94746,-0.87152,-0.72123,-0.8866,-0.58765,-0.71739,-0.73854,-0.41821,-0.86499,-0.98136,-0.74131,-0.86797,-0.67182,-0.69973,-0.63503,after Th
-0.92434,-0.6107,-0.74616,-0.88347,-0.66966,-0.84169,-0.7984,-0.66409,-0.8081,-0.89899,-0.82127,-0.61552,-0.66968,-0.85153,-0.92887,-0.80482,-0.87745,-0.69167,-0.8915,-0.59981,-0.76951,-0.92577,-0.85066,-0.29536,-0.97719,-0.8779,-0.65716,-0.82293,-0.91833,-0.97144,-0.83851,-0.99811,-0.8176,-0.99013,-0.96089,-0.45684,-0.77825,-1.0233,-0.89943,-0.81844,-0.80136,-0.90834,-0.6761,-0.63114,-0.63148,-0.90566,-0.69364,-1.01646,-0.92778,-0.82235,-0.64007,-0.81432,-0.82537,-0.71802,-0.7482,-0.73803,-0.76361,-0.84491,-0.85038,-0.84235,-0.81452,-0.71875,-0.84782,-0.90557,-0.62849,-0.85742,-0.881,-0.7663,-0.82715,-0.84186,-0.73495,-0.85815,-0.90911,-0.90681,-0.83804,-0.88873,-0.80711,-0.45683,-0.82282,-0.76199,-0.77611,-0.78112,-0.80028,-0.82613,-0.97276,-0.90019,-0.87097,-0.68519,-0.94514,-0.78924,-0.82608,-0.74815,-0.58944,-0.88488,-0.94677,-0.6897,-0.79297,-0.76847,-0.70476,-0.56245,after Th
-0.0459,-0.26617,-0.37663,-0.36569,-0.7755,0.01411,-0.07248,-0.51355,0.42112,0.25299,0.24989,-0.11387,0.65579,0.25778,-0.29341,0.21336,1.71596,0.82912,0.63198,0.19175,-0.59283,0.59249,0.64196,-0.92997,0.3679,1.09246,-0.43055,-0.76972,0.85497,0.7347,-0.25361,0.42089,-0.93104,0.42387,0.21982,0.08787,0.28042,0.60197,-0.24872,0.43504,0.114,0.03039,0.03303,-0.72266,-0.55117,-0.67601,-0.35444,0.78927,-0.31811,0.30213,-0.44878,-0.10575,-0.56265,-0.80762,-0.32783,-0.7984,-0.38348,1.05007,0.82534,0.44163,-0.65875,-0.00893,-0.01945,0.40711,0.33732,1.42228,0.03007,0.60975,0.06784,0.08804,-0.77192,0.47684,0.80421,0.26143,0.73855,0.85894,0.72226,-0.46291,0.91371,0.78024,0.392,-0.27265,0.11063,-0.40212,-0.30652,0.26483,1.09321,-0.00923,0.20776,-0.54706,0.32352,-0.4957,-0.13784,-0.11271,0.34549,0.17858,1.57759,-0.45544,-0.65588,0.34174,after Th
-0.86915,-0.63791,-0.74998,-0.90125,-0.73098,-0.78183,-0.69813,-0.64233,-0.72672,-0.80206,-0.85884,-0.56487,-0.856,-0.81134,-0.85194,-0.7863,-0.62045,-0.69476,-0.95124,-0.60996,-0.61878,-0.89402,-0.80289,-0.85537,-0.93254,-0.79013,-0.69475,-0.80912,-0.88275,-0.9507,-0.71753,-0.7899,-0.84519,-0.8626,-0.60152,-0.50154,-0.28864,-0.68687,-0.90729,-0.86693,-0.83747,-0.91558,-0.85725,-0.68314,-0.62803,-0.79137,-0.65539,-0.86128,-0.87097,-0.91705,-0.66846,-0.70609,-0.67477,-0.73046,-0.81778,-0.6881,-0.74943,-0.9244,-1.00117,-0.88529,-0.76152,-0.75298,-0.94349,-0.8066,-0.79329,-0.92845,-0.83099,-0.59778,-0.73228,-0.888,-0.82084,-0.57159,-0.95715,-0.89175,-0.72213,-0.823,-0.78365,-0.46981,-0.78642,-0.83931,-0.63541,-0.69726,-0.80543,-0.88843,-1.02633,-0.87519,-0.69651,-0.79017,-0.86695,-0.80751,-0.84436,-0.90509,-0.57618,-0.84644,-0.95627,-0.62912,-0.81042,-0.60667,-0.8116,-0.69735,after Th
0.56165,1.24842,0.6829,1.15137,4.22269,1.25098,0.24769,2.64945,-0.22399,1.66166,1.72698,3.99775,-0.56329,0.76372,0.95304,0.82658,-0.41757,3.90408,0.60799,1.15536,2.40823,0.99033,1.2685,0.90789,1.46623,2.89512,2.17947,-0.46277,2.6622,0.35445,-0.76562,1.56386,0.65955,2.08536,1.17759,1.77497,2.90529,0.10296,2.1299,1.63107,2.02815,1.86216,0.29476,2.84023,2.3885,-0.16415,1.92167,0.99869,2.96233,0.83299,3.65804,3.12521,3.5401,1.72542,0.89766,1.7008,2.70386,1.28978,0.54739,1.49369,-0.04571,2.89277,1.32853,0.17941,2.55858,1.39992,3.09283,-0.14959,1.7706,0.90052,1.07803,1.74692,1.22947,1.17695,1.58599,3.79486,0.61478,1.34376,2.17135,0.18746,2.32253,1.69077,2.7791,0.88056,0.84491,1.53703,1.90613,2.56312,0.9507,2.65307,5.03259,1.5268,0.5152,1.8209,1.05635,2.10399,-0.81427,0.88594,-0.66119,1.92877,before Th
0.46544,0.93759,1.0939,1.68823,-0.11169,2.07002,2.85996,4.32851,2.40975,2.90941,1.51189,2.06789,2.12189,1.19885,1.86674,1.14203,-0.4972,0.0448,1.15421,2.73509,1.70692,1.57949,1.59154,4.15584,1.24369,0.73329,1.6668,0.84448,1.22918,1.56112,2.10932,0.24864,2.53757,2.47657,1.20492,0.76582,0.80175,1.60338,0.73908,0.23046,2.13373,1.63588,2.64105,-0.1278,-0.3652,1.58369,2.07953,0.69556,2.43,1.89107,-0.22928,1.9516,0.81989,1.27679,1.15207,0.96521,1.16916,1.92734,0.54458,0.60246,2.28623,0.76749,0.45879,2.04184,1.75402,1.61506,1.31127,0.17649,-0.7725,-0.01025,2.0041,0.28439,2.0482,2.57056,1.37485,0.14856,2.25344,1.00485,1.10653,-0.46224,0.60476,1.26773,1.57452,1.846,0.42975,1.52314,1.00409,-0.31117,2.64091,0.70934,0.15235,0.89784,3.51738,0.67743,1.78763,2.20758,-0.87144,1.77955,0.59913,1.94866,before Th
0.14683,1.2366,0.91168,1.34985,0.60898,0.72475,0.38505,0.08399,0.43427,0.29493,0.63566,1.85479,0.67487,-0.10407,0.41043,0.69872,0.44511,0.90547,1.22527,0.12853,-0.19789,1.07219,0.68983,0.87708,0.73478,1.49038,-0.48399,2.24137,0.53033,1.43587,0.62294,0.59404,0.92509,0.51675,0.13845,0.22949,-0.30711,0.67275,0.28525,0.90093,0.77311,0.24031,0.17628,0.56023,1.03494,1.40668,0.82895,1.74995,0.73548,0.57289,0.01407,0.50857,0.666,0.01999,0.7911,0.49781,1.37602,0.13262,1.08304,0.94971,1.04753,0.2539,1.00518,1.57153,0.56402,0.14738,0.23366,1.46454,0.62854,-0.36835,-0.53057,-0.86241,1.7691,0.65258,0.32294,0.64889,0.67925,1.38856,0.13679,0.85284,0.57907,0.10252,0.11262,0.46992,0.4053,0.03618,0.15348,0.95284,0.69377,1.06546,0.44432,1.21897,0.40504,0.29185,0.4672,1.769,1.1272,1.23698,0.32138,0.74759,before Th
2.45677,4.67299,2.12892,1.99676,1.20968,2.98961,3.34602,3.40596,2.74535,1.64705,3.31408,2.69282,1.48162,2.60278,3.11636,-0.63328,-0.61479,0.37334,1.69043,1.91674,2.00508,0.69085,2.55897,0.3605,0.97796,1.96237,3.18934,1.08835,1.52337,0.79412,1.78162,2.45687,1.39311,1.0843,2.16477,2.76955,3.40422,1.30492,1.47273,0.65785,1.20121,1.53945,1.12077,2.91011,3.29844,1.06562,0.98737,1.62356,2.41773,2.03624,0.82552,-0.07977,1.67106,2.72037,1.69196,1.51819,1.82381,1.71316,0.60117,2.2619,1.26235,3.50435,2.39082,1.87977,1.42948,1.89531,2.74323,-0.1982,1.38948,0.9758,-0.48279,1.88434,1.66107,2.4334,0.14041,1.75052,2.60838,2.16157,1.39729,1.12946,3.42116,3.28988,2.33394,0.83718,2.10473,1.10936,2.61894,0.22151,0.74874,1.54669,1.3717,3.56663,0.29795,2.16938,2.25008,1.049,1.44562,0.11797,2.80896,1.13229,before Th
0.62597,-0.23868,-0.05756,0.56099,0.78443,0.09698,0.36182,1.00145,0.41077,0.90855,0.45844,-0.09822,0.32394,0.20064,0.91476,0.40427,0.8299,1.29865,0.85973,0.02546,0.44297,-0.39282,-0.22127,-0.19485,0.92459,-0.00533,0.39912,1.23279,0.31252,-0.5978,-0.54148,1.58276,1.13294,0.31038,1.20353,-0.37565,-0.42253,0.36692,0.04457,1.34643,0.37607,0.71911,0.58506,1.03999,1.07357,1.16196,0.14534,0.14173,0.12813,1.00303,-0.5317,0.74709,-0.12343,0.76275,0.55637,1.01306,0.06251,0.57044,-0.98461,0.44878,0.20569,0.03643,0.41132,-0.21273,0.71626,0.06981,0.21871,-0.06832,0.73565,0.4021,-0.24538,0.70524,0.82439,0.23333,1.98523,0.48523,0.67,-0.44786,1.28149,-0.38261,0.9076,-0.37466,0.89379,0.09408,0.61969,2.55636,0.67185,0.65291,0.52214,0.78149,0.69356,0.4618,-0.31162,1.17951,0.95716,-0.57751,1.1538,0.34485,2.23268,0.28936,before Th
0.27776,1.18538,1.36051,1.44746,1.4199,0.41411,1.07958,2.71096,0.85747,1.6139,0.30307,2.06102,1.29868,-0.20094,0.21688,1.10476,1.20513,1.54884,1.38681,0.2301,0.19487,2.52701,0.98963,1.23855,0.8656,1.8919,0.7748,-0.30605,1.67376,1.19739,-0.15872,1.21127,1.95246,0.49207,1.69416,1.45075,1.19916,0.66348,-0.2696,0.311,0.28573,0.34892,2.69162,0.93129,-0.42175,-0.60587,0.4573,1.96695,0.62731,0.95901,0.21106,0.05167,0.19708,0.33147,-0.42994,0.84031,0.70314,2.60316,1.61943,0.38222,2.60962,-0.40995,1.14408,0.72089,1.4421,0.22111,-0.17604,1.26117,1.72621,2.04241,0.1745,1.16571,2.08228,0.78168,2.41181,1.34804,0.30512,-0.24237,1.62182,2.49049,-0.80122,-0.30544,-0.24364,2.41373,-0.49989,1.83776,1.48298,1.98494,1.43342,-0.26013,0.98233,1.65144,-0.28446,1.2294,0.82891,0.96467,1.83489,1.30812,0.33676,0.47187,before Th
1.4197,0.21019,0.05743,-0.00685,0.79,0.08941,0.24839,0.16683,-0.12517,0.27184,0.51932,0.2813,1.49768,0.08121,0.70856,1.14157,0.6053,0.70065,0.80546,-0.40842,0.13374,0.49866,0.66796,0.39757,1.42291,0.90937,-0.46303,0.4846,0.60047,1.3518,0.11529,0.70129,0.66092,0.49636,-0.44675,0.09755,0.44472,-0.09656,0.49541,1.24874,0.19371,0.0424,0.30045,-0.46822,-0.14034,0.53187,0.45094,0.93851,0.44933,0.45462,0.33607,0.50311,0.34651,-0.58126,0.62385,2.38216,-0.02705,1.50731,1.49582,-0.0814,1.18765,1.46962,1.46405,0.13891,0.56165,0.61824,-0.29617,-0.30157,0.27139,0.84515,-0.36658,0.30782,1.84441,0.62448,1.63091,0.50441,0.46729,0.62579,0.3436,0.10599,0.43044,0.19917,-0.17168,0.68867,0.35198,0.63182,0.38356,-0.01935,-0.30167,-0.17829,0.65298,1.28748,0.90866,1.06435,0.44044,0.57686,1.16913,0.68162,1.74245,-0.14971,before Th
-0.80878,-0.62218,-0.69614,-0.82047,-0.54404,-0.61997,-0.64617,-0.63398,-0.70277,-0.76148,-0.82516,-0.61912,-0.56632,-0.84919,-0.92932,-0.75513,-0.65433,-0.8025,-0.92383,-0.64562,-0.67781,-0.8724,-0.72163,-0.97113,-0.94222,-0.93065,-0.57042,-0.76332,-0.78435,-0.95523,-0.62852,-1.01475,-0.87711,-0.85079,-0.59463,-0.47202,-0.79861,-0.82452,-0.76144,-0.92209,-1.02838,-0.60391,-0.63005,-0.83761,-0.54892,-0.7962,-0.6714,-0.78368,-0.8662,-0.72162,-0.63251,-0.55358,-0.63245,-0.73608,-0.76428,-0.65128,-0.69513,-0.71386,-0.66921,-0.50967,-0.5847,-0.61855,-0.83144,-0.86662,-0.87568,-0.85136,-0.69699,-0.72809,-0.74001,-0.85487,-0.58031,-0.71995,-0.87489,-0.75517,-0.74972,-0.76359,-0.6774,-0.57659,-0.58558,-0.83066,-0.84945,-0.7157,-0.71088,-0.71621,-0.77076,-0.50748,-0.78947,-0.64637,-0.95018,-0.72761,-0.749,-0.84372,-0.44167,-0.75844,-0.74153,-0.68072,-0.76337,-0.71819,-0.61084,-0.61186,before Th
1.0895,-0.09188,0.70131,1.29641,-0.27182,0.79714,1.83723,1.2505,1.0257,1.42481,2.17208,0.84983,1.1446,0.36593,1.56314,0.73075,3.67501,1.73415,2.12186,0.66705,0.84612,1.39405,1.45015,0.37449,0.78358,1.46851,0.43338,-0.65384,1.32569,0.15234,1.82165,0.98537,2.59504,0.55062,-0.47408,0.47189,1.895,1.1054,0.82521,0.78128,0.45225,1.42182,-0.67902,2.62905,1.9693,0.48629,-0.05008,1.51303,1.12163,1.56005,1.44176,1.62069,0.50871,1.37864,1.17971,-0.18264,2.64836,1.28596,0.93641,1.80914,-0.3653,-0.36126,2.35256,0.75821,0.85757,2.11015,0.80708,-0.30567,0.39024,0.59168,0.2607,1.12566,-0.8813,1.21077,1.81637,0.79395,0.79252,0.51976,0.94726,1.5902,-0.05483,1.33219,1.34484,0.16355,0.38198,0.67639,1.89342,1.72371,0.66858,0.22765,1.63648,2.83111,0.26492,0.55693,0.37814,0.51207,3.56457,0.26298,0.82149,-0.27858,before Th
1.03182,-0.1021,-0.3606,0.34493,1.43549,0.3231,0.24214,0.51403,0.28028,0.81586,0.54833,-0.53124,1.34409,1.18937,0.2614,1.29852,0.97672,1.16164,0.62725,0.03515,-0.06439,0.54195,0.26968,1.36306,1.68895,1.8763,0.40685,1.42889,0.21847,2.85956,0.77186,0.89166,1.65603,0.76824,0.00615,-0.08916,0.73211,-0.00681,0.10813,1.58824,0.09979,0.01926,0.57515,0.84171,-0.29857,0.09706,1.00179,0.58012,0.28112,-0.11521,0.36392,0.77522,-0.21447,-0.06828,0.26733,0.4648,0.12462,2.08613,0.80205,0.24921,1.00805,0.7409,0.6136,0.40103,-0.1225,1.06477,0.21703,1.40056,-0.21667,0.91153,0.64943,-0.33666,0.64097,0.41892,1.14438,0.19913,0.6488,-0.14069,-0.14819,0.06654,1.00503,0.69561,0.11262,1.29946,0.64371,0.38523,0.06725,-0.61321,0.8655,0.49806,0.07795,0.41863,0.00929,0.59604,0.54489,0.67391,1.47926,-0.05145,0.78497,-0.58699,before Th
2.027,1.82744,1.71758,1.15366,1.73151,0.43661,0.37816,0.44039,1.1974,1.24112,1.00751,0.66562,0.17751,1.19854,0.35533,1.11055,0.79045,0.10302,1.48131,0.43013,0.41775,0.81551,0.12184,1.37318,1.2383,1.48061,0.3219,3.02276,1.31916,1.62556,0.63428,0.8411,1.71394,0.67999,1.46994,0.24126,0.18479,0.40797,0.98997,0.68949,0.5639,1.33941,1.55432,0.73258,1.2691,0.66651,0.00326,1.70357,0.59856,-0.38984,1.10161,1.2189,0.63868,0.65296,1.13294,1.04407,0.36891,0.45919,0.86699,-0.02122,1.4366,1.75756,1.08607,0.26466,0.84129,1.36372,-0.09403,-0.48166,1.97241,0.95595,0.96836,1.32778,0.70515,0.81748,1.17268,0.85886,1.37207,0.23375,0.33933,0.2875,0.92409,0.97784,0.94301,0.34044,1.68227,1.13903,0.55355,-0.07719,1.24681,0.64328,0.70381,0.37637,1.81707,0.82936,0.7585,1.17915,0.12441,0.05592,-0.69085,1.01273,before Th
-0.82055,-0.56461,-0.72158,-0.85883,-0.8953,-0.79909,-0.66819,-0.53265,-0.69492,-0.77933,-0.90507,-0.5484,-0.68505,0.11423,-0.90541,-0.72079,-0.63261,-0.67956,-0.81352,-0.65567,-0.66982,-0.70362,-0.72988,-0.35984,-0.84704,-0.84935,-0.7271,-0.7986,-0.94703,-0.56119,-0.68733,-0.83909,-0.54408,-0.72338,-0.882,-0.50286,-0.60791,-0.66142,-0.74122,-0.81219,-0.85198,-0.85254,-0.71516,-0.59994,-0.67568,-0.88665,-0.8263,-0.86602,-0.88314,-0.60593,-0.63198,-0.76243,-0.91818,-0.67161,-0.88192,-0.81159,-0.76683,-0.77814,-0.76127,-0.92424,-0.71774,-0.61202,-0.84775,-0.80134,-0.77963,-0.7913,-0.85813,-0.62208,-0.86685,-0.9694,-0.73589,-0.87675,-0.70187,-0.94243,-0.78716,-0.88373,-0.8742,-0.61321,-0.78024,-0.74405,-0.73869,-0.77577,-0.7738,-0.4405,-0.8927,-0.86331,-0.80808,-0.73177,-0.8962,-0.80972,-0.78708,-0.67567,-0.50414,-0.84368,-0.94766,-0.58854,-0.54772,-0.78089,-0.34691,-0.72242,before Th
1.55011,0.10966,3.65543,2.08639,1.34352,3.89246,2.32207,1.45068,2.24885,1.92851,2.20729,1.02988,0.57813,0.99853,1.42008,0.71917,0.09753,0.2796,2.09887,3.9177,3.66875,1.5466,1.72194,2.45932,0.96306,1.06401,3.32882,0.73772,1.46688,0.70819,2.6154,2.80473,1.40885,0.45975,3.05909,3.26599,4.30703,0.6751,2.92683,1.66921,2.43505,3.41496,-0.67202,1.08797,1.89205,2.29031,2.41362,0.7491,2.35783,2.5175,0.39399,1.51284,2.05274,2.73129,3.21797,0.4274,1.1144,1.09072,2.26445,2.04133,2.41238,3.0424,0.62951,1.8657,1.97615,0.2949,1.88151,2.1391,2.14694,0.99537,1.98583,2.61383,0.93667,1.83309,0.79086,2.32092,1.59357,0.47031,1.45515,1.83392,2.93866,0.79709,2.782,-0.07661,0.76582,0.41322,1.9465,0.04111,0.54555,1.89839,1.55288,1.18673,0.41218,1.04446,2.07597,-0.27113,-0.52063,1.78843,2.46539,1.76118,before Th
-0.88203,-0.60804,-0.8333,-0.87449,-0.77867,-0.71121,-0.644,-0.65282,-0.70856,-0.80112,-0.87244,-0.61168,-0.69276,-0.51466,-0.85384,-0.72179,-0.59057,-0.60091,-0.63545,-0.63688,-0.58001,-0.85644,-0.85214,-0.77669,-0.91182,-0.7292,-0.74832,-0.69147,-0.89364,-0.8379,-0.79848,-0.79945,-0.80118,-0.85881,-0.70742,-0.48922,-0.15263,-0.72402,-0.74684,-0.83234,-0.61288,-0.82533,-0.66269,-0.54906,-0.67197,-0.78852,-0.68104,-0.98948,-0.90789,-0.9376,-0.57993,-0.7519,-0.81168,-0.63144,-0.81222,-0.45407,-0.76488,-0.77747,-0.72428,-0.8148,-0.75315,-0.74104,-0.8339,-0.72616,-0.84902,-0.90435,-0.84498,-0.57171,-0.64193,-0.80089,-0.78158,-0.6539,-0.68042,-0.86059,-0.94187,-0.80752,-0.79063,-0.55457,-0.8216,-0.83837,-0.66548,-0.76469,-0.7499,-0.51671,-0.75845,-0.84749,-0.83905,-0.68216,-0.84948,-0.69357,-0.73462,-0.78972,-0.52734,-0.78627,-0.92242,-0.72177,-0.72809,-0.73756,-0.64892,-0.74496,before Th
-0.56142,-0.39559,-0.69838,-0.58028,-0.66093,-0.65981,-0.6906,-0.29487,-0.6912,-0.63816,-0.761,-0.46317,-0.57866,-0.62122,-0.8043,-0.77365,-0.34963,-0.09367,-0.51588,-0.55147,-0.57411,-0.87294,-0.51219,-0.75997,-0.79242,-0.41227,-0.66912,-0.91869,-0.90182,-0.80188,-0.31844,-0.84193,-0.4816,-0.69,-0.74924,-0.50952,-0.49977,-0.70673,-0.70331,-0.94404,-0.67416,-0.65546,-0.6624,-0.48888,-0.64064,-0.72333,-0.83742,-0.73894,-0.72374,-0.82633,-0.74551,-0.6283,-0.62515,-0.53403,-0.66768,-0.58776,-0.58224,-0.65512,-0.60717,-0.55899,-0.525,-0.39917,-0.84895,-0.63364,-0.73976,-0.66589,-0.58766,-0.54053,-0.13015,-0.89679,-0.62601,-0.63366,-0.54633,-0.78436,-0.5947,-0.74384,-0.50266,-0.54474,-0.75606,-0.54103,-0.83252,-0.42878,-0.72831,-0.83744,-0.5678,-0.94323,-0.70798,-0.76334,-0.88471,-0.47131,-0.76588,-0.75172,-0.59466,-0.73755,-0.69364,-0.47756,-0.19459,-0.68402,-0.38884,-0.6655,before Th
1.74187,0.16405,1.35377,1.24401,2.25909,1.45951,0.71773,1.11561,0.31709,1.31563,1.10797,1.12993,0.5935,0.85216,2.04162,-0.17778,0.81802,0.50188,1.26883,0.5491,0.62909,1.25572,0.68529,2.60919,0.26033,0.47335,0.41625,2.46342,1.03426,0.90026,1.0458,0.73284,0.30748,0.97543,2.02424,-0.14261,-0.10538,0.8947,1.27249,1.33325,0.57797,2.48788,0.21724,0.39162,0.75088,-0.43986,1.39046,0.45037,0.39025,0.54598,0.33091,2.15684,1.56871,1.44182,1.68409,1.6595,1.15423,1.43021,0.30671,1.77051,0.89452,1.48968,0.3055,0.97293,1.43716,1.28051,0.54381,0.13418,0.59283,0.17227,2.21015,0.59004,-0.00265,0.77485,0.20043,1.31846,-0.10479,0.36747,1.53849,0.94297,-0.58247,0.90981,2.43703,0.3474,1.92728,1.08056,1.77712,1.18703,2.27311,0.76322,0.59697,0.62766,1.26616,0.63122,1.95702,1.22973,1.03754,0.40889,-0.32356,2.33145,before Th
1.36033,0.65816,0.5377,0.12007,1.28957,0.81407,0.05863,0.35454,0.56867,0.44522,0.42889,0.23771,1.3824,1.2937,0.58734,0.45836,1.71596,2.26922,0.96452,0.57362,0.89173,0.42132,0.78071,0.15606,1.47634,0.53205,0.41919,0.92913,0.8267,1.47654,0.2222,0.72497,0.20647,0.3105,0.63908,1.52807,0.13019,1.43116,1.10212,0.742,0.88157,0.63838,1.48554,0.98827,-0.18242,0.86684,0.62026,0.53055,0.88013,0.75756,-0.06156,0.62449,0.7176,0.29633,0.4423,0.78151,0.7687,0.98492,2.39733,1.33166,1.1682,0.43437,0.17594,0.53495,0.35473,0.92894,0.09671,-0.44125,0.97395,0.54448,1.1472,2.12395,1.523,0.40137,1.39003,1.03539,0.57177,0.30898,0.24573,0.57507,0.28292,-0.31057,0.37633,1.85002,1.00204,0.8396,0.59338,-0.44325,0.21492,0.31954,0.24964,1.01482,0.47874,0.48698,0.18467,0.57452,2.03368,0.1829,-0.17654,0.26228,before Th
-0.07581,-0.51833,-0.47045,0.00768,0.60632,0.66189,0.4386,0.01026,0.10655,0.37463,0.39976,-0.58707,0.25669,1.43806,1.10952,1.56219,1.8665,4.3794,0.50078,-0.21026,0.24069,-0.041,0.35665,1.13747,0.52358,0.44915,0.83687,1.39173,0.58798,0.25844,0.14487,0.1501,0.17283,0.8898,0.13121,-0.34605,1.65984,0.73844,0.67178,1.93653,0.12102,1.12299,-0.04639,0.47939,-0.57666,0.06302,0.02868,0.75151,0.3611,0.20344,0.86298,-0.20537,0.10011,0.23504,0.60696,2.32734,-0.13626,1.68188,0.53641,0.60437,0.2518,0.06604,0.47908,-0.29562,0.57175,0.17279,0.4023,-0.43818,0.47286,2.14726,-0.03331,1.06508,0.8557,0.34559,1.51945,1.15865,0.83866,0.8879,-0.37775,-0.6481,-0.08632,-0.65674,1.20772,1.13257,0.29849,0.97861,0.16454,-0.20814,-0.19654,1.39142,0.61822,-0.31643,0.08579,0.30881,0.46467,-0.52394,2.57267,0.54348,0.7532,-0.42734,before Th
0.87755,-0.06491,-0.03128,0.73684,0.75703,-0.11923,0.6202,-0.45299,0.53482,0.33504,0.0903,0.00959,0.48256,0.40617,0.13516,1.90619,1.59048,2.17842,1.15492,-0.22536,-0.34131,-0.14453,-0.88469,1.5566,0.7649,0.69656,0.64375,1.27695,0.41295,1.19329,0.39292,0.83396,-0.58718,1.06591,1.56559,-0.45645,-0.48269,0.94833,0.92425,0.75945,0.54199,0.48601,0.1725,0.82188,1.3733,0.82455,1.98068,0.29372,0.72522,0.8302,0.03534,1.8373,0.37438,-0.24858,0.24819,1.10693,0.17202,0.63635,0.59813,0.7137,-0.6773,-0.4161,1.16052,-0.53713,0.46934,1.16356,0.7148,0.92777,-0.51318,0.21925,0.9882,0.30278,1.1715,1.35396,1.5631,1.25568,0.72292,-0.48144,-0.01677,1.31228,0.94289,-0.13837,-0.18944,0.53113,1.05755,1.16408,0.99098,1.48701,1.24027,0.49936,0.71586,0.54609,1.09506,1.8143,0.30996,-0.51178,2.20643,0.41473,0.53596,0.45219,before Th
-0.9286,-0.55245,-0.77202,-0.85174,-0.64757,-0.61833,-0.6994,-0.66005,-0.70847,-0.8793,-0.91218,-0.51074,-0.56177,-0.99645,-0.80787,-0.78422,-0.76719,-0.59668,-0.87973,-0.67663,-0.67563,-0.95861,-0.70451,-0.49083,-0.96056,-0.81231,-0.52471,-0.55102,-0.87738,-0.34986,-0.7896,-0.86004,-0.67405,-0.97147,-0.76849,-0.5065,-0.75389,-0.91177,-0.96327,-0.59383,-0.78523,-0.9467,-0.63734,-0.54767,-0.65392,-0.70323,-0.80349,-0.93559,-0.85326,-0.90134,-0.76704,-0.6851,-0.7835,-0.60537,-0.87356,-0.66248,-0.84769,-0.80349,-0.49125,-0.74802,-0.75103,-0.51292,-0.81792,-0.91946,-0.74881,-0.64275,-0.64367,-0.74156,-0.43916,-0.8502,-0.56536,-0.34405,-0.85067,-0.80185,-0.93582,-0.68647,-1.02753,-0.55085,-0.70315,-0.73461,-0.49103,-0.75585,-0.79107,-0.69762,-0.87748,-0.89659,-0.72665,-0.72879,-0.92536,-0.568,-0.73153,-0.58632,-0.60563,-0.79446,-0.98039,-0.70999,-0.7251,-0.73527,-0.75411,-0.71089,before Th
2.42163,0.94084,2.06653,2.78645,1.21182,2.12492,0.95734,0.66802,0.75288,1.33176,1.2116,0.56632,2.67155,0.22078,2.42346,0.49324,2.80054,0.67676,1.64915,1.53625,2.31222,0.63127,-0.6465,1.11541,0.9485,2.04389,0.77429,1.04782,1.93378,1.05672,1.83238,0.2677,1.04925,0.57981,0.7308,2.87995,1.84563,0.72446,0.80826,1.05967,1.92887,1.99332,3.37758,1.24785,2.05014,0.62403,1.10528,1.76969,1.06918,2.48597,1.12813,0.85655,2.37517,1.23176,1.31012,1.22461,2.85853,0.36583,0.98184,2.79317,0.88647,1.8273,0.28912,2.96674,1.31478,0.84178,2.21538,3.52438,1.02234,1.58157,1.35138,1.99499,0.81224,1.67328,0.59585,0.54661,0.87145,1.91007,1.66475,3.33796,3.05315,0.58743,1.47358,1.95591,2.09109,1.07796,0.64322,1.82099,1.1918,0.10282,1.04631,0.13187,0.72634,0.49483,2.03011,0.63296,1.69578,1.77341,0.69901,3.63081,before Th
0.94323,1.22986,1.73679,0.42868,1.02797,0.64463,0.01427,0.05689,0.1847,0.65845,0.58955,0.44141,1.69082,0.70047,0.29417,1.32962,1.04448,2.09271,1.45003,0.23692,0.11429,0.99257,0.85574,0.60213,1.36246,1.49972,0.25382,1.31626,1.23586,1.85356,0.67848,0.33101,0.69079,0.02307,1.0189,-0.31739,0.81115,0.72064,0.33168,0.27347,0.88232,0.69177,1.36065,1.20029,0.4465,1.6224,0.41429,1.78581,0.62745,1.2839,0.81654,0.56099,0.72606,0.21113,0.92294,0.11574,0.21988,2.38363,0.9401,-0.05276,-0.56055,-0.23809,0.72711,1.5925,0.10046,0.56154,0.59106,2.08375,-0.6871,1.45414,0.19288,1.15414,1.19269,0.94844,0.77122,-0.46618,0.95407,-0.20579,0.12043,1.23637,1.31303,1.10899,1.10927,0.99972,-0.28487,0.21174,0.66918,1.23746,0.92046,0.87246,1.61331,0.85559,0.25013,0.82008,0.65152,1.35314,1.85919,-0.3772,-0.1142,0.06295,before Th
1.68385,0.53435,0.66528,1.5707,1.42102,1.80732,1.69846,0.99406,0.94407,0.8079,1.10289,0.84895,0.8603,0.86301,1.28412,2.37064,0.53801,0.16227,1.18714,0.52755,0.89763,1.36579,1.5275,0.68446,2.28413,-0.75775,0.63481,0.97294,0.7207,0.69917,1.28757,0.80739,1.55455,1.05143,0.94793,0.16751,1.79675,0.88661,1.68158,2.09919,1.49719,1.34915,0.41018,1.68047,1.00561,1.4618,0.47943,1.12102,0.29847,1.20578,-0.07562,1.1724,0.90378,0.72317,0.29739,0.1772,0.91721,1.0603,1.52787,0.81316,1.15642,1.59315,1.40756,1.46812,1.08441,1.53983,1.24523,1.84992,1.08263,1.16449,1.24576,1.53387,1.87545,2.66462,0.28176,-0.04551,1.17548,1.03648,0.56379,0.30775,1.05107,0.8849,0.42472,2.22478,0.90254,2.02044,1.10262,0.7982,0.79909,-0.17008,1.76701,2.41027,0.64117,0.52968,1.15761,1.21495,0.32994,1.13818,1.7495,1.36706,before Th
-0.41349,-0.44613,-0.57165,-0.63973,-0.50637,-0.53008,-0.57526,-0.53204,-0.29222,-0.62355,-0.68346,-0.61262,-0.48336,-0.77983,-0.5859,-0.70721,-0.66788,-0.53348,-0.8032,-0.58959,-0.77173,-0.9328,-0.37513,-0.73337,-0.6366,-0.15032,-0.67851,-0.6692,-0.81354,-0.6452,-0.40697,-0.71136,-0.91701,-0.68036,-0.32258,-0.50712,-0.28749,-0.71976,-0.63123,-0.82662,-0.65772,-0.7879,-0.43652,-0.84038,-0.70728,-0.45538,-0.47711,-0.21933,-0.74572,-0.58097,-0.27697,-0.68364,-0.60568,-0.83632,-0.6261,-0.44578,-0.56634,-0.69521,-0.67539,-0.60083,-0.60511,-0.32802,-0.79478,-0.93135,-0.93675,-0.60643,-0.65616,0.12071,-0.31701,-0.74451,-0.39036,-0.33901,-0.43722,-0.84611,-0.85927,-0.54838,-0.53134,-0.39759,-0.48201,-0.31704,-0.56277,-0.48841,-0.56106,-0.38712,-0.78431,-0.67847,-0.75569,-0.34448,-0.58709,-0.25201,-0.39153,-0.62276,-0.57783,-0.3884,-0.72329,-0.63529,-0.68278,-0.66805,-0.2051,-0.7749,before Th
2.10804,-0.3565,0.5774,1.09033,0.00605,1.07307,0.00948,0.24193,0.42508,0.05641,1.03863,-0.5448,-0.17452,2.01913,1.31296,1.99447,1.21153,0.70485,1.65812,-0.42926,0.2539,-0.08909,1.40471,0.76962,0.10632,1.27629,-0.16022,3.04646,0.41634,1.53492,-0.3914,0.25011,0.35993,0.82807,0.09854,-0.05305,-0.11527,0.29203,0.79188,1.84065,2.3094,1.54252,0.84243,0.95236,0.57619,2.46379,0.38978,1.6946,0.75933,1.33276,0.83771,0.68844,1.95197,0.47219,0.58268,2.60027,0.5244,-0.65053,-0.16141,0.04899,-0.09671,0.37041,0.88889,0.13065,1.28876,-0.0493,1.01745,0.7263,0.76033,1.60692,-0.3266,-0.14449,1.92674,0.42025,0.93467,-0.33366,0.54946,1.71918,-0.7166,0.60828,0.53412,1.19352,1.24316,0.65257,1.35605,0.70659,0.00298,1.08312,-0.06617,0.79496,1.45554,-0.77924,0.1744,1.17901,0.76762,-0.30694,0.64836,0.75542,0.1966,-0.03513,before Th
0.36819,-0.27723,-0.07554,0.42405,0.01401,0.13164,-0.12635,-0.21822,-0.13448,0.06175,0.15772,-0.11532,0.72497,1.91827,1.14396,1.69754,1.99569,1.51057,1.29339,-0.17135,0.05346,-0.43252,0.89537,1.27392,0.57036,0.03977,-0.35141,0.86084,0.58614,0.99904,-0.15025,0.4714,-0.2082,0.96134,0.93127,-0.32498,0.87254,0.3372,0.73656,1.39287,1.45113,0.48495,0.26008,-0.36824,0.08518,1.34901,0.35868,0.48899,0.14593,-0.67911,0.20296,0.02285,0.73656,-0.49834,-0.30045,1.68579,0.00393,0.66533,1.37363,0.20082,-0.30625,0.40501,0.61274,0.30352,0.9725,0.91407,1.14587,-0.10185,1.1755,0.87745,0.63281,2.32784,0.93843,0.24868,0.65532,0.1856,1.07552,0.64931,-0.61846,2.04528,0.73123,0.46572,0.47361,1.50059,0.28028,0.38913,0.07583,0.18969,5e-05,-0.27775,0.4013,-0.31942,-0.49674,0.35285,0.31206,-0.27917,0.27933,-0.45293,0.20576,0.2006,before Th
-0.93964,-0.58401,-0.76822,-0.73392,-0.7487,-0.83879,-0.79036,-0.50933,-0.67705,-0.72414,-0.95777,-0.60221,-0.73073,-0.99558,-0.94247,-0.80636,-0.2145,-0.03969,-0.84805,-0.70127,-0.67739,-0.68974,-0.84168,-0.93429,-0.93755,-0.77283,-0.74071,-0.97802,-0.73415,-0.91193,-0.62278,-0.9412,-0.64863,-0.91843,-0.81425,-0.50231,-0.7843,-0.85505,-0.74197,-0.9488,-0.93462,-0.97784,-0.47601,-0.73347,-0.44551,-0.80737,-0.77319,-0.87654,-0.77447,-0.81395,-0.69684,-0.83545,-0.85837,-0.77114,-0.88365,-0.86649,-0.72573,-0.72782,-0.77843,-0.96821,-0.76281,-0.60088,-1.03784,-0.64526,-0.88843,-0.69904,-0.84132,-0.72018,-0.67051,-1.02805,-0.72519,-0.88783,-0.87415,-0.98217,-0.6509,-0.8471,-0.96923,-0.61501,-0.85413,-0.71976,-0.67385,-0.74826,-0.79746,-0.79178,-1.00672,-0.80825,-0.89397,-0.69722,-0.69551,-0.4834,-0.76024,-0.91274,-0.54188,-0.86867,-0.97813,-0.72784,0.05905,-0.5376,-0.6881,-0.5634,before Th
-0.58828,-0.07821,-0.47694,-0.52797,-0.37852,-0.80372,-0.42283,-0.52757,-0.24712,-0.63234,-0.69025,-0.48166,-0.69145,-0.67735,-0.63092,-0.63236,-0.57145,-0.72117,-0.96175,-0.46548,-0.35841,-0.58163,-0.23121,-0.406,-0.65685,-0.60332,-0.32118,-0.69097,-0.79732,-0.87053,-0.46545,-0.70018,-0.56608,-0.84088,-0.72041,-0.12843,-0.70804,-0.63434,-0.63507,-1.04552,-0.70304,-0.88617,-0.82052,-0.38724,-0.63188,-0.84384,-0.81654,-0.88016,-0.56693,-0.59485,-0.6762,-0.3854,-0.80499,-0.65606,-0.71545,-0.78795,-0.73106,-0.63408,-0.91464,-0.65189,-0.69475,-0.40724,-0.73763,-0.62783,-0.66058,-0.71804,-0.68078,-0.73556,-0.61369,-0.88233,-0.82167,-0.43808,-0.53729,-0.62021,-0.88797,-0.39283,-0.61515,-0.47094,-0.51536,-0.71446,-0.60186,-0.69815,-0.66291,-0.57727,-0.91329,-0.70304,-0.82497,-0.61028,-0.54188,-0.1961,-0.62825,-0.61125,-0.3936,-0.59607,-0.7993,-0.38585,-0.5429,-0.83902,-0.15603,-0.48818,before Th
-0.67355,-0.62667,-0.69609,-0.76586,-0.78218,-0.5428,-0.72462,-0.57833,-0.71948,-0.69932,-0.78894,-0.63312,-0.61972,-0.2655,-0.68267,-0.82095,-0.49098,-0.7759,-0.52346,-0.60684,-0.67033,-0.87267,-0.59039,-0.55177,-0.86863,-0.85805,-0.44231,-0.6525,-0.74229,-0.52263,-0.68214,-0.82014,-0.67291,-0.79018,-0.75266,-0.47148,-0.49797,-0.51958,-0.53078,-0.76623,-0.70252,-0.69696,-0.61825,-0.62892,-0.68272,-0.55116,-0.51797,-0.82567,-0.80971,-0.67556,-0.77291,-0.85521,-0.6878,-0.6499,-0.65558,-0.64971,-0.64555,-0.81277,-0.69513,-0.44938,-0.74678,-0.59306,-0.84742,-0.71,-0.68655,-0.52628,-0.89625,-0.56996,-0.81663,-0.85971,-0.85407,-0.58423,-0.86302,-0.61905,-0.69717,-0.78457,-0.87453,-0.41822,-0.68264,-0.6672,-0.92054,-0.66901,-0.51814,-0.74296,-0.72211,-0.79061,-0.64186,-0.63589,-0.7518,-0.60334,-0.53673,-0.69755,-0.4279,-0.77265,-0.76993,-0.63987,-0.74988,-0.76433,-0.57056,-0.71459,before Th
1.79058,2.05791,0.55693,1.16773,2.11634,0.77427,0.29678,-0.21031,0.79199,1.30264,0.7134,-0.33479,0.25751,2.20659,0.92416,0.30866,0.91881,1.78725,-0.2669,0.41633,0.12887,0.96071,2.12666,2.02985,1.13172,2.3138,1.73935,0.08642,0.37675,0.51734,1.94489,0.67105,-0.05599,2.03883,1.17459,-0.18088,-0.35101,2.13418,1.38099,1.27448,1.06663,0.74883,1.71521,0.32936,2.08837,0.84023,2.11141,0.19294,0.49257,0.68879,0.63165,-0.04188,1.19159,-0.01896,1.11057,0.4143,1.24776,-0.60538,1.37409,0.61283,0.84835,-0.12754,1.09694,0.52088,0.01689,0.5773,0.51788,1.72049,0.56581,1.34879,0.50455,1.57477,0.52127,0.31726,1.23771,1.46384,0.36231,-0.52481,1.57781,1.20678,0.42542,0.66237,0.7184,1.50722,1.82681,0.03498,1.09005,1.1097,1.44972,0.56505,0.53532,1.08817,2.6991,3.15256,1.59676,0.5993,1.11042,2.53591,0.18626,0.53239,before Th
1.30646,0.06642,2.40573,0.37027,0.32511,0.75262,0.40458,0.47429,1.24129,0.22948,0.95336,0.5703,0.45872,1.60795,1.79058,0.92134,0.00815,0.6379,0.88965,0.72822,0.46447,1.63613,0.01342,1.99812,0.51723,1.12717,0.14425,2.25352,0.8421,1.42574,0.12288,1.5963,0.48568,1.07026,1.04607,-0.16221,-0.02103,0.58527,1.0305,0.08795,0.63002,0.87509,1.85424,1.17755,0.7546,0.79665,0.4127,1.06852,0.70297,1.51711,1.40493,-0.43674,1.00293,0.46112,0.37455,0.74685,-0.22844,0.59981,1.13415,1.15681,0.06344,-0.42336,2.17739,1.16914,0.29869,2.49481,0.26452,0.31251,0.7241,0.38831,1.48172,1.03405,0.70245,0.82785,0.73434,0.17233,0.50558,-0.39278,1.99985,0.23614,0.96962,1.92297,0.74761,-0.50106,0.94943,0.05782,0.66629,0.64324,1.26504,0.44926,0.48449,1.3941,-0.23984,0.25976,0.40366,-0.17109,1.21811,1.33526,0.99488,0.41749,before Th
-0.79368,-0.33209,-0.60572,-0.48192,-0.77773,-0.81064,-0.68626,-0.53187,-0.55113,-0.67497,-0.87022,-0.398,-0.67636,-0.64948,-0.83323,-0.71454,-0.54008,-0.52843,-0.88517,-0.49659,-0.62301,-0.71414,-0.73664,-0.58668,-0.78055,-0.57806,-0.73272,-0.36735,-1.02782,-0.75778,-0.77744,-0.88807,-0.56962,-0.84505,-1.04112,-0.40857,-0.71229,-0.5106,-0.9189,-0.75276,-0.87806,-0.86179,-0.65803,-0.5607,-0.68153,-0.85741,-0.54974,-0.74687,-0.83414,-0.67804,-0.59479,-0.6406,-0.91042,-0.58472,-0.818,-0.79583,-0.81206,-0.77584,-0.87123,-0.925,-0.54252,-0.45168,-0.76673,-0.63282,-0.80683,-0.76396,-0.76561,-0.63087,-0.89864,-0.86321,-0.6339,-0.7644,-0.80013,-0.71393,-0.70584,-0.77982,-0.68463,-0.50302,-0.91417,-0.8048,-0.76168,-0.72231,-0.80675,-0.82841,-0.93317,-0.90798,-0.61041,-0.72442,-0.72627,-0.66035,-0.75022,-0.46059,-0.58472,-0.7927,-0.9154,-0.66885,-0.7091,-0.79532,-0.68517,-0.62138,before Th
0.66987,-0.38397,-0.04051,1.5396,1.05905,0.96653,0.73228,-0.4683,-0.13476,0.02478,0.27422,-0.0157,0.62333,1.86432,0.57843,0.79572,2.01843,0.52395,0.60212,-0.38797,-0.71594,1.17087,-0.01236,-0.17745,0.43117,0.60284,1.40451,0.96241,0.74994,0.94015,-0.36598,0.28177,-0.2912,1.55981,1.06217,-0.41051,0.46777,1.50642,1.87059,2.02604,0.29768,0.02304,0.53828,0.63899,0.96632,0.52427,0.26563,0.52693,0.3427,1.58071,1.2268,1.29193,0.1881,0.29386,2.00245,2.03758,0.30171,0.37166,0.84536,1.2393,-0.45333,-0.2581,0.33016,-0.62075,0.49613,0.33518,0.54801,0.0617,1.80005,1.566,0.86763,-0.07553,0.56972,-0.09207,1.28207,1.18503,1.63502,0.59228,0.12457,1.1912,-0.13777,-0.14135,1.1389,0.51591,1.19541,0.82551,0.35877,0.01036,-0.3206,1.08078,0.02654,0.39433,0.20474,1.11023,1.35891,-0.03459,1.08362,1.85498,-0.41337,0.51261,before Th
-0.57797,0.42738,-0.35943,-0.69772,-0.52375,-0.64957,-0.50868,-0.0977,-0.30363,-0.58333,-0.52168,0.11854,-0.4937,-0.60271,-0.68592,-0.78453,-0.26917,-0.50617,-0.82785,-0.23664,-0.33259,-0.49172,-0.50374,-0.82592,-0.82976,-0.56437,-0.20854,-0.59726,-0.71475,-0.85562,-0.5173,-0.98383,-0.69321,-0.83742,-0.54349,0.03232,-0.44688,-0.69084,-0.78129,-0.87234,-0.6309,-0.65064,-0.55121,-0.50621,-0.00017,-0.62029,-0.65324,-0.13907,-0.40289,-0.33216,-0.47422,-0.26049,-0.64512,-0.40728,-0.74856,-0.78215,-0.48106,-0.77211,-0.88558,-0.63127,-0.50047,-0.4835,-0.74366,-0.42645,-0.87284,-0.82798,-0.36618,0.59759,-0.5706,-0.44991,-0.47355,-0.76944,-0.77482,-0.76299,-0.83176,-0.65221,-0.9514,-0.61227,-0.84225,-0.75491,-0.4978,-0.65272,-0.57293,-0.83472,-0.57511,-0.90582,-0.51477,-0.49934,-0.6511,-0.52741,-0.68053,-0.38885,-0.08901,-0.62874,-0.81512,-0.65492,-0.14302,-0.41913,-0.69185,-0.02995,before Th
0.87589,0.08858,0.04567,0.57117,0.91074,0.18014,-0.09667,0.02454,-0.59558,0.1204,0.10128,-0.35668,1.10726,-0.05117,0.38561,-0.37602,0.74312,0.46232,1.07167,-0.2044,0.12374,1.35751,0.39046,-0.31754,1.55288,1.34815,-0.38593,-0.36379,0.95952,0.95851,-0.28831,0.714,0.50051,0.87883,0.04932,0.19702,-0.31864,0.49949,-0.07095,1.18738,-0.46844,0.82288,0.33819,1.21304,0.32757,0.08694,-0.3558,1.18473,0.061,0.97203,-0.32252,0.91874,0.89744,0.19169,0.93446,0.05164,0.69122,1.51496,0.93558,0.25254,0.92775,0.96433,0.39772,0.39931,0.56558,0.42564,0.57623,-0.44945,-0.20547,0.99737,0.41638,-0.48587,-0.29936,-0.07921,2.344,0.97646,0.55188,0.07917,0.33151,0.10253,0.10828,-0.56774,0.06863,0.65921,0.91538,0.73352,-0.05483,0.21791,0.10974,-0.49096,0.77134,-0.81551,-0.18986,0.39104,-0.02311,0.3105,0.89785,0.4591,-0.099,0.96809,before Th
0.18952,1.8836,1.67346,0.73158,1.02095,0.50265,0.96851,1.04911,0.7136,1.38245,0.7201,-0.32514,0.8284,1.02094,0.97424,0.7255,1.90891,0.43936,0.0753,0.86225,0.7216,0.84754,0.68888,0.99101,1.17512,2.44616,0.56366,0.8016,1.09132,0.66391,1.48452,0.93644,1.89899,1.40543,1.90664,-0.0928,1.52399,2.00367,1.41581,0.7322,0.68267,0.40888,0.56466,0.93184,0.39593,0.36188,1.31205,0.40019,0.97822,-0.54352,1.11629,2.00426,1.24649,0.79761,0.81454,-0.47008,0.17907,1.76425,0.58858,0.59188,1.08217,1.20451,0.0261,1.5048,0.76723,0.39981,0.26284,2.34174,1.30173,1.41284,2.4431,0.59494,1.19195,0.67233,0.33621,1.22896,1.96104,-0.19926,1.00696,1.09373,0.76381,-0.40878,1.01971,0.67628,0.88353,1.01689,0.9342,0.12907,0.93907,0.46098,-0.21641,0.18501,0.98184,1.57161,0.88925,-0.0963,2.09673,0.15502,0.51344,1.0413,before Th
0.96116,2.66743,3.04885,2.29748,0.37854,2.2382,1.6317,3.16449,2.29917,1.90809,1.96404,0.93544,3.16416,0.79526,2.87328,2.30135,-0.24076,-0.08282,1.42484,3.31592,2.47256,2.05145,3.17842,1.47552,1.40429,-0.15764,3.41243,0.45097,1.96006,1.0296,1.9425,1.84357,1.87584,1.87721,1.65695,2.77722,2.65002,2.41256,2.0214,2.09588,2.72623,1.73975,1.00812,-0.67607,1.5756,2.1025,-0.64609,0.04146,1.72745,0.95535,2.68563,3.16557,0.98818,4.01031,0.80626,-0.16025,2.35576,2.31102,1.3389,4.68114,1.27606,3.53107,0.16295,1.7691,2.24172,1.7063,2.38745,-0.58518,1.8937,2.07882,4.52922,2.5595,0.3056,1.27026,-1.20921,1.06972,2.81023,1.83515,1.49624,1.77548,2.44617,2.17368,-0.5955,0.93177,2.12883,3.0125,2.86412,2.57602,1.2105,2.67273,2.48241,-0.32541,-0.31047,3.05478,2.47581,2.34828,1.03156,3.22956,1.2243,5.80197,before Th
1.70555,0.89731,1.38116,1.47376,2.10255,2.24077,1.40791,1.86292,2.48288,3.85962,1.87522,0.17721,1.1342,0.84487,1.0273,1.46388,1.39001,0.98839,0.97062,1.24483,0.72228,0.9551,0.55891,0.05247,1.62299,-0.03845,1.0211,1.11973,2.37875,1.41203,1.76208,1.90353,-0.22518,2.09655,0.79628,1.99801,2.16441,2.09247,2.39838,0.13229,1.66812,1.16803,1.38659,1.88555,1.13397,1.35014,-0.16424,1.32854,0.99007,0.10777,3.4429,0.79336,0.56082,1.49518,1.99417,2.5292,3.40645,1.59005,0.24011,1.95191,2.88027,0.39774,2.34567,1.49018,1.21063,1.48193,1.00046,2.24364,1.27211,0.94516,1.9581,1.18432,1.96115,0.58365,0.18064,0.98089,1.09713,3.06691,3.38885,2.37981,1.97577,2.00594,0.90864,1.64954,0.46371,1.5642,1.47069,1.55503,2.67882,-0.14204,0.40718,0.56342,-0.41553,1.20901,1.84502,3.40822,1.83596,2.46426,0.51564,1.94728,before Th
1.32536,0.22893,2.17933,1.81064,0.35286,0.79307,1.13932,-0.08419,1.06793,1.31458,0.89623,0.89021,0.94574,1.51065,0.06126,-0.05324,1.41238,0.50619,0.9305,1.23665,1.35716,1.65334,0.47014,2.92962,1.22016,0.673,1.58082,1.20394,0.95686,1.78853,1.16228,1.19269,1.29518,0.92886,0.83587,1.09167,1.09364,1.90612,1.39644,1.24465,0.84997,0.60849,0.60342,1.75146,1.01623,0.3564,-0.10932,1.05481,0.98122,0.73259,0.83282,0.76131,1.0007,0.37262,1.2055,0.939,0.46875,1.04968,1.38678,1.05413,1.17149,2.07381,1.41293,-0.03722,0.76824,0.93427,0.3595,2.0019,1.41528,0.45369,1.38513,0.684,1.07683,0.67673,2.09883,0.69118,0.55053,0.39992,1.10347,0.70197,-0.30706,1.6533,2.26006,2.96397,0.77823,1.02689,0.28201,0.30536,1.77343,1.20432,1.04986,0.41834,0.15362,0.91343,0.87745,1.3135,1.15747,-0.28602,-0.07291,0.18324,before Th
1.13471,2.22723,2.02716,2.10155,1.66806,0.90831,-0.03533,1.76296,0.88324,0.81507,1.92057,1.07978,0.62464,1.2384,1.05469,0.92667,0.58831,0.92988,0.80563,3.67572,3.49302,0.7403,1.60242,0.0934,0.8321,1.04268,1.8291,2.04956,1.60227,0.49285,1.753,2.2831,0.87857,1.24297,1.51466,1.97996,1.57941,0.29137,0.24883,1.07303,1.22123,0.94397,-0.57642,1.61017,0.245,2.30205,2.45061,1.6083,2.48376,0.80932,0.90302,2.5145,1.61145,3.54892,1.99649,0.66848,0.76555,-0.4067,1.01256,0.52587,1.1266,2.42546,0.66996,1.49699,1.48795,0.97282,1.87635,-0.16188,2.60486,-0.43818,0.58743,2.56085,0.15579,2.63543,0.36404,1.27092,0.86389,1.30714,2.17427,2.28874,0.62446,1.62483,1.27429,1.43764,1.7098,0.6134,0.28874,0.72391,0.40816,2.1212,2.04181,0.59335,-0.12892,0.65854,1.42039,3.53089,0.84406,0.79077,2.03768,0.51917,before Th
1.29829,1.00552,0.41458,0.86972,0.87212,0.51499,1.13798,0.30473,0.16391,0.54424,0.64859,0.37019,0.85313,1.68906,1.74827,1.88698,0.01873,-0.29983,1.25467,0.13955,-0.47746,1.00689,0.7469,1.79265,1.37556,1.1173,-0.02022,1.51529,0.9891,1.45471,0.98808,0.65908,1.01995,1.15773,1.21786,-0.35481,0.82039,1.65805,1.23037,0.42962,0.66214,0.37029,1.37172,0.47551,0.86769,1.23511,1.9177,-0.63143,1.10038,2.33951,1.23472,-0.43352,1.7077,1.58407,1.92772,2.25005,1.57622,0.71708,1.28479,0.7065,0.67848,-0.36945,0.98264,0.45905,0.95535,2.52011,-0.07223,1.64859,1.64645,2.08193,-0.2809,1.34169,-0.53439,0.71785,1.12483,1.62349,1.18505,0.45984,0.60516,0.50961,1.58123,0.75345,0.76919,1.3012,1.04427,2.6192,0.82819,0.90025,1.21479,0.57261,-0.52247,1.70469,2.17993,2.48794,1.13092,0.74449,-0.21272,-0.61384,1.45719,0.45875,before Th
1.42108,3.3411,1.82413,1.45267,0.79831,1.75158,1.34255,1.66893,2.30487,0.77784,2.43954,2.75912,0.38333,1.45436,0.87263,2.94212,0.65059,1.79817,1.0839,2.00117,2.63419,1.33747,1.38178,0.86707,0.78414,2.28217,0.11389,1.46508,2.71012,1.93349,2.39829,1.63961,2.45024,0.98457,2.30975,0.96648,0.27895,0.46859,3.15871,0.9458,1.31527,1.54241,3.86651,-0.43161,-0.42374,1.43304,3.56387,2.91219,1.5903,1.08492,-0.17598,-0.03665,1.19671,1.00257,0.64052,1.2004,1.04135,1.23756,1.44005,0.57147,1.04527,1.82453,1.56304,1.48428,0.96884,2.71595,1.43597,0.76012,0.15289,2.58486,-0.1731,-0.56264,0.48192,1.57916,0.83705,1.59202,0.55841,2.71524,2.00237,1.83057,2.45248,2.77464,2.82334,0.07962,0.57298,0.98328,0.76804,2.88526,1.78403,2.28394,0.77495,2.26278,3.01147,2.92977,0.78835,3.52546,-0.70245,1.90941,2.64418,1.08394,before Th
2.40827,2.71045,0.81655,0.5986,1.41639,0.77806,-0.47351,2.36961,1.8493,2.27658,1.29761,5.02491,0.4683,1.57825,1.28697,0.26552,-0.68858,0.65399,1.05597,2.66283,1.61437,2.85644,3.6643,0.46125,0.92208,-0.68441,1.43507,0.48676,0.76417,1.57469,4.1882,1.25511,3.15974,2.56716,1.18877,4.94581,-0.49307,2.07834,-0.46581,1.11231,2.08272,0.66491,2.53481,3.92663,4.14599,2.43926,2.76405,-0.62109,1.6799,0.72021,4.14447,-0.68764,1.68084,2.04554,1.01769,-0.68835,2.38779,-0.56913,0.23812,0.07158,3.59403,0.13005,0.48683,1.86779,2.4911,0.50441,1.8324,-0.0509,-0.19417,0.96751,3.20217,1.42301,1.05321,2.05858,1.38025,0.21535,-0.74745,5.32358,2.59251,1.24717,1.54053,4.67353,1.21784,1.81632,1.91593,1.72159,1.89377,1.43606,3.1281,4.89112,2.36667,2.21338,4.94471,0.03822,0.5309,3.03855,-0.28656,2.45021,3.65118,-0.00096,before Th
0.97618,2.95916,1.81665,0.99276,-0.01621,1.43388,1.08634,0.20141,1.50913,1.50299,1.11172,1.68717,3.42876,1.46242,0.83552,1.16966,-0.25589,0.79866,2.10084,0.95653,0.28032,0.86567,1.23658,0.7296,1.42186,-0.13302,0.87311,1.75304,0.69388,0.91934,1.39045,0.66334,1.33029,0.94362,0.19684,0.67789,0.35726,1.06854,1.05587,0.61544,1.73925,0.83771,-0.03882,-0.31735,-0.42388,1.73995,0.95299,1.39285,0.8329,2.18626,1.53786,0.63609,1.32997,0.72207,0.71846,0.98859,-0.27952,0.67432,1.27465,0.6688,0.73102,0.39079,1.30128,1.77137,0.90031,1.20732,1.97115,0.48265,1.23666,1.21541,1.22914,0.33502,0.60575,1.03631,0.42501,0.45056,2.04617,0.01306,0.02683,1.1102,0.72994,0.48542,0.15537,1.79218,1.28963,-0.08259,0.83299,1.11124,1.88699,-0.39104,1.45845,2.6375,0.19021,0.4294,1.396,0.46972,0.07466,0.95146,0.777,0.50816,before Th
1.04632,1.6626,0.27051,1.03631,-0.49566,0.70856,2.51107,-0.57239,0.57733,1.1632,0.5491,0.27771,0.55822,-0.46796,0.29413,0.84426,1.60013,-0.12228,0.48075,0.4925,0.57865,2.17252,1.54007,0.20552,1.05783,-0.24542,-0.04381,-0.58967,1.09273,0.51424,0.55531,0.8821,1.7185,-0.11944,0.13245,-0.2747,0.90801,2.43463,0.78523,-0.36043,0.86892,0.72996,2.19613,-0.44686,0.26492,0.20307,-0.40301,1.20568,1.52913,1.17919,0.61928,0.99207,-0.7981,-0.04731,0.50886,-0.11721,1.01119,0.64027,3.32537,1.14884,1.17155,-0.21476,0.94166,1.44397,0.03477,1.37696,0.13195,2.58158,-0.71134,1.41261,1.26331,-0.64254,2.66605,0.77717,0.37056,0.39024,0.90588,-0.44332,0.42293,-0.48317,0.77167,0.67947,1.03996,-0.44322,1.014,0.93125,0.67481,0.18017,1.45269,1.41661,1.10517,0.80066,1.10398,0.11752,0.69083,0.23037,1.59832,1.18189,-0.48826,1.82857,before Th
1.32664,0.4984,0.26581,0.12328,2.06427,0.4028,1.6114,-0.32076,0.08892,-0.83233,1.89519,0.62354,1.00169,0.41892,1.01438,2.27557,0.69903,-0.03166,-0.32106,-0.04726,1.23089,1.25888,-0.59049,1.05492,1.02081,2.62129,0.48375,-0.3928,0.31687,-0.0642,-0.2879,1.29795,1.44613,0.21222,0.78509,-0.09683,0.83003,-0.02807,0.68067,0.60581,0.68068,0.4112,-0.14301,-0.64612,0.39978,1.75713,2.0768,1.063,1.20347,-0.36197,-0.35687,0.92342,0.83545,1.05919,1.09136,1.48394,0.11997,1.79715,0.21654,0.44987,-0.04597,2.26186,1.12638,2.38748,1.00555,0.31894,1.25226,0.09933,1.14544,0.98325,1.80242,0.66532,-0.0787,0.90158,1.66946,0.97351,1.36193,-0.34701,0.7088,0.07294,-0.19508,2.00431,-0.38608,-0.06259,1.68684,-0.74079,0.09931,0.84365,0.39159,-0.16953,-0.72414,0.89036,-0.26993,1.27787,1.35342,-0.35284,0.12036,-0.72292,0.71585,0.98575,before Th
0.97771,0.13882,2.15019,1.36417,0.35328,0.36772,2.55396,-0.10862,2.59023,1.66202,1.23416,2.00102,0.9454,1.59748,0.80745,2.00072,1.82696,-0.64419,0.96159,2.16161,1.12791,0.66389,2.39116,1.31747,1.25081,0.65007,2.95793,2.00946,1.2043,1.17775,1.16378,2.67579,-0.60952,1.80863,1.65405,0.01884,1.02915,1.22524,0.43877,1.69772,1.06137,1.34492,0.67221,0.18404,0.24992,0.89945,-0.1344,2.00669,-0.63028,3.30116,0.94697,3.48618,1.67253,2.65708,1.72342,2.6152,1.22016,0.79514,0.9979,1.20318,-0.46653,0.8989,3.34828,1.88495,1.9991,1.72374,2.1856,3.37444,3.02273,0.22508,1.33912,1.97894,0.97473,2.01056,0.24956,3.81125,2.88517,1.60613,2.01154,1.88659,1.07748,-0.02834,1.02917,1.65302,1.39159,1.19082,1.71052,4.44721,1.07377,1.27748,0.47792,2.60394,4.56489,-0.85847,0.57321,2.42962,-0.48226,2.35,1.04267,0.16716,before Th
0.66658,0.81518,0.10973,0.73103,0.6631,0.15497,0.27724,0.65503,0.47354,0.34175,0.50447,0.16712,1.41127,0.75556,0.20143,2.15419,2.45826,1.63696,0.563,-0.16212,0.77268,0.97334,0.3632,-0.52778,1.80534,1.18353,0.14668,0.381,0.01275,1.13338,0.49669,0.14328,1.29552,1.06029,0.1782,-0.04724,-0.10873,-0.05749,0.85563,1.14004,1.25158,0.90917,0.38847,0.56286,-0.00481,1.83946,0.46013,0.41399,0.42958,0.17223,0.67524,0.42794,1.23893,0.21784,0.0227,1.46113,0.12094,1.1595,1.48816,0.93351,1.37665,1.27166,0.43306,-0.12992,0.36676,1.18574,0.50269,0.28279,0.46356,1.01655,0.4061,0.1763,1.43386,0.1278,1.91066,0.58587,1.21118,0.87616,0.03376,1.12967,0.94875,0.06148,0.6251,1.36948,1.13409,0.73025,-0.10021,-0.1122,0.97614,0.49382,0.34448,-0.74901,0.05953,1.67332,0.86728,0.12323,1.21569,-0.05167,1.05173,-0.21605,before Th
1.28378,0.56607,1.32981,1.93772,3.23485,2.95342,4.15786,2.62175,4.51087,1.37051,1.66824,1.95106,2.16399,2.01359,2.03823,-0.84209,1.62705,0.32214,1.95234,2.9965,3.50452,2.3597,1.88605,0.04667,1.05831,-0.01054,3.62255,0.63786,1.27724,0.39612,2.34071,1.43019,-0.44409,2.06452,1.9186,3.97486,1.69622,2.85191,1.72839,2.15531,0.60203,2.2742,1.38367,3.54296,4.3285,1.47451,3.49034,2.06575,3.06578,1.3927,3.5583,1.25203,1.99496,1.45627,3.46767,-0.43575,2.67319,0.6153,1.43438,1.91389,3.59319,-0.23766,1.9283,2.54555,2.67634,-0.19569,3.11691,3.49568,3.42462,2.31177,0.67861,1.70438,2.23296,1.45405,1.18835,1.61464,0.41088,3.76416,2.63713,1.58034,1.90713,1.89643,1.88006,-0.20164,2.0954,2.20605,4.33725,2.60286,0.49949,2.97765,2.21705,0.8466,1.3234,-0.93686,1.89855,-0.18811,0.25899,3.6076,4.28816,1.66331,before Th
-0.83339,-0.28747,-0.42857,-0.59368,-0.48299,-0.75835,-0.44785,-0.01279,-0.53354,-0.556,-0.86841,-0.12207,-0.55785,-1.01657,-0.86767,-0.64787,-0.5889,-0.46653,-0.78591,-0.54536,-0.6119,-0.43524,-0.58584,-0.55871,-0.89158,-0.44613,-0.45804,-0.95726,-0.61111,-0.81152,-0.71446,-0.67703,-0.40886,-0.89391,-0.61399,-0.12851,-0.43773,-0.81532,-0.88464,-1.00991,-0.89958,-0.8594,-0.18484,-0.51744,-0.67741,-0.96277,-0.59809,-0.58772,-0.73559,-0.61788,-0.60484,-0.77066,-0.87824,-0.65205,-1.0064,-0.68653,-0.66138,-0.3738,-0.72488,-0.80651,-0.22518,-0.73316,-0.7493,-0.72798,-0.66195,-0.93073,-0.86509,-0.39015,-0.46618,-0.63143,-0.67399,-0.60113,-0.54094,-0.78338,-0.57173,-0.59919,-0.85382,-0.57006,-0.44649,-0.37574,-0.93304,-0.72075,-0.85257,-0.48497,-1.06698,-0.60644,-0.55219,-0.33261,-0.60089,-0.7695,-0.63571,-0.41574,-0.54889,-0.62214,-0.81282,-0.43007,-0.49826,-0.49079,-0.595,-0.5725,before Th
