X02152_at,M14328_s_at,J03909_at,X56494_at,L17131_rna1_at,M57710_at,HG1980-HT2023_at,M63138_at,HG417-HT417_s_at,HG2279-HT2375_at,D82348_at,M22382_at,M20471_at,J04173_at,U28386_at,X62078_at,X12447_at,L33842_rna1_at,L02426_at,X17620_at,D79997_at,D55716_at,X16396_at,V00594_s_at,X17567_s_at,HG4074-HT4344_at,X67951_at,L19686_rna1_at,M25753_at,X15183_at,U29680_at,J02783_at,D43950_at,U14518_at,U12595_at,J04988_at,D45248_at,D13633_at,L25876_at,X74801_at,U40369_rna1_at,X01060_at,U53347_at,X69433_at,D25328_at,Z21966_at,X03689_s_at,U81375_at,X59834_at,M16591_s_at,M19645_at,U09587_at,L19437_at,X16983_at,U24577_at,M63835_at,X14850_at,M75715_s_at,X76534_at,J03077_s_at,M86699_at,Z50115_s_at,D38048_at,HG4716-HT5158_at,U59309_at,M13792_at,M22760_at,D31887_at,U78525_at,X52851_rna1_at,X59543_at,M15205_at,K03515_at,U23143_at,M12529_at,D38553_at,U24169_at,U86602_at,M94856_at,X70649_at,M95623_cds1_at,D31890_at,M29536_at,Z11793_at,X67155_at,U79254_at,D14657_at,J04611_at,J02645_at,D26599_at,AB002409_at,M31642_at,U22055_at,U62293_rna1_s_at,D38073_at,L06419_at,D84557_at,K03430_at,U51478_at,M60858_rna1_at,class
1.0892,0.5751,0.2864,0.2385,-0.4566,1.2701,-0.273,-0.2841,-0.13,0.6319,-0.5136,-0.2422,-0.5048,0.6873,-0.2319,-0.5026,-0.0665,-1.0204,0.1343,0.1037,0.0501,-0.536,0.9896,0.3048,0.1221,0.1987,0.1897,1.1113,0.2005,0.401,2.1234,-0.5782,-0.501,0.5443,-0.4387,-0.2594,-0.5487,0.8442,0.9233,-0.4733,-0.1178,0.55,-1.0929,0.2662,0.349,0.3288,0.5073,-0.2748,-0.1517,-0.5711,-0.5974,-0.3958,-0.086,-0.5669,-0.138,-0.1816,0.1028,0.2369,-0.2455,-0.5941,0.0956,0.0069,-0.4157,-0.2748,-0.2458,0.4816,0.027,0.4133,-0.5535,0.3641,-0.0909,0.0458,-0.2551,-0.0021,0.1756,0.3431,-0.1664,-0.0519,0.7719,-0.3159,0.0121,-0.4285,0.6868,-0.9025,-0.2778,-0.7825,1.2221,-0.4566,0.3524,-0.002,-0.6026,0.2026,-0.7239,-0.3014,-0.509,0.3746,-0.672,-0.4045,-0.3394,-0.3852,DLBCL
0.6969,0.6552,1.1359,1.0556,1.1669,1.7665,0.7503,1.9918,1.469,0.9211,0.5995,-0.011,1.0909,0.1818,0.8908,0.7592,1.8896,-0.407,0.6394,-0.3357,0.1282,0.1425,0.551,1.8133,0.4481,-0.0907,0.9709,0.8101,-0.2655,0.4022,0.8183,2.2945,-0.1072,-0.3704,0.7371,0.9766,1.0639,-0.3512,-0.698,0.6915,2.7113,-0.6058,0.8989,1.5665,1.2668,-0.7861,-1.8261,1.5256,1.7205,0.3915,-0.0366,0.5094,1.5566,-0.8408,1.4383,1.2976,0.7056,0.3026,0.5173,1.8452,-0.3405,0.8286,0.374,-0.5717,1.3565,0.4254,0.6666,1.8268,0.6325,-0.3554,0.453,-0.2723,-0.4416,-0.3301,2.4994,-0.1357,0.4951,0.2619,-0.8274,0.5745,1.0666,0.8684,0.4136,0.8021,-0.9612,0.659,-0.7424,0.5699,0.3176,-0.0574,-0.5115,0.2673,0.6497,1.1678,0.2233,2.288,0.281,0.8359,-0.346,0.6061,DLBCL
0.7135,0.7295,0.6743,1.0978,0.8321,1.6699,1.3541,1.4918,1.8897,0.5514,0.8501,0.6401,1.6305,0.5297,0.9921,2.168,0.794,0.5708,0.503,-0.1085,0.4817,-0.1467,1.4463,1.4421,0.9198,0.1332,1.8137,0.5162,0.5659,0.5566,0.8497,0.8901,0.5337,0.8272,0.2194,0.501,1.0014,1.9668,1.1456,0.04,1.3241,1.54,1.697,0.286,0.2724,-1.025,-0.5517,2.4172,2.5178,1.1065,0.7033,0.7863,0.4254,-0.6765,3.5278,2.2531,0.675,0.6526,3.1788,1.0886,0.6771,0.348,0.0397,0.6771,1.1976,1.2916,0.2196,1.6689,0.1603,0.6663,0.3113,0.0292,1.1759,0.5652,1.5101,1.1121,0.1968,0.411,0.2262,1.4866,0.0587,0.7762,1.3886,-0.43,0.7527,0.9804,-0.0611,0.1452,0.8406,1.1969,-0.4922,1.1722,0.9088,0.5866,0.123,0.6454,0.6955,1.8993,1.1131,0.7545,DLBCL
0.1799,1.4979,1.1819,0.7952,-0.6233,0.915,1.035,1.2481,0.464,-0.2269,0.5603,0.2629,0.9432,0.9718,-0.3198,0.684,0.4634,-0.5002,1.6968,0.4148,-0.0219,-0.4542,-0.1831,2.5311,0.3115,-0.1063,0.134,0.6175,-0.292,-0.3538,-0.1653,0.9555,0.0757,-0.4715,0.2885,-0.1876,1.109,0.1699,-0.8446,-0.4899,0.8405,-0.5444,1.4707,-0.417,0.6192,-1.1909,-1.5133,-0.152,1.1693,0.1674,0.2115,-0.2651,0.1946,-1.3428,1.5477,0.5067,0.7181,0.2807,0.5874,1.6867,0.5705,0.3878,0.0884,-0.1718,0.0402,-0.7173,-0.5823,-0.2762,-0.2443,0.461,-0.126,-0.0274,-0.141,-0.6045,1.7989,0.3528,-0.6623,-0.2687,0.3198,-0.1015,0.8191,0.1488,0.0433,-0.288,-0.1477,0.4757,-0.0132,0.3435,0.4321,-0.1749,-0.5653,0.1295,0.0917,1.0894,0.0217,1.0666,-0.1018,-0.2457,-0.3184,-0.1023,DLBCL
1.8361,0.4157,-1.2001,-0.4629,-0.5948,-0.1602,0.1624,-0.9257,-0.1755,-0.4481,0.8506,3.0208,0.9271,1.1328,0.7863,-0.2805,-0.8829,0.7064,0.3313,0.2422,1.1437,-0.3045,0.1193,-0.2865,-0.5846,0.0724,-0.9707,0.7611,0.4229,2.8129,1.5371,-0.0148,0.3471,1.1203,-0.1516,-0.0039,-0.2246,0.9132,-0.0688,0.0182,0.4067,-0.1925,0.4605,-0.4111,1.0349,-1.2507,-1.1265,-0.7538,0.1384,0.2877,0.0936,1.4258,-0.9311,-0.2201,-0.4149,-0.0034,-0.1039,1.3219,-0.524,-1.0926,2.2422,0.3325,0.3819,2.1497,0.0583,-0.1584,0.1698,-0.6132,0.0661,0.2332,0.7618,0.0092,-0.9006,0.4414,-1.066,1.6973,-0.5698,1.498,0.5427,1.5484,1.9525,0.1752,0.8046,-0.8835,0.5737,1.6347,0.4849,0.3074,1.3897,-0.4757,-0.607,0.8479,0.0917,-0.4879,0.8332,-0.195,2.084,-0.3384,0.8037,-0.1347,DLBCL
0.431,1.039,2.1854,1.6311,0.8085,1.0368,-0.073,2.4516,1.6727,0.7028,0.2727,0.5979,0.4316,1.0415,0.6564,2.2659,0.9794,0.2682,1.3796,0.4114,0.4961,0.6383,1.4557,0.6241,0.3829,0.8096,0.7816,0.7014,-0.1066,0.9982,0.4075,1.4418,0.856,0.0035,1.7011,1.0216,1.9582,0.8825,-0.1385,0.831,1.4589,0.5206,1.4874,1.3967,1.4833,-0.4278,-1.7283,0.7544,1.3629,1.4014,0.7809,1.4211,1.8526,-1.3337,1.3681,1.5054,0.329,1.6676,1.2374,1.7787,0.6383,1.1099,0.5899,0.0117,0.8935,-0.1954,0.6296,0.5538,0.8001,0.4893,0.9217,0.1599,0.3669,-0.0929,2.6837,0.4543,0.9026,0.6156,0.8338,0.6181,1.375,1.3258,0.7985,-0.8762,0.3622,0.8688,0.4471,1.6017,1.0507,0.8718,-0.427,1.3125,0.6535,2.7004,1.5761,0.9402,1.0868,1.0965,0.3694,1.3387,DLBCL
0.4181,1.8786,0.4812,3.5468,3.1864,1.4152,2.3817,0.7998,-0.4892,0.4732,2.2405,0.1261,3.8431,0.3894,1.4268,1.5817,0.5188,0.5097,1.0145,1.0044,3.0636,0.5251,0.2563,0.9008,1.0593,2.389,0.5396,0.3496,0.1396,3.0808,1.6558,2.4709,0.0394,0.2208,1.4601,0.8552,0.398,0.1354,-0.7994,0.8457,0.1543,0.0109,2.5214,-0.5582,0.6268,-1.0649,-1.9777,2.2895,0.58,1.9819,1.1728,2.1552,2.2558,-0.8955,-0.2028,-0.2814,1.8156,0.7838,-0.6097,0.6124,-0.3696,2.771,0.6386,0.3175,1.8671,-0.652,0.0587,0.5423,0.8507,0.9671,1.4255,0.3206,-0.0697,-0.2476,0.6192,-0.658,0.4399,1.1842,0.4829,0.0112,3.423,-0.0489,0.4039,-0.852,0.4218,0.945,0.5481,1.2269,0.7769,-0.6267,-0.5488,-0.2897,1.4385,1.5854,1.3281,1.6081,0.0549,-0.59,-0.407,-0.0012,DLBCL
-1.4711,0.5878,-0.0356,0.3127,1.3866,0.7927,-0.4194,-0.3304,-0.7234,-0.2086,0.6923,0.9795,0.2892,0.2825,-0.0989,-0.4041,-0.0379,-0.4666,-0.0573,0.6182,-0.0959,-0.2343,0.3437,0.2869,0.0005,0.1111,0.0232,0.2884,-0.2099,0.8794,-0.5068,0.4415,0.1787,0.2208,0.6134,1.3005,0.1443,0.3921,-0.5111,-0.0567,0.2417,0.297,1.1491,-0.1544,-0.0399,-0.0761,-1.2175,0.5751,-0.0454,0.4954,0.4279,0.475,-0.2561,-0.1197,-0.3095,0.2692,0.5686,-0.6381,-0.6138,0.0122,-0.1322,0.2505,-0.3183,0.1683,0.3556,0.2512,0.4573,-0.1953,0.6585,1.0822,0.8284,-0.5161,0.7866,0.165,-0.3723,-0.5419,0.1333,0.2584,0.059,-0.374,1.4503,0.185,1.3485,0.175,-0.2019,0.3216,0.3649,0.2161,0.4813,0.0936,2.3977,-0.0814,0.5621,0.3974,0.505,-1.0795,0.077,-0.1293,0.5401,0.863,DLBCL
0.1741,0.4852,-0.2851,0.1235,1.3121,1.1301,2.0213,0.2129,-0.37,0.6174,3.074,1.4346,2.6672,1.5357,2.0032,-0.2407,0.7414,0.7087,1.5612,1.7711,1.1909,2.2982,-0.3802,-0.8565,1.3941,2.952,0.7659,1.5099,0.4335,1.5232,-0.2581,1.185,0.6088,2.1058,1.8772,1.2164,2.4104,1.3576,0.2757,2.3406,-0.0026,-0.2264,-0.128,0.4104,0.0042,0.4947,-1.9331,-0.6162,-0.5375,0.2335,0.7083,2.2746,0.5558,-0.7312,-0.4581,-0.5068,-0.0092,1.6019,-0.5166,0.3406,-0.3115,0.0932,3.0603,-0.0674,0.3851,2.6187,0.7111,-0.4206,2.0458,0.8718,2.4441,0.6398,-0.3618,0.1959,-0.3765,-0.1502,0.2949,1.2276,-0.1,0.1602,1.1168,2.255,0.6055,-0.6836,0.3513,2.2403,1.036,2.9853,0.5798,0.7731,-0.4329,-0.0083,1.4246,0.9975,2.7674,0.4609,1.7926,-0.7022,0.0455,1.4793,DLBCL
0.9691,0.6116,1.8024,1.4245,1.1462,2.8769,0.6039,1.9651,1.8181,0.9047,1.0317,-0.1077,1.1034,0.2634,0.1022,0.8535,1.4757,-0.1812,0.0394,-0.0226,-0.1329,-0.0627,0.8611,1.6217,0.5836,-0.4353,0.8831,0.9346,-0.2443,0.592,1.3208,2.8534,-0.0479,-0.0925,0.4562,0.559,1.0327,-0.2401,-0.5099,0.9321,3.0446,-0.516,1.0919,2.0,1.215,0.342,-1.8725,2.373,1.0459,0.8092,0.2927,0.2597,1.16,-1.0598,1.3883,1.8739,0.5694,0.3594,1.3259,1.5243,-0.074,0.3812,0.7965,-0.5,2.0146,0.5047,0.9299,1.925,0.9326,0.068,0.6092,0.1788,0.2652,0.1299,2.1837,-0.5613,0.5062,0.5895,-0.6987,0.6508,1.2459,1.196,-0.0052,0.6159,0.3242,0.9857,-0.7293,0.7786,0.4639,-0.0008,-0.5229,0.5227,0.711,0.8623,0.7752,2.5367,0.1611,0.8431,-0.2043,1.0254,DLBCL
-0.4176,0.8032,-1.0743,0.5817,1.2713,0.0221,1.5378,-0.0105,-0.9904,-0.3795,1.8117,1.1898,0.535,0.2809,0.0507,0.2164,-0.8036,-0.3541,-0.2606,-0.4942,0.2597,-0.4045,-0.1369,-0.6243,-0.1926,0.1157,-0.1747,0.0481,-0.9062,-0.6024,-0.5088,0.6184,0.2635,-1.0324,-0.1243,0.7737,-0.1927,0.3155,-0.3401,-0.2627,-0.3441,-0.2553,0.0531,-0.5641,0.2379,-1.3369,-1.3763,0.3565,-0.8755,-0.1252,-0.6643,0.429,0.2211,-0.9229,-0.7728,-0.7362,0.5153,-0.6512,-0.6785,-0.8884,2.4991,0.3723,-0.3762,-0.606,-0.1709,0.013,-0.5291,-0.8115,0.135,1.0584,0.4881,-0.4785,-0.1551,-0.229,-0.6501,-0.2276,-1.0173,0.7074,-0.6725,0.1747,3.05,0.562,0.1939,-0.8635,0.6442,2.583,-0.5643,-0.2952,-0.1257,-0.251,-0.5221,-0.6888,0.6095,0.4339,0.4343,-0.5841,-0.1145,-0.8236,0.4326,0.9233,DLBCL
0.1194,0.6802,1.1046,1.31,0.4685,2.5626,0.8128,1.911,2.0383,0.837,2.7842,1.649,1.5221,0.7751,1.1703,1.7494,0.8382,1.6254,1.0235,0.4495,0.3687,0.2608,1.2561,1.6613,0.6305,0.4659,0.8455,0.2749,0.2561,1.1538,0.4568,2.5402,0.6524,0.8879,1.6362,0.7257,2.8781,-0.0983,-0.6272,0.8643,2.405,0.6479,0.4867,0.5466,1.2802,-0.0429,-1.713,0.1747,1.6687,0.3868,0.2949,0.8982,0.7889,-0.8316,2.5607,4.7539,0.4715,0.7663,0.236,1.6559,1.3603,0.9792,0.5149,0.3653,2.1144,0.3136,0.4546,-0.1433,0.7968,0.8445,0.3052,0.1954,1.6248,-0.5921,1.4708,0.3576,0.1222,0.9779,0.1003,1.2613,0.9159,0.475,0.3675,-1.0498,0.5357,0.5394,0.2762,0.9407,1.7766,-0.1195,-0.4518,0.9823,0.5395,1.7611,0.848,1.582,0.807,3.3836,0.9075,1.2768,DLBCL
1.7325,1.0095,2.1016,2.0677,1.4824,0.7241,2.1014,1.5173,1.7498,2.6604,0.4623,1.4464,1.0308,2.4032,1.9485,1.6711,1.8371,1.2848,3.0631,1.0839,2.0605,1.6936,1.3786,0.0668,1.8533,1.99,2.7449,1.9097,2.5067,1.8495,2.0162,1.012,1.8071,2.0603,2.2859,1.6078,1.6464,2.6067,3.5941,1.5676,1.8764,2.459,1.0418,1.8904,2.263,-0.1756,-0.1001,1.9972,2.2881,0.4128,1.1858,1.0031,2.2128,-0.211,1.8543,1.0439,4.4992,1.7201,2.1741,1.0319,3.1338,1.214,1.3598,1.068,0.5553,2.2989,2.1976,1.2009,0.7617,1.1772,1.2535,3.3497,1.4501,2.2753,1.7924,2.0551,2.5172,0.9536,2.8556,0.9233,-0.569,1.1169,1.1639,-1.1024,1.6313,0.705,2.2378,2.2869,0.6581,2.2881,-0.431,1.263,0.3753,1.3935,1.4885,0.9262,1.5917,1.115,1.458,2.0607,DLBCL
0.1362,1.6041,1.8117,-0.0513,-0.8719,-0.0753,0.0985,0.5968,1.3793,-0.647,-0.1287,-0.6719,-0.3912,-0.1955,-0.4932,0.419,1.411,-0.7767,0.127,-0.742,-0.7126,0.68,-0.495,1.2458,-0.7701,-0.2612,0.3977,-1.0739,-0.1887,0.0888,-0.5163,-0.4762,-0.5253,-0.1986,-0.8432,1.7321,0.6073,-0.6386,-0.2533,-0.5955,0.2384,-0.6073,0.0841,0.8685,-0.0572,-0.1424,-0.5745,0.0077,0.9626,0.6133,-0.3012,-0.6163,0.1935,-0.4939,-0.3703,1.6701,-0.1407,0.0444,-0.3658,3.1612,-0.3696,-0.1637,-0.7605,-0.5702,-0.0415,0.0063,-0.789,-0.2608,-0.6529,-0.3428,-0.6032,-0.1637,0.4034,-0.2393,-0.4866,0.7107,-0.1664,-0.3172,1.5164,-1.1735,0.1663,-0.0081,0.1368,-1.0719,0.0042,-0.7984,-0.6333,-0.792,1.1521,0.0918,-0.585,-0.0015,-0.2651,-0.6325,-0.3719,-0.1769,-0.1734,2.5182,0.1188,-0.3949,DLBCL
-1.1233,-1.0924,-0.4043,-1.1376,-1.2687,-0.6794,-1.0436,-0.4945,-0.6701,-1.1284,-0.6764,-1.2896,-0.7662,-1.204,-0.9524,-0.6495,-1.1544,-0.8482,-0.8128,-1.0497,-0.7722,-0.4943,-1.0946,-0.9528,-1.0619,-0.7597,-0.7314,-1.5758,-1.1551,-1.263,-0.8199,-0.8598,-1.1299,-0.7444,-1.298,-1.0284,-0.6941,0.3576,-0.6577,-1.2649,-0.6782,-0.7331,-0.788,-0.6866,-0.6818,-1.9873,0.2628,-0.2281,-0.739,-0.5617,-0.8462,-1.0071,-0.8471,-0.2749,-0.5432,-0.3975,-0.8711,-1.1762,-0.4383,-0.5542,-0.704,-1.0452,-1.0777,-0.7149,-1.5348,-0.2587,-0.8738,-0.1876,-0.814,-1.3538,-0.6686,-0.3111,-0.6585,-0.4745,-0.6433,-1.0884,-1.0352,-1.2066,-0.9299,-1.4715,-0.6299,-1.0809,-1.1465,-0.3974,-0.5273,-1.2536,-0.9292,-1.1268,-0.5372,-0.6742,0.5273,-0.9871,-1.325,-0.7285,-0.8245,1.1207,-0.4837,-0.0904,-1.139,-1.4552,DLBCL
0.9492,0.5553,0.0512,0.6733,0.3777,0.9427,1.2901,0.1814,-0.0965,1.1798,0.0928,0.9062,-0.0096,0.7604,0.0365,-0.185,0.7041,0.623,0.2129,1.3117,1.2588,1.8732,0.6093,-0.4306,0.7796,1.2482,0.7497,1.5929,1.7336,0.6349,0.3576,-0.3115,0.5567,1.1658,0.4918,0.5072,-0.2236,1.5799,1.4829,1.1714,-0.1325,0.4283,-0.1828,0.8082,0.0865,0.6141,0.3742,0.7666,-0.0539,1.4604,0.2086,0.4783,0.1592,0.501,-0.0948,-0.6026,-0.0773,0.5563,0.3839,0.2206,0.4154,0.9858,0.8018,1.074,0.9661,-0.4383,0.8208,-0.2165,0.4201,1.1381,1.1809,0.969,0.0646,5.5243,0.292,2.5194,0.6195,0.5583,0.6418,0.9887,-0.2498,0.6002,0.3371,0.4391,1.0944,-0.2769,4.0263,0.6723,0.7754,0.3146,-0.4844,2.2779,1.2699,0.5352,0.5726,0.1881,0.1243,-0.7054,0.1944,0.8718,DLBCL
-0.0812,0.0301,-0.5245,-0.0733,0.7598,-0.6921,-0.0013,-0.0424,-0.8609,0.6556,-0.201,-0.5325,-0.1587,-0.3262,-0.494,-0.5681,0.3505,-0.1954,-0.3257,-0.4255,-0.5934,-0.0189,-0.5164,-0.9031,-0.1337,-0.556,-0.6945,-0.3977,-0.1622,-0.7154,-0.5702,-0.693,-0.2829,-0.4867,0.3535,0.0746,-0.5345,-0.4163,-0.0468,-0.184,-0.8841,-0.7184,-0.1876,-0.1761,0.4487,-2.4054,0.5296,-0.3878,-0.9385,-1.0501,-0.6053,-0.3652,-0.5776,-0.1106,-0.7391,-0.5568,-0.3935,-0.4456,-0.6183,-0.7834,-0.7185,0.6713,-0.1261,-0.145,-0.3388,-0.179,-0.5075,-0.6729,-0.2508,0.3654,-0.6577,0.6631,0.1826,0.7653,-0.5868,0.1593,0.0808,-0.0398,0.3101,0.1856,-0.6945,-0.3975,-1.0032,-0.8677,-0.2778,-0.6727,-0.3796,-0.0687,0.2205,-0.0105,-0.1988,-0.504,-0.2953,-0.3257,-0.4352,-0.7726,-0.3974,-0.6019,-0.5733,0.1621,DLBCL
1.1355,-0.1354,0.0114,1.0176,-0.1539,0.7422,-0.3038,-0.6039,-0.1577,0.6716,0.3285,1.3483,-0.315,0.9715,-0.0878,-0.2395,0.1033,0.3226,1.4103,0.3197,0.2865,0.0205,1.4857,-0.5655,0.3978,-0.1497,-0.029,0.9851,1.4,1.1976,1.7086,-0.4102,0.0842,0.7868,1.0724,-0.1223,0.3756,1.2963,0.5934,1.0966,-0.3048,0.5713,0.3843,1.3355,0.0157,0.6938,0.6433,-0.4148,-0.0447,-0.2054,-0.1157,-0.1442,0.3724,-0.6217,0.0552,-0.3354,0.0942,1.0332,-0.0664,-0.0935,1.1374,0.8751,-0.1801,0.5995,0.8504,0.2286,0.5448,-0.5323,-0.5405,1.14,0.2737,-0.2413,-0.5883,0.8828,-0.088,1.4071,-0.1899,-0.4334,2.5466,0.7452,1.314,0.4315,1.5597,-0.6057,0.5303,-0.377,1.5696,0.522,2.1561,-0.469,-0.482,1.7612,-0.2205,-0.3243,0.2982,-0.3293,-0.2775,-0.4802,0.0092,1.1851,DLBCL
1.2505,1.3074,-0.1266,0.7871,1.3739,-0.0794,1.7174,0.6749,-0.5733,2.1828,-0.4248,-0.5721,1.1973,0.7307,1.255,-0.3086,1.912,-0.9973,0.0502,0.0476,0.9874,0.7654,-0.1,-0.444,0.2547,0.0291,0.4499,1.3857,0.5659,-0.0367,-0.0412,-0.0636,0.3774,-0.239,-0.8432,0.5037,-0.4407,-0.3819,1.6576,-0.3459,-0.9486,0.3543,-0.147,0.4469,0.4448,-1.0715,0.617,0.7077,-0.8026,0.1013,0.6479,-0.3206,0.4663,0.5832,-0.6648,-0.604,1.0289,-1.0231,-0.5813,-0.0155,-0.1661,0.2948,2.1561,-0.3598,-0.2163,5.7276,-0.0558,-0.0162,-0.1469,-0.0465,-0.3428,2.268,1.8748,0.3836,-0.6232,1.7311,-0.0007,0.0226,-0.9657,-0.374,-1.2756,-0.1234,-0.1619,-0.9772,1.051,0.1375,-0.0968,0.3795,-0.3851,1.5057,-0.607,0.4539,1.1478,0.392,-0.1587,0.7758,0.0654,-0.736,-0.2414,0.3096,DLBCL
0.3537,-0.5114,-0.5827,-0.7212,-0.0868,0.2255,-0.6286,-0.3658,-0.8858,-0.4866,0.4498,0.2779,-0.6647,-0.958,-0.8035,-0.3594,0.3368,-0.0426,0.1162,-0.0963,-0.7085,-0.5155,0.007,-0.0173,-0.4739,-0.1073,-0.4758,-0.2794,-0.0881,-0.3253,0.5929,-0.3104,-0.4938,-0.2037,-0.2019,0.1655,-0.6257,-0.2669,-0.0432,0.6518,-0.5875,-0.2645,-0.2757,-0.2531,-0.9998,1.0521,0.1616,-0.8176,-0.4647,0.014,0.5861,-0.1546,-0.1479,-0.9412,-0.3798,-0.5541,-0.3027,-0.2225,-0.1512,-0.6028,-0.67,0.1641,-0.463,0.0281,-0.5748,1.5331,-0.253,0.3073,-0.4931,-0.9531,0.1586,-0.5028,-0.3916,-0.0475,-0.5468,-0.6628,-0.1761,-0.7194,0.8889,-0.4067,0.2595,-0.4377,0.0045,-0.9666,-0.3863,-0.2167,-0.3025,-0.3759,-0.4401,-0.902,-0.0935,0.3102,-0.0036,-0.3541,-0.5048,-0.7465,-0.0166,-0.7045,-0.6742,0.2516,DLBCL
-1.1031,-0.85,-0.7873,-0.9676,-0.3353,-0.9294,-0.8554,-0.0111,-0.7348,-1.1025,-0.5688,-0.9706,-0.8293,-1.0064,-0.8376,-0.8882,-1.104,-0.059,-1.0604,-0.7147,-0.7434,-0.5849,-1.1118,-0.9235,-0.8805,-0.6399,-1.085,-1.3592,-0.7527,-0.944,-0.7287,-1.0389,-1.0559,-0.6282,-1.363,-1.5199,-0.9766,-1.0562,-0.6687,-1.0608,-1.1618,-0.6393,-0.7665,0.2563,-1.2565,0.561,-1.4997,-0.0071,-0.9575,-1.1657,-0.8879,-0.5406,-1.1023,-1.3337,-0.608,-0.3692,-0.6198,-1.0275,-0.6117,-0.7717,-0.67,-1.4771,-1.4001,-0.6671,-0.8245,-0.4959,-0.9532,0.3574,-0.5392,-0.0511,-0.7509,-0.6325,-0.9849,-0.5096,-0.1014,-0.7741,-0.7507,-0.5738,-0.9134,-1.1008,-0.3932,-1.0552,-1.1902,-0.9246,-0.1043,-1.1827,-0.7635,-1.1937,-0.9878,-0.7601,-0.6651,-0.9694,-0.6502,-0.4581,-0.7602,-0.1508,-0.4311,-0.5023,-1.0402,-1.0177,DLBCL
2.2469,0.8663,2.3059,1.7199,0.5218,2.6456,0.6267,0.6626,1.8809,1.864,0.4561,0.9518,0.8318,3.1253,0.7942,2.1545,0.4709,0.4665,1.178,1.1142,1.4746,0.0424,1.4351,1.5965,2.086,1.0363,2.7213,1.029,1.1087,0.9511,0.5087,1.0875,2.0058,0.6908,0.5652,0.9879,1.3148,1.2772,2.0437,0.031,1.9663,2.2942,1.4874,1.1973,3.1616,-0.0031,0.4331,1.3807,1.3137,3.3881,1.4043,1.4235,1.6284,0.9757,2.7687,0.581,0.0331,1.5582,2.2569,1.008,0.1101,1.2915,0.5859,1.347,1.2294,-0.5766,0.8754,3.4598,1.1501,1.7042,0.5753,2.1483,2.8356,1.0809,1.8371,2.089,1.0421,-0.2513,0.0142,1.7155,-0.6299,1.1927,1.8572,0.2244,2.1086,1.3797,1.6743,0.7465,0.4799,2.3393,-0.4227,0.5942,1.1483,3.6357,0.695,1.3193,0.7323,-0.1257,2.4501,1.4132,DLBCL
0.8278,-0.8377,-0.5086,-1.0609,-0.7427,-0.8478,0.2045,-0.8628,-0.4993,-0.0338,-0.5341,0.6317,0.0871,0.018,0.3833,-0.3374,-0.9892,0.9077,0.6376,2.2354,0.1446,-0.3359,0.8474,-0.9619,0.297,0.8133,-0.0745,0.5284,1.2279,0.3597,-0.4321,-0.5599,0.3556,1.2972,-0.2543,-0.7419,1.0065,0.6603,2.2501,1.0978,0.1853,-0.2447,-0.7022,-0.3035,-0.4767,0.2159,0.4968,-1.1394,-0.2527,-0.8401,1.8156,-0.2242,-0.0253,-0.1653,0.2578,-0.4704,-0.8914,0.6132,-0.2142,-0.5828,1.4863,-0.5247,1.9626,1.0322,0.1741,-0.3572,-0.1951,0.161,-0.547,1.1365,0.7594,-0.034,-1.2568,0.922,-0.8256,0.4447,-0.2659,-0.416,0.1133,0.8216,-0.2282,-0.8285,1.8681,0.3602,0.4544,0.8113,0.7539,0.014,2.0098,-0.3101,-0.5441,1.0218,-0.5314,-0.3189,-0.4257,-0.0566,-0.1681,-0.6456,0.4464,-0.4879,DLBCL
-0.014,0.6475,0.2789,-0.5779,0.6937,-0.7618,0.3675,-0.825,-0.2299,0.0587,0.7504,0.9673,0.3166,0.1327,-0.0253,0.7568,0.7881,1.9533,-0.1947,0.1329,-0.4885,-0.3673,-0.4761,-0.7883,0.7208,0.0512,-0.3791,0.8865,-0.2814,-0.016,-1.0238,-0.2577,0.3023,-0.7292,0.0475,1.0308,0.6025,-0.3474,0.1254,1.8722,-0.7313,-0.6119,0.0864,0.1556,0.2341,0.3487,0.0001,-1.0534,-0.5749,-0.6938,-0.0812,0.2536,0.0377,0.4097,-0.5432,-0.2625,-0.4867,-0.4981,-0.5619,0.0073,-0.3163,0.472,0.7518,0.3026,0.7732,-0.4916,-0.2732,0.0493,1.3138,0.9901,-0.1502,0.0214,0.1573,0.0329,-0.0737,0.8412,1.1277,-0.2635,0.6453,0.7598,-0.0884,-0.0917,-0.4873,0.2928,-0.0392,-0.0653,-0.6057,0.7563,-0.0026,0.0699,-0.2785,-0.3536,-0.1377,-0.6068,-0.1513,-0.9411,0.3662,0.1153,-0.0881,1.096,DLBCL
0.1614,-0.013,1.3804,-0.055,-0.1719,0.8749,-0.4892,1.2397,1.4338,0.5371,0.9241,0.0663,-0.3258,0.1855,0.0927,0.389,0.4043,-0.0083,-0.1947,-0.1558,-0.32,-0.2446,0.0653,0.056,0.2583,-0.3072,0.2195,-0.1386,0.1317,-0.2662,-0.8399,0.6921,0.2938,-0.1279,0.5966,0.4077,0.139,-0.6462,-0.3791,0.1916,0.7711,-0.4364,1.6613,-0.2768,0.1114,0.2093,0.2771,0.4277,1.2657,0.158,0.1367,0.2329,0.1305,-0.0193,0.505,0.6646,-0.2135,-0.3975,0.5004,1.2439,-0.1128,-0.0042,-0.3314,-0.0644,0.7619,-0.0177,0.0553,0.8966,-0.1878,0.5057,-0.2531,-0.4219,1.0119,0.3713,1.8708,0.435,0.9509,0.1232,-0.2025,0.916,0.464,0.4888,1.1384,0.1866,-0.3429,0.1162,-0.7242,0.7399,0.1293,1.0472,-0.3418,-0.5309,0.4696,-0.4176,-0.1809,-0.0987,0.2705,2.3178,0.527,0.2036,DLBCL
-1.164,-1.7172,-0.9714,-1.3491,-1.4392,-0.6227,-0.8116,-0.7014,-0.7067,-1.0727,-1.1194,-1.1828,-0.9507,-1.2543,-0.9603,-0.7664,-1.6771,-0.5777,-0.8498,-0.9317,-0.7599,-0.5834,-0.8316,-0.1949,-1.2388,-0.7809,-0.9101,-1.1509,-1.0307,-0.7841,-0.5881,-0.928,-1.2304,-0.6484,-0.8223,-1.6965,-0.6178,-1.106,-0.2692,-1.3353,-0.6708,-0.7706,-1.0191,-0.6451,-0.95,-1.3701,1.2306,0.047,-0.7783,-0.6797,-0.8491,-0.8167,-1.2658,0.7475,-0.4459,-0.2936,-0.799,-0.8437,-0.447,-0.864,-0.6846,-0.9411,-0.8079,-0.7134,-0.8653,-0.7975,-0.8307,-0.5034,-0.875,-0.8626,-0.7752,-1.1789,-1.0787,-1.1099,-0.7864,-0.3195,-0.8032,-0.8269,-0.9017,-1.1408,-0.0776,-1.0651,-0.8563,0.5769,-0.3483,-1.1411,-0.7867,-0.9732,-1.0139,-0.7345,-0.6101,-0.7031,-0.756,-0.7636,-1.0208,-2.1003,-0.4353,-0.578,-0.9872,-1.3573,DLBCL
-0.3465,-1.1343,-0.5159,-0.4197,-0.7957,-0.9224,-0.1828,-0.3924,-0.6846,-0.4857,-0.287,-1.0728,-0.6312,-0.9977,-0.4916,-0.8472,-0.2376,0.5052,-1.2167,-0.3791,-0.9634,-0.5454,-0.6886,-0.2358,-0.6851,-0.6961,-0.0683,0.7819,-0.4429,-0.5105,1.1144,-0.7623,-0.8451,-0.5928,-0.6735,-1.2811,-0.8475,-0.1175,-0.5661,-0.296,-0.9241,-0.6215,-1.3693,0.675,-1.337,0.0633,-1.6446,-0.4688,-0.985,-1.1775,-0.7844,-0.8717,-0.7212,-0.8043,-0.8525,-0.6431,-0.4593,-0.8787,-0.7534,-1.1428,-0.8929,-0.6222,-1.1474,-0.8566,-0.9879,-0.3677,-0.865,-0.4976,-0.5886,-1.2807,-0.7328,-0.1681,-0.6776,-0.8273,-0.9167,-2.4764,-0.4468,-0.4767,-0.8225,-1.1117,-0.3753,-1.0935,-1.5156,-0.954,-0.8039,-1.0871,-0.7816,-0.6004,-0.9139,-0.4349,-0.605,-1.0039,-0.8389,-0.9461,-0.8129,0.521,-0.8529,-0.6022,-1.3228,-1.1266,DLBCL
0.0493,-0.2303,0.1565,-0.381,-0.0337,-0.7813,0.2091,-0.4409,-0.1489,-0.2415,-0.8091,-0.4725,-0.6212,-1.0371,-0.0854,-0.3037,0.5265,0.5924,-0.5598,0.329,-0.7887,-0.571,-0.8582,-0.825,-0.4735,-0.5643,-0.6152,0.0897,-0.0748,0.2014,-1.0797,-0.7689,-0.0333,-0.6939,-0.0929,-0.4423,-1.07,-0.4853,0.5922,0.232,-0.5393,-0.5749,-0.29,0.0026,0.4257,-0.0296,0.3534,-1.5471,-0.7501,-0.7953,-0.6197,-0.3779,-0.751,-0.6308,-0.5824,-0.2841,-0.6534,-0.8393,-0.3296,0.5619,-0.4908,-0.208,-0.134,-0.0763,-0.2957,-0.9324,0.126,-0.3763,-0.2301,0.6571,-0.43,-0.1238,0.0438,-0.392,-0.2803,-0.1599,0.259,-0.5963,0.1539,-0.1378,-0.569,-0.6269,-0.9583,-0.6804,-0.0392,-0.74,-0.1578,-0.689,-0.2894,-0.2182,-0.5351,-0.651,-0.073,-0.1513,-0.7053,-1.0995,-0.9318,0.0295,-0.733,-1.0978,DLBCL
-1.2779,-1.3769,-1.1925,-1.0335,-1.2768,-1.0933,-1.0922,-0.923,-1.1105,-1.1433,-1.0858,-1.3695,-1.1658,-1.1137,-1.0981,-1.1599,-1.3935,-0.9846,-1.1905,-1.0595,-0.7414,-0.6762,-1.045,-0.9259,-1.1628,-0.9163,-1.3151,-1.1941,-1.1287,-1.3778,-0.9211,-0.9918,-1.2656,-0.8354,-0.7971,-1.6655,-1.2448,-0.742,-1.0462,-1.2553,-0.9968,-0.7899,-0.9428,-1.0726,-0.8178,-0.1756,0.4793,-0.3485,-0.9969,-0.8661,-0.8757,-0.9558,-1.3475,-0.7221,-0.9133,-0.6188,-0.7896,-0.7912,-0.8972,-1.4677,-0.607,-0.8193,-1.3554,-1.0073,-1.1467,-0.8426,-1.0293,-0.5592,-1.127,-1.9991,-0.8878,-0.8154,-0.7051,-0.5962,-1.0631,-1.0594,-1.0656,-0.8443,-1.084,-1.0645,0.2847,-1.1376,-1.3845,0.3886,-0.587,-1.0384,-0.9365,-1.1452,-1.0588,-1.1845,0.3206,-0.8997,-0.9117,-1.015,-0.9026,0.0397,-0.714,-0.6498,-1.1659,-1.38,DLBCL
0.4204,0.7616,-0.2436,-0.1471,0.8659,0.0728,-0.0576,0.2472,0.9962,0.5672,0.0569,1.0453,-0.2906,0.0727,-0.0482,0.8406,0.2787,0.5373,-0.3158,1.0464,-0.1658,0.087,-0.0101,0.2406,0.1466,-0.2768,0.8344,0.7628,0.4521,0.0778,-0.0582,-0.5649,1.7053,0.0844,0.5882,0.757,-0.608,0.4496,0.9636,0.8668,0.3332,0.6276,-0.1804,-1.1368,-0.2698,1.1318,0.4663,-0.0857,-0.2973,-0.196,-0.2415,-0.243,0.0741,-0.6947,0.3415,-0.1424,-0.637,0.3113,1.7687,0.4794,-0.1564,-0.2478,0.6149,-0.1778,-0.1845,0.4696,0.1395,-0.5901,-0.0008,0.8453,-0.109,0.3406,0.177,0.0309,-0.1343,-0.2179,0.6568,0.5254,0.7616,0.4436,-0.1995,0.3195,-0.2529,-0.0649,-0.446,-0.1866,0.6179,-0.0359,-0.1417,0.5941,-0.5952,-0.083,-0.2996,-0.5879,-0.0996,-0.195,0.3136,-0.1667,0.1508,0.6589,DLBCL
1.6888,0.8997,1.3755,1.319,1.0002,1.5855,0.4721,0.3643,0.9905,1.2533,0.6104,0.9235,0.413,2.0956,2.2027,0.5108,0.7688,0.2503,2.154,1.6575,3.6721,1.2664,4.3735,-0.4288,1.4926,1.2722,2.9604,1.3062,2.4961,1.671,3.631,1.0631,2.0288,2.5606,0.6155,0.938,0.7234,4.1469,2.1609,1.0991,2.619,0.7138,0.9203,1.4816,0.2954,0.6208,0.4986,3.5004,0.9796,-0.1134,2.5584,1.5448,0.4961,-0.3479,0.3645,-0.0534,1.4884,1.7594,0.6903,0.2593,3.5215,1.5086,0.9321,1.1933,1.075,0.436,1.7593,1.1547,0.5877,1.0287,0.9302,3.1314,1.5664,2.4981,-0.002,1.7601,0.636,1.8725,3.1556,1.5738,0.629,1.2625,1.7443,0.679,3.497,0.8201,3.5195,0.9086,1.5259,2.4726,-0.5842,1.8225,0.4136,0.6663,1.4421,1.3574,4.4517,-0.2146,1.442,1.2548,DLBCL
1.0674,0.984,0.0238,0.3132,0.4106,-0.0598,-0.5671,0.2783,1.0583,0.716,-0.3519,-0.4142,-0.6337,0.4872,-0.395,-0.1556,0.6052,-0.5956,-0.3862,0.231,-0.5769,-0.5615,0.9734,1.7136,-0.337,-0.3671,0.183,0.1281,0.2349,0.1164,0.8826,-0.3941,0.1145,0.0591,-0.5645,0.5007,-0.0908,-0.152,0.2623,-0.0151,0.3405,0.3122,0.6654,-0.0172,-0.5208,-0.9122,0.2947,0.0814,0.2788,0.4411,-0.2494,-0.3149,-0.1457,-0.8682,-0.1137,0.2678,-0.4796,0.0138,-0.0853,0.3383,-0.4617,0.3701,-0.0603,-0.6463,-0.1504,-0.0139,-0.2894,0.8369,-0.4892,1.1721,0.0654,-0.157,-0.4253,-0.1135,-0.3103,-0.1163,-0.0421,0.626,0.5764,0.0839,-0.2139,0.4256,-0.0283,-0.7415,-0.267,-0.361,0.4645,-0.435,-0.3996,0.7817,-0.552,-0.5939,-0.414,-0.7798,0.3584,-0.7766,-0.0892,-0.0872,0.5865,-0.287,DLBCL
2.0189,0.4703,1.5542,1.7554,1.3178,-0.2505,2.3353,-0.2433,-0.4858,2.3841,1.4473,1.5385,2.0132,2.0237,1.9612,0.4441,0.6258,2.089,3.3469,2.5368,3.0061,3.4155,0.9802,-0.6534,2.4985,4.1904,1.0383,1.9392,2.7106,1.0053,0.7629,1.3863,2.505,1.5752,3.6671,2.188,1.0222,1.6182,2.7474,3.1572,-0.1088,0.3563,1.3492,1.3345,2.263,-1.2374,-2.0958,2.8029,-0.0539,-0.4296,2.1816,4.5886,1.7587,-0.1562,-0.188,-0.8388,2.0669,3.5795,-0.248,-0.0836,0.8418,2.729,1.5889,2.3406,3.3377,1.9672,2.5821,-0.0066,3.8969,1.4601,5.4417,1.5387,1.0686,0.1959,-0.2264,0.9138,2.2396,3.6669,1.5281,1.9808,1.9417,1.0319,0.7912,0.1918,2.1194,1.7888,1.7754,2.6322,0.3364,1.745,-0.33,3.2651,3.1508,4.1804,4.4326,0.3947,2.6677,-0.5433,2.1436,2.6012,DLBCL
0.842,0.7811,1.9975,1.4449,0.1248,1.4724,0.7022,1.5947,1.7803,0.9371,-0.1463,0.1584,0.3947,0.6957,0.6018,2.7059,1.4262,0.2369,0.4153,-0.622,-0.135,0.298,0.372,1.4487,0.4834,-0.3266,1.922,0.2891,0.2588,0.1517,0.3262,1.4096,0.0612,0.2714,-0.2333,0.1353,0.7733,-0.2784,0.1792,-0.4771,0.5472,2.3986,1.3087,0.7381,0.6786,-0.023,0.4958,1.3758,2.672,1.8427,0.5429,0.2616,2.1432,1.1308,1.5747,1.5945,0.5044,0.3769,3.1211,1.0797,0.0277,0.297,0.1042,0.4324,0.4487,0.4994,0.4801,3.6967,0.1603,0.696,-0.0327,0.2774,0.9658,-0.2971,1.9679,0.0965,0.8349,0.3936,0.1037,0.4182,-0.777,0.5791,0.495,0.296,0.5249,0.3916,-0.1179,0.3093,0.3104,0.6367,-0.451,0.1531,0.6138,0.7515,0.0334,1.3333,0.362,1.8066,1.4014,0.05,DLBCL
-0.4399,-0.3272,-0.4921,-0.5118,0.5392,-1.0328,0.3589,-0.6271,-0.7005,0.2711,0.7208,0.2634,1.4941,-0.4069,0.3508,-0.7535,-1.0371,-0.9585,-0.0663,-0.3333,0.1199,-0.1642,-0.9884,0.8877,0.2094,0.1802,-0.5083,-0.2314,-0.3714,-1.1648,-0.6031,0.3777,-0.2781,-0.0318,-0.3675,-0.995,0.5691,1.4649,-0.7359,-0.9494,-0.0336,-0.7559,-1.0882,-0.8031,-0.2947,-0.242,-1.9407,0.6905,-0.2238,-0.8802,-0.829,0.0739,-0.8748,-1.0325,-1.0078,0.1734,-0.233,-1.2856,-0.8968,-0.8598,-0.6022,0.0977,0.016,-1.0118,-0.0234,0.6242,-0.2874,0.4056,0.1207,-0.6801,-0.453,0.5722,-0.0804,-0.359,-0.4454,-0.9965,-1.1582,0.5722,-0.6835,-0.9155,-0.9456,-0.0898,-0.5358,-1.0224,-0.8907,-0.0786,-0.8289,-0.3444,-0.6748,-0.4508,-0.387,-0.6342,-0.2038,-0.5311,-0.2484,0.9342,-0.1176,0.4315,-0.972,-0.0508,DLBCL
-0.3178,0.7607,1.3672,-0.0483,-0.5668,1.6805,-0.5514,2.6345,2.1948,-0.1263,-0.546,-0.4047,-0.2424,-0.0661,-0.315,1.5175,1.4206,-0.5792,-0.0175,-0.9717,-0.729,-0.0503,-0.3382,1.7263,-0.3129,-0.4805,1.2248,-0.0266,-0.8321,-0.4089,-0.1878,0.5069,-0.9324,-0.9516,-0.0908,-0.0058,0.2172,-0.9987,-0.6687,-0.3306,0.9541,-0.299,0.4748,-0.1504,0.4889,-0.169,0.4157,0.2459,1.7763,0.9885,0.7874,-0.4189,0.9601,0.0811,1.3559,3.0008,-0.4475,-0.6818,2.198,1.713,-0.83,-0.1127,0.0332,-0.3807,-0.357,-0.4278,0.2546,-0.4456,-0.3937,-1.1338,-0.3743,-0.7733,-0.1747,-0.5055,1.9778,-0.5516,0.1195,-0.364,0.0184,-0.1015,-0.5295,0.738,-0.0283,0.9189,-0.2832,-0.1415,-0.8645,0.098,0.2669,-0.3777,0.9579,-0.5224,-0.3369,-0.0405,-0.4172,0.4689,-0.368,3.1371,0.3389,-1.0514,DLBCL
0.4362,0.7629,-0.3936,0.3097,1.3592,-0.1719,1.8518,-0.2672,-0.1591,0.2848,2.048,1.1598,0.6688,-0.1711,0.681,0.2146,0.7604,-0.3183,0.6828,0.3426,0.4118,1.0991,0.7404,-0.5897,0.4626,0.8953,0.1369,0.6752,1.1828,0.4658,-0.2192,0.4725,0.3653,1.3528,1.5398,-0.1561,1.1933,0.1392,-0.0493,0.1974,0.3079,-0.4699,1.2753,2.7602,1.6576,-0.587,-1.4332,-0.3141,0.0354,-0.6514,0.9068,1.1066,0.4851,-0.9412,0.2983,0.2368,1.2864,1.3526,-0.3432,0.1625,1.2004,0.5827,1.3151,0.8218,0.7846,-0.5108,2.067,-0.2627,1.9958,0.9101,1.8155,0.5711,-0.3439,1.4749,-0.4692,1.0637,0.9509,0.6346,-0.4186,1.8827,0.421,2.2847,0.4391,-0.4416,0.9805,0.5217,0.3089,1.7901,0.4538,-0.1701,-0.1355,0.1472,0.1641,0.6663,0.5388,1.0124,0.6387,0.0654,0.2096,1.1777,DLBCL
0.0628,1.1128,0.5451,1.505,0.7609,0.0666,3.0831,-0.1594,-0.1534,0.9269,3.0393,2.7347,1.8397,1.5676,1.3017,-0.2505,1.0643,2.6956,1.5784,3.9901,0.5414,1.4497,1.4094,-0.0065,3.3077,2.2388,1.4087,0.5779,0.5315,1.3098,1.7151,2.2979,1.2522,1.4185,0.7308,2.2505,2.1624,0.8787,0.167,2.269,1.1746,-0.0144,2.3379,0.903,1.3721,-0.1756,-1.218,0.6266,0.9068,3.2183,1.5553,2.6893,-0.0717,-0.9321,0.0781,0.6741,3.8416,0.8101,-0.3699,0.616,2.0242,3.265,1.7363,1.6946,2.0532,0.7635,1.0437,0.0917,3.8079,0.901,0.6613,1.6507,3.1463,0.0536,0.0216,0.8074,0.8239,3.159,1.1325,1.8609,2.1354,2.5522,2.633,-0.2764,0.3188,3.4251,0.4841,2.493,1.8635,1.678,0.2723,2.414,2.0736,0.8326,1.2046,-0.4457,2.1818,0.7722,2.3077,2.7635,DLBCL
-0.9702,-0.2671,0.8457,0.0171,-0.7427,-0.1068,-0.4007,1.3611,0.8918,-0.6313,-0.4447,-0.9758,0.1833,-0.8398,-0.5169,1.9134,0.2771,-0.524,-0.5706,-0.4986,-0.2069,-0.441,-0.5481,2.0697,-0.2666,-0.5947,-0.4205,-1.4679,-1.0254,-0.8117,-0.6948,-0.2449,-0.6501,-0.4614,-1.2708,-0.1024,0.0001,0.0205,-0.5539,-0.7709,0.4386,-0.2665,-0.159,-0.9433,-1.5458,-2.6509,-1.7876,0.5701,0.0452,0.165,-0.688,-0.1024,0.1979,-1.5071,0.74,0.4001,-0.5791,-0.9706,0.1907,2.1011,0.8031,-0.115,-0.4959,-1.1103,0.4237,-0.5603,-0.5297,-0.0277,-0.6626,0.2645,-0.9157,-1.2078,-0.3461,-0.262,1.4003,-0.7354,-1.201,-1.0471,-0.7475,-0.483,-0.7053,0.0183,-0.5261,-0.7888,1.1866,-0.6612,-0.6748,-0.8564,-0.656,-0.4063,-0.2483,-0.3704,-0.3719,0.3947,-0.5892,0.0216,0.1916,1.3097,-0.5609,-0.6272,DLBCL
-0.3607,-0.4092,-0.5896,-0.7518,0.2366,-0.6064,-0.9205,-0.3429,-0.2326,-0.4291,-0.3189,0.0366,-1.0497,-0.5413,-0.6492,-0.6703,-0.9491,0.1616,-0.5498,0.131,-0.4639,-0.3249,-0.4007,-0.2196,-0.6008,-0.5431,-0.697,0.4537,-0.5303,-1.0796,-0.6549,-0.729,0.3023,0.0642,0.1838,0.1784,-0.5477,-0.2018,-0.2289,-0.2653,-0.8228,-0.7174,-0.4568,-0.7182,0.0808,-0.2287,0.7336,-0.6874,-0.6392,-0.7599,-0.8002,-0.575,-0.582,1.0669,-0.5932,-0.1667,-0.3951,-0.6118,-0.4626,-0.3493,-0.2145,-0.3586,-0.775,-0.3702,0.0107,-0.0009,-0.3621,-0.4456,-0.5477,0.1106,-0.6649,-0.6325,-1.0591,0.0804,-0.1607,-0.184,0.2617,-0.6431,-0.5611,-0.1523,-0.2282,-0.2512,-0.276,-0.2164,-0.6195,-0.7745,-0.4966,-0.7494,-0.104,-0.2772,-0.5107,-0.667,-0.5338,-0.4122,-0.5133,-0.4958,-0.7971,1.0624,-0.2414,-0.7799,DLBCL
-0.2726,0.2931,0.1984,0.1008,0.2513,0.5318,-0.714,1.2411,1.019,-0.2404,0.0125,1.0513,-0.4139,-0.2749,-0.1504,0.725,0.2286,1.7081,0.3593,-0.0109,-0.655,-0.2979,-0.6869,1.4334,-0.1929,-0.451,0.0378,-0.4389,0.0708,0.3994,-0.3673,-0.0276,0.6512,-0.4513,0.2634,0.5992,-0.4322,-0.6309,-0.5111,0.104,0.4075,0.3492,0.1627,-0.1297,-0.0208,0.1363,0.2885,0.1673,0.2394,2.2155,0.9916,0.2216,0.3437,0.1633,0.4982,-0.0601,-0.4859,-0.1175,0.8951,0.8234,-0.6604,0.2771,-0.3301,-0.4762,-0.3388,0.8518,0.0358,0.1148,0.2928,0.5771,-0.4615,-0.7877,0.459,0.4249,-0.0244,-0.1163,0.0711,-0.1022,-0.2287,-0.1741,-0.8738,0.0941,-0.276,-0.8151,-0.7659,-0.2353,-0.5105,-0.3746,-1.2906,-0.055,-0.6274,0.4135,1.5511,0.8083,-0.336,0.5531,-0.6099,0.9711,0.0862,0.4732,DLBCL
0.656,0.6294,0.9525,0.8854,1.7483,-0.2326,-0.222,1.0519,0.9834,0.601,0.2813,0.92,0.1697,0.3766,0.4886,0.0231,1.6573,1.9861,0.5093,0.5719,0.3193,0.049,0.2195,-0.0323,-0.4537,0.2346,0.6292,0.5165,0.558,0.932,-0.6046,1.1496,0.9493,0.1652,2.2775,1.0054,-0.2984,0.8864,-0.1116,1.9733,0.1004,2.9002,1.1562,-0.3114,1.125,0.1031,0.3859,0.5628,1.2907,1.0947,0.7953,0.4323,0.8861,0.8296,0.7359,-0.2288,0.2304,1.6807,1.475,1.0592,1.1229,0.9482,0.4399,2.3302,0.3352,-0.1795,0.4014,0.783,1.295,1.2674,0.2882,-0.5427,0.9888,0.2681,1.0877,1.0008,1.6443,0.5895,0.9652,1.3594,0.2739,0.3794,0.8046,-0.8814,1.0618,0.9627,0.924,0.5377,-0.5198,-0.4879,-0.6172,-0.0276,0.8111,0.2568,-0.0986,0.7336,-0.1092,-0.5732,1.1421,1.1754,DLBCL
0.8577,-0.0465,-0.0374,0.1692,-0.4218,1.0642,-0.5226,-0.3211,-0.3995,0.1296,-0.4988,-0.2829,-0.7276,0.3037,-0.224,-0.6042,-0.5103,-0.8475,-0.1188,-0.1241,-0.3344,-0.7682,0.2975,0.134,-0.2508,-0.2317,0.3703,0.612,0.0973,-0.0865,1.8966,-0.6918,-0.5192,0.5443,-0.5267,-0.6645,-0.7658,0.9592,0.3551,-0.5955,-0.05,0.2143,-0.6736,-0.1524,0.0118,0.2425,0.5642,-0.4836,-0.3623,-0.2314,-0.6952,-0.5515,-0.2539,-0.6308,-0.4851,-0.4029,-0.0874,-0.6862,-0.4037,-0.7909,-0.5974,-0.1814,-0.5789,-0.5597,-0.5884,0.4879,-0.216,-0.4976,-0.6425,0.0372,-0.2689,-0.4286,-0.259,-0.6911,-0.0715,-0.4645,-0.3529,-0.6431,0.4216,-1.0027,-0.4685,-0.706,-0.0186,-1.0529,-0.3104,-0.8622,0.8004,-0.8445,-0.5227,-0.1579,-0.6246,-0.1334,-0.8183,-0.6055,-0.6399,0.144,-0.9002,-0.5155,-0.6917,-0.6788,DLBCL
-0.4772,0.7233,0.0221,0.5437,0.7587,0.2809,0.8008,1.3742,0.7021,-0.8069,0.8045,0.1976,0.7093,0.199,-0.0387,0.7078,0.3583,3.5229,-0.1106,0.6967,0.4098,0.1797,-0.2234,0.809,0.5085,0.3654,0.6414,1.2932,-0.3264,-0.4314,-0.2247,1.3736,-0.1097,-0.3148,0.3535,0.043,0.3384,-0.6999,-0.8251,0.6415,0.6167,-0.4425,-0.0422,0.0243,1.2055,-0.0362,-1.814,-0.7685,0.1896,0.6157,0.2345,0.9627,0.1636,-0.8864,1.988,1.029,1.4,0.2063,-0.1838,1.2542,0.4978,1.0124,0.5215,0.4324,0.5395,-0.4153,0.6067,-0.4321,0.7286,-0.0894,0.7921,-0.5716,-0.1961,-0.7427,1.1002,-0.0583,0.0697,1.9904,-0.0904,0.4872,1.7875,0.9686,-0.7252,-0.4837,-0.1151,0.875,-0.541,0.8114,0.0278,-0.2717,-0.4742,0.2648,1.1933,0.5596,0.4734,0.866,0.8206,0.7004,0.6446,0.5613,DLBCL
1.3163,-0.2214,-0.0098,-0.3258,-0.6076,-0.1268,-0.6224,-0.6219,-0.3605,0.309,-0.0666,-0.3447,-0.6337,-0.6873,-0.8122,-0.0167,-0.2239,-0.4309,-0.6935,-0.2479,-0.8442,-0.6075,0.0833,-0.7676,-0.5509,-0.5348,-0.4395,0.2848,-0.5223,-0.6355,0.5585,-0.7689,-0.4998,-0.6888,-0.6169,-1.2927,-0.4698,-0.7382,-0.0248,-0.28,-0.9723,-0.2513,-0.6593,0.5496,-0.4921,-1.4498,0.4113,0.408,-0.5277,-0.1724,-0.4932,-0.9051,-0.0374,0.0081,-0.2582,-0.1276,-0.821,-0.765,-0.2443,-0.2694,-0.3018,-0.0795,-0.6499,-0.3225,-0.189,0.0236,-0.2301,-0.2627,-0.5795,-0.9646,-0.2858,-0.9406,-0.4939,0.1588,-0.4612,-0.2179,-0.3557,-0.6223,-0.8225,-0.3667,-0.9061,-0.6934,-0.7665,-1.0498,-0.1314,-0.9383,-0.6908,-0.5794,0.1365,-0.4252,-0.5351,-0.4678,-0.4365,-0.5257,-0.8763,-0.7345,-0.7445,-0.5622,-0.9647,-0.6885,DLBCL
1.9864,0.8597,1.1007,1.6184,1.1938,0.8497,1.2307,-0.2498,1.0514,2.2094,0.5272,1.8909,1.7516,2.4986,4.6246,2.0266,1.1221,1.2997,1.7437,2.9113,1.6966,4.798,2.7775,0.6852,3.1953,1.5541,2.5935,1.499,3.2984,1.9426,-0.0273,1.0924,4.0486,1.181,1.982,1.5754,2.3921,0.6067,3.153,2.1135,1.8707,1.2519,3.0074,4.4663,-0.1779,-0.952,0.7097,0.5235,0.5065,0.4435,4.6011,1.6069,3.9128,2.0619,2.3824,-0.3098,1.263,1.7901,2.0703,0.5011,2.0242,-0.1216,1.4533,2.2541,2.6069,0.6146,4.8988,0.4056,2.7297,1.9267,1.8906,3.1669,3.4508,2.3165,1.774,2.2728,4.6636,2.2106,2.0367,0.7016,1.5974,4.4541,3.0094,2.8539,2.1411,2.5219,1.4344,1.7408,2.1417,4.8869,0.6373,2.1418,4.8525,1.28,0.7762,0.2523,1.9661,0.0253,2.0187,1.667,DLBCL
-0.325,-0.389,-1.0804,-0.164,-0.2592,-0.6875,-0.3533,-0.9499,-0.6471,-1.3884,-0.0552,-0.2884,-0.6226,-0.5907,0.1046,-0.4702,-0.2848,0.8577,-0.6339,-0.3899,0.0233,0.6098,0.0422,-0.5964,-0.5145,0.3295,-0.6729,-1.1928,0.1767,-0.3007,-0.3418,-0.5693,0.547,-0.4008,-0.0279,0.6893,-0.4928,-0.2669,0.1707,-0.2915,-0.8048,-0.3705,-0.5568,-0.1119,-0.3618,0.1761,0.8963,-0.292,-0.9988,0.5072,-0.4414,-0.3337,0.1968,-0.4118,-0.7296,-0.5851,0.1944,-0.2487,-0.5261,-0.8527,-0.1855,-2.4517,-0.5196,-0.609,-0.0347,0.3529,0.0035,-0.6536,-0.2866,0.2281,-0.1538,0.3661,-0.2264,0.5322,-1.0367,0.4495,-0.0021,-0.6709,-1.0538,-0.374,0.2273,0.0308,-0.1279,-0.2838,0.1669,1.2903,0.0843,0.434,0.0467,0.4145,-0.3622,-0.2233,0.0204,-0.3446,-0.0152,-0.213,0.9048,-0.7189,-0.797,0.1757,DLBCL
0.7131,1.772,-1.0065,-0.2465,0.493,-0.62,0.2471,-0.3304,0.1216,1.0094,-0.0273,0.4204,-0.6215,0.6298,0.1299,-0.6648,-0.1477,1.2341,-0.1558,0.2929,0.305,0.3024,-0.5806,-0.3204,0.341,0.1222,-0.3496,0.6958,0.7539,0.5635,-0.4086,-0.6103,0.2223,0.9132,-0.4995,1.6331,-0.4145,0.0396,0.1939,0.4035,-0.429,3.2106,-0.5854,-0.4299,0.5809,-0.5605,0.7134,-0.265,-0.2343,-0.4248,-0.3026,-0.4461,-0.2208,-0.5304,-0.1758,0.083,-0.0005,0.2894,-0.2591,-0.3113,0.0084,0.0711,0.9071,1.0024,-0.543,-0.3668,-0.2456,-0.1414,-0.3866,0.5065,0.0945,0.396,-0.3068,0.8478,-0.4919,1.349,0.2866,-0.156,-0.4262,0.4037,-0.0274,-0.1979,-0.3865,-0.6783,0.6062,0.3455,-0.1469,0.2509,0.3712,0.0345,-0.5987,0.0808,0.2392,-0.4135,0.4333,0.0638,-0.5079,0.1629,1.6265,0.5908,DLBCL
0.412,0.8402,1.1761,0.8154,0.5466,0.9628,0.1451,1.13,-0.1175,2.2356,-0.283,-0.0953,0.3249,0.7911,0.8187,0.5989,2.2146,0.9829,1.2458,0.7201,0.1775,0.187,-0.0735,0.1097,1.2873,0.0752,-0.0355,0.8634,0.3144,0.2152,-0.3229,0.8036,0.5579,0.044,1.2065,0.3974,1.157,1.1737,0.6985,0.8739,-0.6308,1.6399,0.6011,-0.2067,2.9815,-0.4344,-0.5438,0.241,0.2191,0.5213,0.3625,-0.6563,0.1691,-0.1379,-0.3082,-0.2329,0.3932,0.4426,-0.2521,0.4226,0.0229,-0.4649,1.8021,2.4839,0.7233,-0.4604,0.2741,1.2067,0.4818,0.0929,-0.2871,-0.2047,2.1546,0.0288,0.613,0.7107,1.1664,-0.6709,0.9907,0.6726,-0.7519,-0.4292,1.2198,-0.9666,-0.0555,-0.1733,-0.0415,0.669,0.6508,-0.2851,-0.5135,1.9502,0.2129,0.5271,0.1368,0.7838,-0.551,-0.3872,0.0331,-0.3862,DLBCL
0.3012,1.2217,0.1828,-0.0854,-0.2236,-0.5166,-0.1566,0.3842,0.1118,-0.1978,-0.3405,-0.6491,0.188,-0.2609,-0.2612,0.5469,0.2491,-0.5576,-0.6113,-0.6791,0.527,-0.1358,-0.0786,-0.7235,-0.5697,-0.0225,0.6747,-0.4452,-0.284,-0.2917,0.229,-0.4861,0.0042,0.2916,-0.6022,0.2297,-0.8317,-0.6922,0.0815,-0.145,-0.4388,0.8371,-0.2686,-0.1435,-0.2583,0.1363,0.9248,0.6684,-0.132,-0.4437,-0.1689,-0.6328,-0.0209,-0.6217,-0.0448,-0.218,-0.0953,-0.5025,1.2905,0.3967,-0.2145,0.5495,-0.7855,-0.4105,-0.4318,0.1873,-0.3486,-0.4167,-0.5944,-1.2309,-0.3173,-0.0385,0.3006,-0.6499,0.3357,0.4882,-0.2231,-0.7177,-0.9815,0.0257,-0.2139,-0.3336,-0.8879,-0.9382,-0.4893,-0.6152,-0.3527,-0.1167,0.2452,-0.2955,-0.5068,-0.2107,-0.2157,-0.5703,0.0302,0.2744,-0.0713,-0.6157,-0.8166,-0.3787,DLBCL
0.7848,1.4548,0.7828,0.1794,0.2969,0.6481,0.4428,0.1188,1.0559,0.0488,0.9269,0.6302,0.9939,-0.0105,0.2756,0.3333,-0.5485,-0.2125,0.8446,-0.0704,0.7325,1.7885,0.874,2.4193,0.176,-0.1782,-0.7038,-0.3167,0.6453,1.6296,-0.5402,1.1823,-0.0212,0.8121,0.4814,0.8811,0.671,1.4343,0.1377,0.4636,-0.3244,3.4647,-0.3043,-0.6352,-0.6511,1.1517,-0.1797,0.1403,0.4658,2.8643,2.1234,-0.2736,0.4773,-0.6308,-0.2501,0.0425,0.0911,0.9588,-0.2138,0.5325,0.459,0.8795,2.4641,2.8762,-0.2276,0.5075,-0.0147,2.314,0.4915,0.7364,-0.5717,-0.3255,0.5056,0.1175,-0.2316,-0.0051,0.2631,0.5722,0.9226,1.2249,-0.2067,-0.9788,0.1259,-0.6983,-0.6032,1.2009,-0.6428,0.5049,0.1756,-0.4106,-0.453,0.6345,-0.0663,-0.0162,0.0196,1.3815,0.0717,-0.3124,2.9911,0.7143,DLBCL
0.9729,-0.7272,0.6229,0.9255,-0.2548,-0.758,1.7049,-0.5558,0.0662,0.9517,-0.4663,-0.2959,0.8664,0.7051,1.7229,-0.0167,0.7436,1.4435,0.2039,-0.2231,2.1571,0.8136,0.6504,-0.236,2.2123,2.5474,0.0958,1.1421,2.798,1.276,0.3596,-0.0503,0.4004,3.9503,0.6721,0.9771,0.1102,0.4726,1.0699,0.6287,0.3405,-0.1869,-0.178,1.2703,-0.9615,2.0741,-0.4398,-0.0832,-0.4752,-0.7009,-0.4472,0.6829,1.2208,-1.215,-0.7228,-0.1384,1.4422,1.2476,-0.4078,-0.8654,1.0066,0.0179,1.0216,0.4503,-0.0892,-0.0883,0.4889,-0.3166,0.1694,1.8678,1.8143,1.4113,0.068,0.3568,-0.8248,0.8703,1.1471,0.3832,-0.0037,2.5332,-0.2964,0.7215,1.3594,0.5517,2.6726,0.1065,1.4046,0.4485,-0.2837,0.227,-0.6246,0.6185,-0.2593,-0.0446,3.9672,-0.6282,1.4255,-0.3399,0.4936,0.9168,DLBCL
0.1864,0.4057,0.3259,-0.3015,-0.4175,-0.3061,-0.2283,-0.5519,0.6749,0.5164,-0.3388,1.2718,0.1525,1.2097,0.0119,-0.1936,-0.6359,-0.7208,0.8283,1.2839,0.5085,-0.3906,0.838,1.3868,0.5565,-0.0575,0.285,1.4555,1.1908,-0.2357,2.0262,-0.3486,1.4836,1.181,-0.2815,0.8217,1.8437,0.8327,0.7449,0.6313,1.084,-0.1646,-0.3114,0.5397,0.623,-0.368,0.4455,-1.0903,1.5879,0.4788,0.3488,-0.4607,0.3039,1.003,-0.3987,1.4109,-0.2792,2.0438,-0.7567,0.1374,0.2652,-0.4782,1.3967,0.2922,0.4419,0.2828,2.3559,0.0358,-0.3288,0.7329,-0.2156,-0.3056,-0.2084,-0.2125,-0.0844,-0.1454,0.5849,1.7512,3.0895,-0.1087,-0.013,0.071,1.907,-0.5216,0.232,-0.052,1.518,0.1689,2.5241,1.5063,0.5406,1.2991,-0.4864,-0.3608,-0.3887,-0.0405,-0.0493,2.5789,0.3483,-0.2705,DLBCL
-0.7166,0.7512,-1.3493,-0.4798,2.2639,-1.1169,-0.8907,-0.7662,-0.9046,-0.2299,0.1845,-0.6108,-0.5913,-0.1049,0.2028,-0.8276,-0.5041,-0.0493,-0.8544,0.2105,-0.5605,0.1856,0.1809,-0.5179,-0.0732,-0.1469,-0.7441,-0.5016,-0.1463,-0.3912,-0.617,-0.5882,0.049,-0.0116,-0.3046,0.8951,-1.0119,-0.3244,-0.0383,-0.4157,-1.2353,-0.1757,0.2461,-0.2324,0.4755,-0.972,0.2948,-0.0046,-0.9175,-0.2856,-0.6391,-0.6808,-0.9543,-0.6582,-0.8809,-0.5648,0.7173,-0.5681,-0.8424,-1.303,-0.0643,0.2992,-0.6262,0.9113,-0.8426,-0.5031,-0.9135,0.5057,-0.0904,-1.2644,-0.493,2.2281,0.1871,1.0396,-1.1847,0.9041,-0.1526,-0.3016,0.0025,-0.2686,-0.0776,-0.4832,-0.7908,-0.6289,0.1127,-0.4372,0.6012,-0.4015,-0.2923,0.0832,-0.4887,-0.6426,0.0194,-0.7122,0.2528,0.6554,-0.0019,-0.6022,2.153,0.3546,DLBCL
1.5609,1.0539,0.1738,0.4203,0.4294,-0.5185,0.2105,1.0581,0.4883,0.6486,0.3923,0.7965,0.0278,0.3722,0.0428,-0.5755,1.5115,-0.3586,0.7289,0.1305,0.2782,0.2396,-0.0307,-0.0034,0.0362,0.6188,0.2498,0.0968,-0.149,1.0687,-0.5846,0.1254,0.4562,0.2158,0.9529,-0.1307,0.0815,0.0779,0.0839,0.1251,0.8993,0.2762,0.9037,-0.6826,-0.0131,-0.7596,0.295,-0.0071,-0.027,-0.2384,0.0468,0.602,0.3128,0.3915,-0.0664,-0.4339,-0.3904,0.4776,1.5055,0.696,-0.0546,0.7156,0.0095,1.5932,0.165,-0.3168,0.3583,2.2889,0.5838,-0.5211,0.6019,0.7141,0.9956,0.889,0.546,0.2657,0.8943,0.8184,-0.7145,1.3776,0.2739,0.5646,0.6237,3.1674,-0.1368,0.8361,0.0552,0.5161,0.4813,0.0151,-0.6089,0.4085,-0.8997,-0.1013,-0.2294,0.7336,0.4304,-0.7267,0.5401,0.306,DLBCL
-0.874,-1.6123,-0.9048,-1.0143,-0.6641,-0.4322,-0.7787,-1.116,-0.6271,-0.8588,-1.0021,-1.0073,-0.6985,-0.7151,-0.889,-0.8043,-1.2927,-0.9071,-0.5408,-0.484,-0.6098,-0.2752,-0.2003,-0.8762,-0.62,-0.5956,-0.7043,-0.6261,-0.6203,-0.7065,0.0849,-0.7207,-0.5677,0.1804,-0.5226,-1.3909,-0.425,-0.7842,0.0864,-0.9942,-0.3865,-0.4511,-1.3931,-0.3805,-1.0726,-0.2619,0.5272,-0.2085,-0.7488,-0.7505,-0.8261,-0.385,-1.141,-0.6491,-0.2568,-0.3368,-0.8272,-0.3887,-0.7205,-0.9558,-0.578,-0.2257,-0.6684,-0.9103,-0.5975,-0.6875,-0.5526,-0.7249,-0.5132,0.2977,-0.7219,-0.3787,-1.0012,0.068,-0.7014,-0.7499,-0.3916,0.0295,-0.5542,-1.1808,0.1842,-1.1192,-0.7714,0.2192,-0.1043,-0.8241,-0.2531,-0.9437,-0.3271,-0.5981,-0.3815,-0.2057,-0.8815,-0.6906,-0.7929,0.5331,-0.7225,-0.6872,-0.8195,-1.1431,DLBCL
-0.6596,0.0376,-0.0659,-0.468,-0.4996,-0.336,-0.4949,-0.1671,-0.4147,-0.7681,-0.6508,-0.2607,-0.0409,-0.304,-0.3214,-0.234,-0.4655,-0.2878,-0.1802,-0.5381,0.5989,-0.4607,-0.0307,0.0581,-0.7965,-0.6288,0.0527,-0.6794,-0.3582,-0.4144,-0.2636,-0.5543,-0.4647,0.0692,-0.271,-0.4323,-0.0437,-0.6999,-0.6492,-0.3766,-0.4061,-0.3512,-0.2495,-0.4002,-0.3101,-0.1159,0.7035,-0.5597,-0.483,0.2028,-0.3242,-0.2825,-0.339,-0.4757,0.2888,-0.0291,-0.0757,-0.3887,0.6912,0.3361,-0.3115,-0.0219,-0.3222,-0.5433,0.1786,0.1206,-0.4604,-0.4264,-0.5645,-0.2181,-0.3961,-0.5306,-0.804,-0.9345,0.0618,-0.6241,0.0214,-0.6258,-0.5734,-0.454,-0.4506,-0.8252,-0.3889,-0.9298,0.053,-0.5204,0.1526,-0.2256,-0.2561,-0.3594,-0.3135,-0.4359,-0.4744,-0.3906,-0.5607,-0.1729,-0.5373,-0.5819,-0.6067,-0.7546,DLBCL
0.9794,0.735,1.6734,0.3352,1.0119,1.0406,-0.5671,1.8669,2.3132,-0.2097,0.0131,-0.1123,-0.5181,-0.0555,-0.5407,2.1105,0.9293,0.775,-0.3998,-0.4674,-0.7599,0.7398,0.9691,2.075,-0.5116,-0.5376,-0.2695,0.1687,-0.2046,0.3583,2.4494,-0.256,1.3055,-0.5726,0.0769,-0.1302,-0.0384,-0.7842,-0.6724,0.0105,0.535,-0.5769,0.4033,0.2879,-0.1951,-1.9608,0.5734,-0.3902,3.0598,0.0518,0.1238,-0.6041,-0.1247,-0.1288,1.2492,1.4946,-0.5023,0.7269,1.5517,0.8964,-0.2775,-0.0241,-0.2696,-0.5418,-0.5952,1.4222,-0.2456,-0.0104,-0.5275,-1.1308,-0.4966,-0.5028,0.1629,-0.2497,0.3789,0.0288,-0.317,-0.6033,0.6625,-0.3122,-0.0668,0.2002,-0.1449,-1.1213,0.3513,-0.2167,-0.365,-0.3871,0.6697,0.4285,-0.5382,-0.3956,-0.4423,-0.3216,-0.5196,0.0658,-0.1765,1.753,-0.0489,-0.3013,DLBCL
-1.0103,-0.8749,-1.0428,-0.5239,-0.8273,-0.8931,-1.0609,-0.516,-0.6685,-0.9624,-0.8746,-0.8982,-0.9712,-1.0577,-0.4829,-0.8827,-1.205,-1.1255,-0.9917,-0.9488,-0.7352,-0.7762,-0.6783,-0.9112,-0.8064,-0.6924,-1.2133,-1.494,-0.7712,-0.6917,-0.7681,-0.7052,-1.1286,-0.709,-1.0633,-0.6235,-1.1375,-0.7497,-0.6455,-1.014,-0.6406,-0.6109,-0.3615,-0.3015,-0.9921,0.4018,0.9834,-0.7538,-0.7147,-0.7387,-0.7132,-0.6469,-1.1045,1.6055,-0.7026,-0.6013,-0.7254,-1.0318,-0.4989,-0.0148,-0.3357,-0.6953,-0.846,-0.8014,-0.9833,-0.7211,-0.8199,-0.7364,-0.4853,-0.9368,-0.843,-0.2579,-0.2562,-0.5013,-0.5011,0.0191,-0.9675,-0.8113,-0.7819,-0.3631,-0.0023,-0.505,-0.7811,1.6091,0.731,-0.4363,-0.8085,-0.815,-0.9762,-0.6962,1.0851,-0.7022,-0.0405,-0.742,-0.3318,-1.1797,-0.4006,-0.5948,-0.5508,-0.1665,FL
-1.1358,-1.2995,-0.7849,-1.174,-1.0987,-0.9753,-0.7176,-1.2844,-1.0314,-1.0345,-1.1029,-1.0855,-1.0225,-0.9996,-0.9738,-0.939,-1.1385,-0.77,-0.9285,-0.9273,-0.764,-0.9157,-0.8137,-0.8492,-0.8864,-0.7551,-0.9214,-0.2446,-0.9195,-1.3068,-0.622,-0.9136,-1.102,-0.6787,-0.6755,-1.3569,-0.8617,-0.9297,-0.6272,-0.9731,-0.5989,-0.8082,-0.6664,-0.728,-0.9155,1.3043,1.0383,-0.012,-0.7619,-0.9369,-0.8829,-0.6671,-0.8593,0.3732,-0.7607,-0.7214,-0.6699,-1.325,-0.8284,-1.2903,-0.452,-0.9101,-0.925,-1.0938,-0.9901,-0.8344,-0.7445,-0.9656,-0.8594,0.4915,-0.6286,-0.6358,-0.9063,-0.293,-0.7895,-0.5854,-1.0546,-0.872,-0.7758,-1.0463,-0.5977,-0.8588,-0.8381,1.4787,-1.3354,-0.9844,-0.5904,-0.9404,-1.1703,-0.7303,3.5893,-0.7661,-0.7402,-0.9798,-0.928,-0.0365,-0.6551,-0.4727,-0.9654,-1.0702,FL
-1.3447,-1.5118,-1.0652,-1.1508,-1.3073,-0.5812,-0.807,-0.6211,-1.1533,-1.3049,-1.178,-1.4379,-1.1023,-1.1859,-1.2358,-0.9224,-1.4629,-0.8751,-1.3134,-0.8815,-1.3272,-0.4388,-1.5393,-0.7564,-1.058,-1.0343,-1.1765,-1.6838,-1.0863,-1.4447,-0.9625,-0.8199,-1.4424,-0.9465,-1.0507,-1.1112,-1.1426,-1.1366,-0.8874,-1.2713,-1.1765,-0.8472,-1.1001,-1.1743,-1.0055,1.9414,0.6964,-0.513,-0.9719,-1.187,-1.0145,-1.0165,-1.2084,0.3458,-1.0713,-0.99,-0.947,-0.5943,-0.8103,-1.1652,-1.3339,-1.3331,-1.3567,-0.9924,-1.5507,-0.8186,-1.1168,-1.8842,-1.1478,-1.4381,-1.2766,-0.6281,-0.8461,-1.2852,-1.0909,-2.254,-1.1568,-1.4545,-0.1241,-1.8894,-1.0675,-1.2523,-1.495,-0.5216,-1.8127,-1.1376,-0.8929,-1.2699,-1.5485,-1.0469,-0.4867,-1.6357,-0.835,-0.8812,-0.6821,0.1179,-1.6639,-0.7512,-1.2908,-1.3307,FL
-1.2473,-1.2902,-1.2459,-1.187,-1.1675,-1.0822,-1.2059,-0.9434,-1.1817,-0.8664,-1.2059,-1.102,-1.1888,-0.8576,-1.2129,-1.0552,-1.3948,-0.486,-1.1056,-0.9824,-0.7948,-0.8733,-1.6147,-0.8784,-1.0871,-0.8242,-1.3371,-1.5814,-0.9407,-1.4311,-0.9655,-1.1698,-1.3237,-0.9971,-1.3504,-1.2207,-1.2874,-0.2363,-0.6846,-1.1862,-1.0728,-0.8366,-1.486,-1.3876,-1.5228,1.5233,1.2668,-1.0141,-0.777,-0.7929,-1.0123,-0.8533,-1.4878,-0.6308,-1.0781,-1.2356,-0.7247,-0.7475,-0.8309,-1.346,-1.0141,-1.7828,-1.3567,-1.0744,-1.9274,-0.6112,-1.1155,-0.9001,-1.2127,-1.6386,-0.8224,-0.5727,-0.6838,-1.178,-0.8654,-1.2142,-2.1291,-1.7909,-1.0572,-2.1365,-0.673,-1.0526,-1.3772,-0.3532,-1.8724,-1.1535,-0.983,-1.4195,-2.1483,-0.7893,0.1411,-1.3979,-0.7819,-1.338,-0.6409,-0.562,-1.18,-0.6758,-1.0039,-1.3068,FL
-1.2893,-1.7671,-1.0984,-0.9238,-1.1841,-0.9989,-1.0816,-1.5616,-1.1868,-0.8011,-1.0943,-1.1773,-0.9848,-0.8364,-0.9643,-0.9732,-1.271,-1.1382,-1.074,-0.9112,-0.7578,-0.9318,-1.0964,-0.9807,-0.8256,-0.8048,-1.0547,-0.8384,-1.0122,-0.9523,-0.8603,-0.8743,-1.0475,-0.7595,-0.8118,-1.3219,-1.052,-1.2248,-0.6785,-1.1228,-0.9192,-0.7448,-1.3026,-0.7073,-0.9155,0.4814,0.7979,-0.4885,-1.0041,-1.1327,-0.8649,-0.8077,-1.1034,-0.1471,-0.7404,-0.6796,-0.8734,-1.2681,-0.7613,-1.2229,-1.1595,-0.6687,-1.004,-1.0237,-1.1376,-0.5329,-0.7748,-0.8462,-1.0322,-1.221,-0.6976,-0.7223,-1.0815,-0.6746,-0.9591,-0.9288,-0.9316,-0.6952,-0.7056,-1.2425,-0.9097,-0.9004,-0.9559,0.7232,-0.7171,-0.995,-0.6006,-0.9909,-1.2877,-0.9842,0.3297,-0.8274,-0.9136,-0.746,-0.7317,-0.1689,-0.7088,-0.7817,-1.147,-1.1814,FL
-1.1946,-1.7448,-1.1594,-1.2301,-1.2366,-0.9029,-1.1263,-0.8408,-1.3764,-0.9254,-1.8135,-1.4445,-0.7986,-1.0483,-1.2034,-1.8771,-1.2296,-1.3252,-1.4481,-1.1307,-0.6818,-0.4688,-0.9336,-0.78,-0.891,-1.0416,-1.2975,-2.0082,-1.0836,-1.3592,-1.1021,-1.3411,-1.4618,-2.6849,-1.5432,-1.2687,-1.7387,0.281,-0.7139,-1.5292,-0.6357,-0.7387,0.1436,-1.3856,-0.7967,0.5146,0.744,-0.2527,-1.0152,-0.8897,-1.3431,-1.214,-1.1233,-0.0101,-0.9997,-1.5811,-1.0409,-0.8568,-0.8292,-1.4078,-1.8039,-2.2346,-0.9921,-1.537,-1.2897,-1.0135,-1.104,-1.7859,-0.5723,-2.2183,-1.2051,-0.7855,-1.3821,-0.9036,-1.124,-1.9057,-1.4662,-1.7666,-0.9891,-1.3697,-1.9176,-0.9933,-1.4573,-0.3343,-2.6262,-1.3784,-0.6399,-2.4808,0.6248,-0.6523,-0.3492,-2.7086,-1.7675,-1.2123,-0.9491,-2.2307,-2.1909,-0.4877,-0.8957,-1.9464,FL
-1.3427,-1.15,-0.9526,-1.0541,-1.186,-0.9251,-0.909,-0.3119,-0.4913,-1.3761,-0.948,-1.05,-1.0012,-1.0968,-1.0031,-0.8178,-1.1951,-1.0659,-0.9366,-1.0819,-0.8051,-0.8909,-0.9893,-0.9374,-1.1105,-0.8232,-0.9585,-1.463,-1.0466,-1.3243,-0.8354,-0.9463,-1.0996,-0.8354,-0.9606,-0.8018,-0.7913,-0.9144,-1.1147,-1.1561,-0.6545,-0.7909,-0.9166,-0.8672,-0.7737,0.4615,1.082,-1.0731,-0.7304,-0.4697,-0.6348,-0.8115,-0.6693,0.5832,-0.5716,-0.6566,-0.799,-1.1456,-0.4787,-0.3686,-0.3648,-0.9057,-0.9329,-0.7537,-0.8653,-0.8051,-0.9061,-0.8019,-0.7347,-1.5612,-0.7703,-0.8919,-0.7484,-0.8273,-0.1382,-0.5032,-0.8778,-0.8876,-0.879,-0.6974,-0.2785,-0.6704,-0.86,1.1977,-0.6954,-0.7303,-0.9779,-0.7376,-1.0472,-0.7333,3.2016,-0.7543,-0.7038,-0.7839,-0.8404,-1.5367,-0.5489,-0.3489,-0.9647,-0.8424,FL
-0.7849,-0.3414,-0.9638,-0.8696,-0.8896,-0.6905,-0.8595,-0.9006,-0.7893,0.0202,-0.7055,-0.6249,-0.5417,-0.3165,-0.4908,-0.9084,-0.6947,-0.5576,-0.5417,-0.4294,-0.618,-0.8763,-0.2962,-1.0324,-0.2458,-0.7329,0.0265,0.6785,-0.4694,-0.7416,-0.3947,-0.6514,-0.4126,-0.4412,-0.4534,-0.61,-0.5304,-0.9566,-0.5502,-0.1399,-0.594,-0.7072,-0.7212,-0.9176,-0.8733,2.1537,0.5874,-1.105,-0.7646,-0.6702,-0.6406,-0.6074,-0.1114,1.0943,-0.4622,-0.6242,-0.6965,-0.5156,-0.7901,-1.1515,-0.8929,-0.7661,-0.0471,-0.6209,-0.6542,-0.5252,-0.1716,-0.6401,-0.6529,0.0198,-0.6262,-0.4807,-0.6798,-0.2435,-0.9135,-0.5854,-0.2839,-0.3501,-0.5693,-0.741,-1.0568,-0.3079,-0.2226,1.6901,-0.3592,-0.3628,-0.2916,-0.3884,-0.2532,-0.2303,1.625,-0.1847,-0.6075,-0.3622,-0.6958,-0.0927,-0.2249,-0.6537,-0.7222,-0.7575,FL
-0.7157,-0.4156,-0.6564,-0.8888,-1.1626,-0.6045,-0.8191,-0.783,-0.5118,-0.9893,-0.8592,-1.0139,-0.5325,-1.1534,-0.7679,-0.6281,-0.9245,-0.8825,-0.999,-0.7683,-0.579,-0.8032,-0.4984,0.0995,-0.9496,-0.5864,-1.0325,-0.8791,-0.6865,-0.7042,-0.8583,-0.6724,-0.8209,-0.8707,-0.7217,-1.6434,-0.5095,-1.1711,-0.7603,-0.9801,-0.5834,-0.6007,-0.9762,-0.572,-0.994,0.7933,0.198,-1.1664,-0.4489,-0.6396,-0.8469,-0.82,-0.4638,-0.0101,-0.2528,-0.5554,-0.5423,-0.6075,-0.4091,-0.5903,-0.4423,-0.9057,-0.7763,-0.7522,-0.4523,-0.688,-0.7735,-0.5265,-0.7529,-0.7604,-0.7328,-0.7677,-0.7664,-0.85,-0.1825,-0.4065,-0.7466,-0.6414,-0.57,-0.6865,-0.2785,-0.8674,-0.7179,-0.0302,-0.4948,-0.5001,-0.4668,-0.7842,-0.7357,-0.7911,0.0205,-0.6401,-0.6803,-0.7568,-0.6958,-1.1657,-0.6793,-0.5352,-0.481,-0.8606,FL
-0.8182,-0.8205,-0.5286,-0.4399,-0.1578,-0.7583,-0.6176,-0.7575,-0.8773,-0.7372,-0.767,-1.0627,-0.7418,-0.8504,-0.7275,-0.6777,-0.2404,-0.7104,-0.9077,-0.939,-0.7126,-0.5564,-0.9062,-0.7929,-0.5949,-0.5763,-0.6361,-0.9985,-0.7818,-1.0803,-0.9221,-0.7656,-0.8645,-1.0779,-0.7699,-0.384,-1.1981,-1.1558,-0.8862,-1.1299,-1.1643,-0.4663,-0.6069,-0.7902,-0.7756,-0.3415,0.6574,-0.7292,-1.0756,-0.5405,-0.7427,-0.4866,-0.6781,0.1815,-0.7336,-0.6323,-0.6401,-0.7343,-0.7452,-0.688,-0.8833,-0.2257,-0.8645,-0.8387,-0.8449,-0.4887,-0.8011,-0.3127,-0.2963,-1.2232,-0.7158,-0.2335,-0.336,-0.753,-0.8194,-0.629,-0.3377,-0.794,-1.1377,-0.7192,-0.9025,-0.7751,-1.0166,-0.067,-0.6304,-0.8666,-0.8653,-0.6923,-0.7342,-0.4495,-0.497,-0.8409,-0.5424,-0.4473,-0.6029,-0.3634,-0.5089,-0.7345,-1.0286,-0.5135,FL
-0.7993,-0.3941,-0.5474,-0.8443,-0.5246,-0.7312,-0.5548,-0.6978,-0.5348,-0.2389,-0.628,-0.3623,-0.6528,-0.2418,-0.5724,-0.5216,-0.2662,-0.6589,-0.5733,-0.462,-0.6365,-0.6265,-0.5909,-0.9361,-0.4207,-0.615,-0.3964,-0.6558,-0.1993,-0.3092,-0.8364,-0.5671,-0.0806,-0.4058,-0.7384,-0.5329,-0.4322,-0.5083,-0.4195,-0.033,-0.5712,-0.5962,-0.5378,-0.2985,-0.1338,1.4636,0.6557,-0.7857,-0.5106,-0.5711,-0.4443,-0.4584,-0.3578,1.4777,-0.5837,-0.6094,-0.5211,-0.0037,-0.1702,-0.5133,-0.2145,-0.0153,0.0226,0.237,-0.0597,-0.6131,-0.2618,-0.4206,-0.5438,-0.2334,-0.2241,-0.6037,-0.5652,-0.0681,-0.1082,0.0578,-0.288,-0.6085,-0.3071,-0.3922,-1.0568,-0.3198,-0.0732,2.0342,-0.1585,-0.3584,0.0174,-0.2151,-0.1909,-0.114,-0.2663,-0.0578,-0.2713,-0.1838,-0.5196,-0.6041,-0.389,-0.7614,0.3287,-0.5365,FL
-0.402,-0.3119,-0.9173,-0.4858,-0.2083,-0.8654,-0.3519,-0.7501,-0.8628,-0.4495,-0.1833,-0.4982,-0.6326,-0.4181,-0.4512,-0.3478,-0.454,-0.1581,-0.2399,0.0608,-0.5913,-0.7105,-0.5447,-0.881,-0.3873,-0.3929,-0.4793,-0.2148,-0.2178,-0.5578,-0.8055,-0.541,-0.1727,-0.5928,-0.1369,0.5086,-0.6692,-0.7343,-0.3963,0.0521,-0.6937,-0.6596,-0.6331,-0.339,-0.0897,0.3885,0.4108,-0.8102,-0.0755,-0.675,-0.2803,-0.2058,0.1393,1.8519,-0.6999,-0.6094,-0.0021,-0.555,-0.7473,-0.5072,-0.5974,0.0202,-0.6302,-0.3404,0.7619,-0.9204,-0.0551,-0.6209,-0.2372,-0.1953,-0.1805,-0.7567,-0.0798,-0.3487,-0.736,-0.3049,0.3681,0.0001,-0.486,0.2474,-0.7196,-0.0792,0.0627,0.5548,-0.5002,-0.4921,-0.5155,0.0999,1.565,-0.0093,1.2344,0.1253,-0.4188,-0.3446,-0.0257,-0.223,-0.0871,-0.5448,-0.1288,-0.0903,FL
-1.3317,-1.56,-0.9677,-1.1228,-1.1912,-0.7708,-1.0004,-1.3187,-1.0064,-1.4557,-1.0978,-0.9095,-1.0921,-1.2884,-0.908,-1.0216,-1.5126,-1.0681,-0.942,-0.9214,-0.8462,-0.6637,-0.9524,-0.7865,-1.0742,-0.8067,-0.9025,-1.1158,-1.0201,-0.4303,-0.6011,-0.7739,-1.0705,-1.0223,-0.8914,-1.204,-0.993,-1.0753,-0.9253,-1.0371,-0.7803,-0.7255,-0.3091,-0.7675,-0.9749,1.2778,0.9471,-0.7931,-0.531,-0.7741,-0.7312,-0.772,-0.8261,1.642,-0.6486,-0.6512,-0.9188,-0.6643,-0.7922,-1.0801,-0.4956,-1.0585,-1.0421,-0.8611,-0.6316,-0.8162,-0.9425,-0.6652,-0.7893,-1.1945,-0.7836,-1.016,-1.0428,-0.7943,-0.9086,-0.4984,-0.6816,-0.6379,-0.4468,-0.8283,-0.4506,-0.905,-0.7665,1.8564,-0.5815,-0.5266,-0.9656,-0.9588,-0.8719,-1.1553,-0.0813,-0.6443,-0.7967,-0.4825,-0.7623,-0.8087,-0.8708,-0.7028,-0.7577,-0.7863,FL
-0.8796,-0.4869,-0.5964,-0.4288,-0.5222,-0.9067,-0.7825,-0.8301,-0.7305,-0.8066,-0.4726,-0.51,-0.6143,-0.7898,-0.4259,-0.4096,-0.4033,-0.8624,-0.464,-0.9907,-0.6098,-1.0449,-0.4179,-0.6396,-0.6471,-0.709,-1.0449,-1.1237,-0.4641,-0.2887,-0.6714,-0.3486,-0.6743,-0.5625,-0.7321,-0.114,-0.4076,-1.0064,-0.742,-0.6717,-0.6529,-0.5363,-1.1668,-0.3805,-0.3637,1.0388,0.6839,-0.4959,-0.7081,-0.38,-0.4349,-0.6319,-0.6096,2.8469,-0.6715,-0.5406,-0.8319,-0.7387,-0.7386,0.0524,-0.6894,-0.8636,-0.8184,-0.4105,-0.7178,-0.3216,-0.3944,-0.2357,-0.3879,-0.1402,-0.4481,-1.0825,-0.3922,-0.5055,-0.7594,-0.4162,-0.2341,-0.4386,-0.6842,-0.4322,-1.5589,-0.3343,-0.6645,1.6302,-0.1693,-0.3557,-0.7642,-0.0156,-1.0037,-0.7948,4.4018,-0.5821,-0.4825,-0.4635,-0.3961,-0.6863,-0.5573,-0.5996,-0.1833,0.4486,FL
-1.0762,-1.4793,-0.9765,-1.2208,-1.0609,-0.8643,-0.9441,-1.0169,-0.7314,-1.4085,-0.7487,-0.7672,-0.7689,-1.0821,-0.8883,-0.9175,-1.0604,-1.0636,-0.8309,-0.9488,-0.8832,-0.7397,-1.1435,-0.8892,-0.9429,-0.7984,-1.0265,-1.0866,-1.1234,-0.6185,-0.633,-0.6397,-0.9942,-0.8808,-0.6378,-1.1598,-0.7023,-0.9336,-0.9937,-0.7427,-0.648,-0.6433,-1.0334,-0.7201,-0.5802,0.7535,0.7916,-1.2032,-0.7829,-0.7811,-0.7844,-0.772,-0.8151,2.6004,-0.6756,-0.4015,-0.9165,-0.66,-0.7563,-0.4752,-0.8396,-0.5313,-0.9145,-0.5612,-1.1649,-0.5195,-0.9324,-0.6998,-0.7574,-1.6985,-0.5257,-1.0094,-0.9804,-1.2151,-0.7339,-0.9143,-0.5559,-1.0471,-0.7716,-0.6793,-0.5403,-0.7079,-0.8636,1.8417,-1.3192,-0.6984,-0.8529,-0.6746,-0.9443,-1.1869,0.3831,-0.7258,-0.6909,-0.6068,-0.6916,-0.4918,-0.7309,-0.692,-0.9901,-0.3382,FL
-1.4631,-1.3856,-0.9843,-1.0991,-1.558,-0.9962,-0.9112,-0.8544,-1.077,-1.4108,-1.2088,-1.0272,-1.2068,-1.4997,-0.9073,-1.0871,-0.7333,-0.8393,-1.4951,-1.2545,-0.8215,-0.9135,-1.4356,-0.769,-1.0005,-1.1789,-1.014,-1.7712,-1.1869,-1.2078,-0.7581,-1.0162,-1.3019,-0.7798,-1.319,-1.166,-0.8279,-0.8531,-1.111,-1.311,-0.8089,-0.8234,-1.0071,-0.8603,-1.5535,2.3595,1.5159,-0.6874,-0.7377,-0.8873,-0.967,-0.891,-1.2028,1.2312,-0.8512,-1.1452,-0.8883,-1.3862,-0.6212,-0.6047,-1.0771,-1.991,-1.4857,-1.1311,-1.3283,-1.0798,-0.9364,-1.3488,-0.8191,-1.2807,-0.8442,-0.9584,-0.618,-0.7963,-0.6433,-1.4753,-1.7341,-0.6917,-1.0868,-1.3988,-0.7734,-1.129,-1.1319,1.5786,-0.1639,-1.0543,-0.8885,-1.449,-1.9817,-1.07,1.4768,-0.9467,-0.9452,-0.9758,-0.7676,-3.5083,-0.6425,-0.4449,-0.8129,-0.9043,FL
-0.8531,-1.4194,-0.9248,-0.973,-1.1289,-0.7472,-0.8546,-0.8212,-0.5522,-0.7877,-0.3707,-0.0373,-0.3532,-0.1633,-0.8423,-0.7621,-0.0426,-0.8766,-0.107,-0.6815,-0.8709,-0.7791,-0.4119,-0.8564,-0.6041,-0.7025,-0.3374,0.0173,-0.7447,-0.1373,-0.3049,-0.4263,0.083,-0.8303,-0.2291,-0.6246,0.0639,-0.7114,-0.7555,-0.3562,-0.3138,-0.6682,-0.8713,-0.8179,-0.4633,0.3221,0.4348,-1.0657,-0.609,-0.2149,-0.1624,-0.7024,-0.7444,3.0203,-0.4811,-0.6256,-0.3849,-0.3975,-0.7979,-0.7628,-0.5586,-0.0241,0.3359,-0.327,-0.3456,-0.6462,-0.4402,-0.1664,-0.7997,-0.0144,-0.522,-0.5594,-0.4911,-0.7798,-0.3807,-1.3544,-0.5366,-0.2028,-0.3725,0.5745,-1.0568,0.0018,0.0421,1.2219,-1.3246,0.0108,-0.4879,0.1282,-1.3282,-0.2632,1.8937,-0.2872,-0.5845,-0.4446,-0.6958,-1.1757,-0.672,-0.6011,-0.3082,-0.416,FL
-1.1679,-1.349,-0.7875,-1.2044,-1.0854,-0.8996,-0.9311,-1.1388,-0.8126,-1.0511,-0.8746,-0.8812,-0.7057,-0.9671,-0.9168,-0.7376,-1.011,-0.7618,-0.8119,-0.7659,-1.097,-1.0902,-0.794,-0.8707,-0.8593,-0.756,-0.4165,-0.8082,-0.75,-0.8579,-0.8214,-0.8227,-0.627,-0.7747,-0.7133,-1.0834,-0.7815,-0.9604,-0.6247,-0.8368,-0.9878,-0.7148,-1.405,-1.0084,-0.8446,0.3819,0.3981,-1.1075,-0.9732,-0.8496,-0.8793,-0.5604,-0.8195,0.7748,-0.7391,-0.6364,-0.8648,-0.4106,-0.8152,-0.9269,-0.9075,-0.6044,-0.6697,-0.9297,-1.1422,-0.4537,-0.9149,-0.954,-0.7984,-0.3043,-0.7873,-0.5062,-0.886,-0.9283,-0.8889,-1.0014,-0.7687,-0.2773,-0.4523,-0.6502,-0.8703,-1.0262,-0.4326,0.6348,-1.5415,-0.6293,-0.4937,-0.8701,-1.6615,-0.9641,0.7716,-0.961,-0.7383,-0.7312,-0.7306,-0.7204,-0.8834,-0.6017,-1.0141,-0.9636,FL
-1.4614,-1.786,-1.2849,-1.3804,-1.3875,-1.1475,-1.0992,-1.2139,-1.276,-1.3682,-1.2737,-1.4044,-1.3032,-1.4488,-0.9904,-1.1189,-1.5969,-0.8296,-1.1173,-1.1989,-0.8606,-0.7872,-1.1203,-0.989,-1.3099,-0.861,-1.278,-1.5006,-1.2557,-1.265,-0.9431,-1.0944,-1.2413,-1.0324,-1.1073,-1.6706,-1.2284,-0.8301,-0.8825,-1.064,-1.0262,-0.8568,-0.9142,-1.3323,-1.086,0.7468,1.2173,-0.8962,-1.0205,-0.9156,-1.0368,-0.9479,-1.4392,0.5467,-0.9268,-0.7551,-0.9071,-1.2725,-0.9804,-1.4226,-0.985,-1.2623,-1.1764,-0.9969,-0.9538,-0.8824,-1.0515,-0.7441,-0.7841,-1.5494,-0.82,-0.6746,-1.1029,-0.8561,-1.1048,-0.7886,-1.125,-0.7593,-1.2113,-1.4497,0.0013,-1.276,-1.0785,0.2981,-1.0263,-1.1057,-0.9794,-1.0572,-1.35,-0.9963,0.5068,-0.9056,-0.9902,-0.6947,-0.8087,-1.4826,-0.895,-0.6519,-1.0533,-1.3567,FL
