X95735_at,M84526_at,M23197_at,M27891_at,M31523_at,M92287_at,U05259_rna1_at,X59417_at,M11722_at,X17042_at,D88270_at,L09209_s_at,M16038_at,M84371_rna1_s_at,M63138_at,U46499_at,M89957_at,M22960_at,J05243_at,M31211_s_at,M55150_at,M62762_at,X16546_at,M19507_at,U50136_rna1_at,U29175_at,M96326_rna1_at,S50223_at,X61587_at,X82240_rna1_at,Y08612_at,M28170_at,Z49194_at,M11147_at,U22376_cds2_s_at,HG1612-HT1612_at,M32304_s_at,X97267_rna1_s_at,Z15115_at,D88422_at,X52056_at,J03473_at,D49950_at,X14008_rna1_f_at,X66401_cds1_at,X62654_rna1_at,M33680_at,M31303_rna1_at,M29696_at,L47738_at,M83652_s_at,Y07604_at,M81695_s_at,J03801_f_at,Y00787_s_at,M19045_f_at,X64072_s_at,D26156_s_at,U07139_at,X15414_at,L09717_at,L06797_s_at,S76617_at,M65214_s_at,X51521_at,X62320_at,U82759_at,M91432_at,X69111_at,L42379_at,U10485_at,U77948_at,M93056_at,AF009426_at,M12959_s_at,D14664_at,D10495_at,L41559_at,U46751_at,D86967_at,X78669_at,M27504_s_at,L21954_at,L11669_at,HG3494-HT3688_at,U10868_at,X70297_at,L07633_at,M28130_rna1_s_at,U94855_at,L13278_at,D63880_at,X07743_at,X74262_at,X12447_at,X67951_at,U62136_at,S46622_at,U73737_at,L33930_s_at,class
-0.6205,-0.5591,-0.3412,-0.4915,0.3465,0.6527,2.1432,-0.0469,0.2067,-1.0238,-0.0515,-0.0028,-0.5176,1.6782,-0.5978,-0.6355,0.8504,-0.639,0.0497,0.7732,-0.6417,-0.9396,-0.6097,-0.5157,-0.2369,1.0116,-0.4242,0.3247,-0.5657,2.2754,1.1818,1.432,3.4405,-0.859,0.2001,0.4186,-0.8037,0.2519,2.4598,-0.4198,-0.6315,0.9899,-0.579,-0.7161,0.7753,-0.4578,0.1605,0.6718,1.3698,-0.2388,-0.5555,-0.8853,-0.0723,-0.6608,-0.5193,-0.8073,-0.6933,0.8441,-0.8924,1.4238,-0.9614,1.1611,-0.5858,1.6656,0.5848,-0.4918,0.1262,0.3554,0.7157,-1.1638,-0.4585,0.3473,-0.8448,0.0885,0.0393,-0.6675,-0.8366,-0.7814,-0.5724,2.2126,1.7532,2.2261,-0.2607,-0.3658,-0.4245,0.0756,-0.0514,0.1777,-0.3929,0.4535,1.1316,0.4915,-0.4425,0.592,-1.4384,0.2755,0.0693,1.4023,-0.0831,1.9191,ALL
-0.6154,-0.4973,-0.691,-0.3178,-0.1475,-0.1635,-0.651,0.1255,-0.3201,0.0269,-0.6909,-0.5154,-0.1913,-0.7867,-0.2619,-0.509,-0.8464,-0.1215,0.6542,0.166,0.4109,1.1039,-0.3604,-0.5293,-0.3087,-0.471,-0.4936,0.653,-0.1593,-0.6285,0.2195,-0.8723,-0.5817,1.0208,-0.7572,-0.0228,0.0589,-0.3712,-0.5236,-0.222,0.0061,-0.6399,-0.0501,-0.1374,-0.0281,-0.3697,0.0833,0.137,-0.5987,2.9645,-0.141,0.6121,0.1264,0.2426,0.3869,0.0604,0.2543,-0.3722,0.4414,-0.1328,-0.0018,-0.0968,-0.7221,0.0251,-0.052,-0.2716,-0.6563,0.4444,-0.753,0.1551,-0.5723,0.5739,-0.0264,0.3515,0.196,-0.3316,0.0265,-0.8055,-0.5359,0.716,0.832,-0.0097,0.1349,-0.0122,0.453,-1.0539,-0.3846,1.01,0.0696,0.4596,-0.529,0.2064,-0.3838,0.3591,-0.5106,-0.7818,0.9303,-0.1056,-0.2213,-0.6551,ALL
-0.6143,-0.5908,-0.2363,-0.4996,-0.4998,0.7108,-0.7395,1.9434,0.0478,-0.9473,-0.553,-0.7248,-0.8413,-0.4385,-0.0916,-0.5537,-1.1867,-0.7659,2.1224,0.5757,0.4159,-1.1461,-0.5137,-0.5421,0.0802,-0.2714,-0.3428,2.5805,-0.3965,-0.6665,-0.5746,0.301,-0.7772,-0.7427,0.8929,1.5403,0.0555,0.056,0.0242,-0.3985,-1.3534,-0.7316,-0.8825,-0.4054,0.1771,-0.8865,-0.7718,2.9377,0.2475,2.73,-0.6873,-0.1403,0.123,-0.1273,-0.5251,-0.1035,-0.3136,0.6191,0.546,1.6074,-0.9897,-0.3204,-0.4424,0.9932,0.4302,-0.5074,0.9058,1.8311,-0.4507,-0.8902,-0.2628,0.4606,-0.8692,0.4113,-0.4206,-0.8823,-1.12,-0.2352,-0.483,0.1323,0.3448,-0.1286,-0.3245,-1.5699,-0.5019,0.8827,-0.1202,1.2503,-0.4757,-1.1563,1.1828,0.2848,-0.588,1.6438,-1.0677,-0.6173,0.1194,0.3995,-0.1823,-0.6541,ALL
-0.3956,-0.5829,-0.2822,-0.5914,0.7257,0.8982,0.8135,0.2934,-0.3465,-0.955,1.0037,-0.3459,0.1224,0.757,-0.6998,-0.5834,0.5151,-0.3657,-0.303,0.3014,-0.2049,-0.8483,-0.6522,-0.5346,-0.4476,-0.2869,-0.4075,1.0991,-0.8928,0.4155,0.6891,1.2523,-0.1568,-0.5987,1.3381,-0.063,-0.1864,1.1845,0.5469,-0.4564,-0.3794,1.3152,0.8214,-0.559,-0.1729,-0.6856,2.0758,0.64,2.6994,-0.0181,-0.4561,-0.6729,-0.2354,-0.5912,-0.5359,-0.5519,-0.7047,-0.6366,0.0543,-0.0179,-1.1967,0.0674,1.7226,1.2617,0.4003,-0.5534,0.1746,0.4765,-0.5422,-1.0954,2.3019,1.3907,-0.4541,0.1125,0.7647,-0.1554,0.0775,-0.7734,-0.5259,-0.6552,0.497,1.0131,-0.47,-0.3906,-0.7092,0.3912,0.3893,-0.0174,-0.4697,-0.3767,0.086,2.8258,-0.3371,0.1943,-0.9401,0.6898,-0.1221,0.671,0.6932,0.2515,ALL
-0.3842,-0.3967,-0.0483,-0.5555,0.3488,0.1272,0.8268,0.8831,-0.2345,1.4709,0.4616,-0.2205,-0.1132,0.5808,-0.6495,-0.5611,1.3832,0.1012,-0.1047,0.9927,-0.5111,-0.1814,0.3102,-0.3745,-0.4638,-0.468,-0.3963,1.2001,0.0808,0.5728,1.6397,0.6604,0.4202,-0.2919,0.3755,-0.367,-1.1369,0.8268,0.1646,-0.3383,0.0645,1.9168,-0.2362,-0.0835,-0.0281,0.6827,1.6439,0.4962,0.597,-0.1312,-0.2804,-0.5846,-0.7738,0.0008,-0.5627,-0.0842,-0.3949,-0.0748,-0.0346,1.1629,-0.4628,0.7402,3.0166,0.1041,0.1948,-0.2044,-0.6534,1.5965,-0.6018,0.1076,2.3386,1.0563,0.4267,1.0927,0.4903,-0.0783,0.1444,0.3029,-0.3033,-0.5659,1.2888,0.9465,0.262,0.179,-0.2905,-0.4542,-0.4948,0.8197,-0.4331,1.111,1.1418,1.4323,-0.1756,0.5895,0.0757,1.3433,2.142,1.0253,1.3986,-0.0744,ALL
-0.6496,-0.4902,-0.785,-0.349,-0.2774,0.0247,-0.8542,0.4511,-0.083,-0.8894,-0.7614,-0.6339,-0.5969,-0.7244,-0.4348,-0.6776,-0.8438,-0.7724,2.0938,-0.1924,-0.5797,-1.2466,-0.2791,-0.5106,-0.5634,0.3539,-0.4028,0.2742,-0.4902,-0.6693,-0.5399,-0.2751,-0.5913,-0.7325,0.2984,0.4759,-0.4282,-0.1002,-0.5831,-0.4017,-1.0726,-0.9318,-0.9903,0.0192,0.0185,-0.9591,-0.7521,1.3756,0.1606,1.5367,-0.1056,-0.1688,-0.0452,-0.0344,-0.5406,-0.1431,0.1873,0.8268,0.818,0.3906,-1.1214,-0.6427,-0.5106,0.4651,-0.3152,-0.4069,-0.5737,-0.2821,-0.534,-1.224,-0.6467,-0.4256,-0.9287,0.758,-0.3176,-0.4637,-0.1868,-0.2754,-0.9201,-0.4281,-0.881,-0.0334,-0.7681,-1.328,-0.2204,-0.9254,-0.8253,0.0353,-0.4632,-0.5868,0.1373,0.2385,-0.7308,0.5102,-0.8753,-0.5385,-0.0628,-0.9953,-0.7778,-0.6456,ALL
-0.7606,-0.5826,-0.7281,-0.5798,-0.0913,0.3385,0.7579,1.015,-0.6428,-0.9515,-0.2172,-0.6504,-0.568,1.101,-0.1114,-0.5599,0.2436,-0.2893,-0.3774,-0.2949,-0.3087,-1.0045,-0.7206,-0.5371,-0.3041,-0.5825,-0.4169,0.0722,-1.0076,-0.6461,-0.679,0.8136,-0.5841,-0.9649,0.6005,0.3964,-0.3403,-0.2277,0.3407,-0.4689,-0.5592,0.7647,-0.1872,-0.6429,-0.3379,-0.773,1.3687,0.3417,-0.2358,-0.6402,-0.2451,-1.2324,-0.3084,-0.6233,-0.5507,-0.5869,-0.681,-0.7562,0.2165,0.1641,-1.1402,0.7751,1.5445,1.0045,0.2347,-0.3769,1.0993,0.3498,-0.6522,-0.8439,2.1269,0.647,-0.4492,-0.1505,-0.6185,-0.3206,0.1014,1.3712,-0.3697,-0.6878,-0.1349,0.4185,0.0742,-0.57,-0.5493,1.1871,-0.1395,-0.4774,-0.4412,-0.5124,0.9778,1.1259,-0.5426,0.5511,-0.5017,1.4355,-0.3726,-0.2941,0.6081,-0.6178,ALL
-0.9127,-0.6648,-0.3631,-0.5821,1.0453,0.0694,0.394,-0.4456,0.4562,-1.0357,-0.3109,-1.0225,-0.67,0.0933,-0.3952,-0.5611,0.6254,-1.1952,0.0859,-0.4631,0.3356,-0.4938,-0.7058,-0.5658,0.3928,-0.5515,-0.3371,0.5014,-1.0028,1.3101,0.7123,0.5758,0.7075,-0.4709,0.9903,0.572,1.0229,0.1898,1.4121,-0.4383,-0.6129,1.5606,-1.0,-0.4143,0.0512,-0.7436,-0.0969,0.9269,-0.0696,1.3408,-0.5841,-0.0237,0.9229,-0.425,-0.4972,-0.3861,-0.7258,-0.0544,-0.1078,0.4026,0.1488,2.1742,-0.5788,1.6385,0.7232,-0.553,-0.2864,0.3271,0.2817,-0.7234,-0.7022,1.1349,-1.0645,1.6785,-0.1895,-0.1939,-0.8477,-0.2513,-0.4749,0.3519,0.7483,1.9835,-0.7303,-0.648,-0.6256,-0.1408,0.5766,-0.7114,-0.4742,-0.5506,0.3013,-0.6952,-0.5746,-0.2962,-1.6191,0.4649,-0.2086,0.098,0.6117,1.3692,ALL
-0.9172,-0.5444,-0.5729,-0.4861,0.4869,1.6527,-0.8074,1.9679,-0.3952,-0.8091,-0.7477,-0.6738,-0.6335,-0.7139,-0.0509,-0.5623,-0.9006,0.2712,4.1493,2.1522,-0.3605,-0.112,-0.8425,-0.5303,-0.4198,1.3119,-0.3313,1.8903,-0.1363,-0.6489,1.1586,-0.5393,-0.5672,-0.2267,0.6703,2.2664,0.5257,0.8819,0.1088,-0.4356,-0.8919,0.0201,-1.2253,-0.3387,-0.5746,-0.466,0.1471,2.9264,2.5174,2.2679,0.009,1.3407,0.0143,-0.2568,-0.499,-0.2026,0.0519,0.3752,3.2242,0.8025,-0.1147,-0.4799,0.3966,-0.0155,2.8711,-0.3005,-0.2579,2.2663,-0.3344,-1.0432,-0.6975,0.4423,0.2851,0.1722,3.2001,-0.7831,-1.0181,-0.8216,-0.7959,1.1261,0.9386,0.2853,-0.7339,-0.6363,-0.374,-0.0191,-0.156,0.7506,-0.442,1.242,1.1828,0.9548,-0.5213,3.3435,0.6109,0.1123,0.7025,0.4146,-0.317,-0.6218,ALL
-0.5101,-0.4891,-0.5467,-0.4594,-0.6813,-0.1729,-0.7538,0.878,-0.5285,-0.7304,-0.6304,-0.7083,-0.796,-1.0157,-0.4344,-0.6107,-0.8521,-0.8864,2.1701,1.3255,-0.2551,-0.6172,-0.4102,-0.4619,-0.1779,-0.2668,-0.5415,-0.1635,-0.4911,-0.6439,-1.1543,-0.9515,-0.6203,-0.9104,-0.4971,0.9339,0.4546,-0.667,-0.7939,-0.3684,-0.7621,-1.0283,-0.7846,-0.388,-0.256,-0.6619,-0.6126,1.483,-0.4472,0.233,-0.65,0.3129,-0.3815,-0.4958,-0.4851,-0.332,-0.586,-0.1378,0.2112,0.5073,-0.5851,-0.6213,-0.6025,0.332,0.8159,-0.4169,0.1717,-0.2897,1.8255,-0.9343,-0.3371,-0.9537,-0.6778,-0.557,0.327,-0.7776,-0.448,-0.2111,-0.283,0.3519,-0.0816,-0.5234,-0.6481,-1.3398,-0.276,-0.8239,-0.2827,0.6117,-0.4783,-0.4053,-0.7545,1.0795,-0.5653,0.203,0.7404,-0.6354,-0.1448,-0.7465,-0.3879,-0.6347,ALL
-0.8045,-0.522,-0.6057,-0.6033,-0.4764,1.1853,-0.8989,1.4432,-0.5896,-0.6507,-0.7484,-0.7427,-0.9346,-0.8658,-0.5754,-0.5747,-0.8802,-0.8176,1.9126,1.8559,-0.5982,0.0059,-0.534,-0.5221,-0.8134,1.6152,-0.4318,1.0528,-0.6633,-0.6617,1.0369,-0.7507,-0.3982,-0.7631,0.0787,0.7401,-0.4367,-0.6785,-0.247,-0.4773,-0.8511,-1.0998,-0.9413,-0.6421,-1.2458,-0.6685,-0.2683,0.3563,0.1019,1.9354,-0.7522,0.1768,-0.4698,-0.6486,-0.3484,-0.6493,-0.6559,1.3445,0.8337,-0.186,-0.3311,-0.1989,-0.8515,-0.1125,2.2605,-0.555,-0.1213,-0.2027,-0.7057,-1.1255,-0.3437,0.2194,-0.0947,-0.031,1.0053,-0.7886,-0.7649,-0.5886,-0.8934,0.6877,1.1746,-0.219,-0.7405,-0.8222,-0.5638,-1.0043,-0.3378,0.0559,-0.4198,1.0865,-0.4777,0.4737,-0.5733,0.0729,-0.4674,-0.1963,-0.7143,0.0376,0.002,-0.6347,ALL
-0.5579,-0.4673,-0.2844,-0.5238,-0.6438,-0.4164,-0.1178,-0.9643,-0.0635,0.6004,-0.5049,-0.7868,-0.4747,-0.2127,-0.4682,-0.6491,-0.0892,-0.5142,-0.7912,-0.2034,-1.0466,-0.7615,-0.6818,-0.2922,-0.6734,-1.0979,-0.3381,-0.4244,0.0435,-0.5698,-1.1253,-0.2222,-0.4513,0.6949,-1.0304,-0.7832,0.0267,-0.6963,-0.8177,-0.3526,-0.5314,-0.852,-1.2449,0.2093,-0.4966,-0.4619,-0.2974,-0.3475,-0.6857,-0.8334,-0.2479,-1.2653,-0.4137,-0.1841,0.0866,0.15,-0.8386,-1.148,-0.4844,-0.9343,-0.3499,0.3051,-0.3645,-1.0242,0.0407,-0.5566,-0.9493,-0.9519,0.2498,-0.4104,-0.7088,-1.2187,-0.2305,-1.3101,0.235,-0.238,0.2081,0.1262,-0.5503,-0.6068,-0.5612,-0.4092,-0.6496,-0.1643,-0.2152,-0.7743,-0.5058,-0.8935,0.0155,-0.2096,-1.0723,-0.7843,-0.0235,-0.8488,-0.3134,-0.5231,-0.7826,-0.6485,-0.7282,-0.6128,ALL
-0.3779,-0.5084,-0.5795,-0.5574,1.1061,2.9664,0.7343,1.9514,2.2846,-0.3098,1.9546,-0.319,-0.6234,0.1608,-0.8268,-0.6144,1.2819,-0.7831,0.2575,1.0183,-0.819,-0.3486,-0.7261,-0.5211,-0.7208,0.6092,-0.5284,1.4904,-0.6059,0.7048,0.463,-0.2064,0.722,-0.7385,0.9907,2.0274,0.0031,0.79,1.4409,-0.474,0.0747,0.4812,-0.3048,-0.8405,1.833,-0.3917,0.8429,1.2835,-0.0091,-0.2595,-0.4848,-0.9063,-0.7177,-0.8875,-0.5585,-0.8536,-0.4648,0.841,-0.0189,1.271,0.0359,2.3407,1.2801,0.3975,1.0916,-0.3121,-0.7445,0.6449,0.2704,-0.3351,0.265,0.2377,-0.5264,1.1286,-0.3654,-0.6124,-0.6678,-0.5645,-0.4862,2.6385,0.162,0.309,-0.4934,-0.2683,-0.4276,1.1736,-0.5829,1.4673,-0.4684,2.1458,0.8958,0.4701,-0.2664,0.9042,-0.2737,0.8516,1.5862,2.8499,1.6219,1.6454,ALL
-0.5852,-0.5186,-0.5948,-0.4063,-0.3956,-0.473,-0.8963,-0.5796,-0.7561,-0.2724,-0.7531,-0.534,-0.2354,-0.9629,-0.2575,0.5324,-0.8209,0.3142,0.5245,-0.4558,0.2,-0.8876,-0.4952,-0.5098,-0.5379,-0.3039,-0.4148,1.5957,0.1076,-0.6333,0.5963,0.153,-0.5575,0.3478,-0.5568,-0.4425,-0.7107,2.3429,0.145,-0.3424,-0.6602,-0.2241,-0.6083,0.0932,0.8269,-0.3199,-0.6179,-0.3104,1.3645,1.0194,-0.0178,-1.4972,0.4966,0.0048,-0.5625,0.0676,0.3563,-0.0748,-0.8401,0.1383,-0.9426,-0.903,0.3048,-0.8053,-0.5594,-0.3501,-0.4571,0.0508,-0.2131,-0.7477,-0.626,0.541,-0.8399,0.7221,2.1156,-0.3922,-0.2617,0.4073,-0.353,-0.94,0.1544,-0.2427,-0.3377,-0.3971,-0.4349,-0.5196,-0.3571,0.203,-0.4668,-0.1107,1.0803,0.9833,-0.6107,1.432,-0.7104,-0.5369,0.9166,-0.4524,0.0233,-0.589,ALL
-0.2561,-0.535,-0.7347,-0.5289,1.8119,2.3938,0.9637,1.759,1.1577,-0.3978,1.1893,-0.5843,0.0985,0.9691,-0.3684,-0.633,1.2315,-0.2797,0.147,1.8595,-1.0884,-0.5094,-0.6374,-0.4713,-0.9419,1.0952,-0.4681,1.5999,-0.407,2.3355,1.9586,1.2946,0.512,-0.3724,1.263,0.3788,-0.2067,2.448,1.2649,-0.4351,0.374,1.3878,0.2339,-0.6947,3.499,-0.3982,1.7396,0.353,1.7063,1.0497,-0.3797,-0.0237,-0.6872,-0.7992,-0.5742,-0.7123,-0.3057,1.1085,0.4152,1.5508,-0.4722,1.0178,1.7797,1.1714,0.8201,-0.3281,-0.7103,1.5852,-0.3787,-0.2957,3.0602,2.1801,-0.1553,2.862,1.5461,-0.5298,-0.1948,-1.0866,-0.1263,-0.6427,0.9005,1.9739,0.3248,0.2271,-0.5204,-0.5669,-0.5939,2.7287,-0.4454,1.9814,1.3776,3.0966,-0.4519,1.3638,0.5226,2.4858,1.7457,1.6436,2.228,1.5818,ALL
-0.3073,-0.5078,-0.4702,-0.5355,0.4857,0.0899,0.2617,1.2501,1.3407,-0.6862,0.6158,-0.8227,-0.6133,0.6969,-0.4142,-0.6528,0.9683,-0.6766,0.8582,1.0109,-0.553,-1.1607,-0.4121,0.0457,-0.5831,1.7762,-0.4751,0.1858,-0.8106,-0.4632,-0.2036,1.2364,1.8953,-1.1266,0.7884,0.0205,-1.1521,1.0852,1.167,-0.4328,-0.6723,1.6547,-1.0392,-0.6952,0.405,-0.5346,0.527,0.2602,0.3967,0.2206,-0.5755,-1.6468,-0.5292,-0.6455,-0.5726,-0.7387,-0.6677,1.5837,0.4728,1.4924,-0.3311,0.1934,1.2509,1.0902,-0.4551,-0.5146,-0.8014,0.5484,0.0636,-0.7037,2.3349,1.1824,-0.5674,1.7024,4.4965,-0.9318,-0.491,-0.685,-0.7323,1.0994,0.3219,0.2853,-0.4848,-1.0823,-0.6236,-0.4722,0.0285,0.2872,-0.4501,0.5769,1.6134,0.2028,-0.5413,0.9054,-0.1943,0.5959,0.4838,0.015,-0.4056,1.4159,ALL
-0.2629,-0.5237,-0.2865,-0.4796,-0.041,-0.297,-0.8754,-0.2841,-0.4452,-0.7124,-0.7871,1.6996,-0.3047,-0.9619,0.4318,3.1619,-0.9407,0.1679,-0.2611,-0.0571,1.3128,0.4681,0.5669,-0.2939,0.5884,-0.0176,-0.554,0.6782,1.237,-0.6571,1.7963,-1.813,-0.9462,0.2846,2.1514,0.1242,-0.0358,0.9341,0.2968,-0.4615,-0.0133,0.8195,-0.1677,-0.6464,0.4239,-0.444,-0.2129,2.5307,-0.456,-0.1395,-0.4141,1.4035,-0.2541,-0.6006,-0.5285,-0.6482,1.3517,1.1321,-0.5524,-0.6769,2.2186,-0.2253,-0.6873,0.0206,0.4763,-0.0423,-1.635,2.7468,-0.9762,-0.4753,-0.5112,2.847,2.7715,0.2918,-0.0137,2.4438,-0.1996,1.5318,-0.306,0.7478,1.5705,0.3709,-0.3786,0.4013,-0.3214,-0.9006,-0.3488,1.216,-0.4647,-0.0438,1.7569,1.6569,0.86,2.7811,0.7096,-0.7356,2.2787,-0.8822,-0.161,-0.6228,ALL
-0.5682,-0.5004,-0.6035,-0.5378,0.1896,-0.7071,0.159,-0.7838,-0.8809,-0.6862,-0.7556,-0.7682,-0.2971,-0.2897,-0.8543,-0.5846,-0.0101,-0.6422,-0.6329,0.4623,-0.5011,-1.2073,-0.7021,-0.4952,-0.5159,-0.7357,-0.5793,-1.0767,-0.3544,-0.0019,-0.6674,0.3644,2.1223,-0.1712,-0.7283,-0.3655,-1.3771,-0.1323,-0.6626,-0.4976,-0.7964,1.1472,-0.3439,-0.4282,0.6116,-0.6913,-0.3321,-0.4449,-0.883,-0.1036,-0.6443,-0.8958,-0.1216,-0.5642,-0.5549,-0.5702,-0.5195,-0.4635,1.0795,0.0886,-0.1241,-0.8779,0.0849,0.754,0.2913,-0.2945,-0.7018,0.7092,0.2642,-0.079,0.918,-0.5773,-0.7061,-0.4016,0.0091,-0.6289,-0.7952,-0.0505,-0.2053,-0.0464,-0.6983,-0.7755,-0.5899,-0.5882,-0.6937,-0.346,-0.4011,-1.0776,-0.4585,0.2652,-0.5187,3.0752,-0.6507,-0.015,0.6534,0.1143,-0.3316,-0.6786,-0.0831,-0.6337,ALL
-0.44,-0.5095,-0.5729,-0.571,0.2341,-0.2452,-0.0541,1.4183,1.6083,-0.5943,-0.7383,-0.7048,-0.922,1.9937,-0.6213,-0.6875,0.6713,-0.7487,0.8715,0.305,-0.2183,-0.9634,-0.691,-0.4481,-0.0228,1.1323,-0.5477,-0.4497,-0.8192,0.0427,-0.3602,0.8401,1.765,-1.0111,0.3553,-0.1788,-0.5974,0.2685,0.744,-0.4624,-0.6315,0.1798,-0.3243,-0.6386,1.1631,-0.6758,-0.156,-0.3468,-0.6211,0.542,-0.6758,-0.4799,-0.8281,-0.7071,-0.5891,-0.7233,-0.7958,0.6128,-0.3589,-0.3577,-0.952,1.5342,0.007,-1.3491,-0.16,-0.555,0.2372,-0.0892,0.4329,0.1157,-0.3804,-0.7509,-0.5225,0.6863,0.5175,-0.7171,-0.6869,-0.6208,-0.2631,2.9893,0.8777,0.2757,-0.8257,-0.7728,-0.5493,-1.2365,-0.2937,0.4631,-0.465,-0.6209,1.2033,-0.5776,-0.4679,0.6998,-0.3137,0.1304,-0.1767,0.2488,0.158,2.2002,ALL
-0.3193,-0.4953,-0.5183,-0.5076,4.1331,1.3149,1.7528,1.9032,2.6395,-1.0229,-0.3627,-0.2694,-0.2014,2.9033,-0.281,-0.5933,3.4121,0.5928,2.1605,4.0139,-0.2969,0.5585,-0.5728,-0.464,-0.5923,1.9279,-0.6996,2.8456,-0.8517,2.8099,3.0948,1.8178,3.0663,0.4914,2.0141,3.9865,-0.5906,1.3764,3.7389,-0.4986,-0.1681,3.879,-1.098,-0.6287,1.9577,-0.1329,2.4067,2.0668,1.6905,4.2296,-0.8181,0.9876,-0.7704,-0.6222,-0.558,-0.6711,-0.7815,1.782,1.7648,2.3454,0.0359,2.7076,1.6391,1.3903,0.9889,-0.3225,0.0295,4.9433,-0.4249,1.1008,-0.2524,3.1138,-0.5967,2.85,0.0665,-0.304,-0.5881,-0.6931,0.0746,3.0461,1.1213,1.1177,-0.4026,1.5872,0.4489,-0.7135,-0.4617,3.3646,-0.406,3.5953,2.6179,0.5343,-0.5106,4.1611,1.0352,1.5085,4.9209,1.8547,3.6316,4.5593,ALL
-0.7515,-0.5217,-0.6079,-0.5618,1.97,-1.0181,-0.018,1.1072,-0.2555,-0.4686,2.658,-0.6484,-0.4143,-0.2654,-0.9153,-0.6392,-0.6909,-0.511,0.0383,1.0914,-1.5821,-0.3194,-0.8683,-0.5349,-1.0947,4.3004,-0.4978,0.5562,-0.9779,-0.4134,2.1789,2.0503,0.0388,-1.2558,3.1256,-0.7047,0.0183,-1.1328,2.7662,-0.436,-0.6,-0.1753,-0.8434,-0.7153,-0.8025,-0.3623,1.9225,-0.3369,0.0032,1.2235,-0.4103,-1.4912,-1.02,-0.7952,-0.5581,-0.7898,-0.7771,-0.4572,-0.1863,0.322,0.1582,0.7002,-0.2685,0.2327,-0.3194,-0.6203,-0.5681,0.5995,-0.2028,-0.8103,0.9264,-0.0145,-0.7325,2.1208,-0.2874,-0.9373,-0.714,-0.7493,-0.2726,0.3169,2.4765,-0.9468,-0.7481,0.1517,-0.4493,-1.0877,-0.335,-1.22,-0.4211,-0.1182,0.3731,0.128,-0.58,-0.1563,-1.5191,-0.7761,0.994,0.098,3.2666,0.6827,ALL
-0.7208,-0.5478,-0.6407,-0.5582,-0.8779,0.0537,0.841,-1.0265,-0.7682,-0.9672,0.8036,-0.7097,-0.6763,0.5882,-0.767,-0.7359,-0.267,-0.8541,-0.5338,-0.902,-0.5881,0.1036,-0.6744,-0.5165,-0.5831,-0.9802,-0.4416,0.2111,-0.8957,0.0309,-0.1341,-0.1641,-0.4079,-0.7556,1.0341,0.8498,-0.2236,-0.4649,-0.2255,-0.4745,-0.7269,0.0046,-0.5887,-0.6279,-1.0393,-0.5248,0.8939,-0.4529,-0.5007,0.1558,-0.6557,-1.5136,-0.5717,-0.6404,-0.5422,-0.7683,-0.7716,0.4161,-0.8192,-0.9171,-1.0743,1.4748,1.4833,-0.3856,4.6794,-0.4145,-0.5368,-0.9632,1.6301,0.0253,0.7081,-0.305,-0.8799,-0.6168,-0.6288,-0.6785,-0.2314,-0.2192,-0.3733,0.0371,-0.8962,-0.4235,-0.7803,-0.0369,-0.8308,-0.6887,-0.2276,-1.0838,-0.4287,-0.655,-0.775,-1.3367,-0.5386,-0.8896,-1.628,-0.9692,-0.7006,-0.3016,-0.6183,-0.0312,ALL
-0.8517,-0.5568,-0.6757,-0.4714,-0.508,0.267,-0.6593,-0.2892,-0.5811,-1.0235,-0.7665,-0.6732,-0.9661,-0.6706,-0.6392,-0.6243,-0.8502,-0.8531,-0.3564,-0.0498,-0.3923,-1.0885,-0.8905,-0.5304,-0.6919,0.6944,-0.3581,1.2716,-0.8039,-0.6555,-0.6616,-0.386,-0.8545,-1.1251,0.1905,0.3899,-0.8832,-0.6033,-0.6695,-0.4587,-1.2144,-0.7245,-0.8923,-0.4566,-0.9574,-0.9036,-0.2301,1.2344,0.3362,0.0951,-0.373,-0.4724,-0.2116,-0.4162,-0.5531,-0.4203,-0.6328,1.4688,-0.7198,0.4867,-0.3029,-0.4826,-0.5663,0.3117,-0.7303,-0.4978,0.0494,-0.4884,-0.7212,-1.0502,-0.1856,-0.422,-1.0166,-1.3818,0.001,-0.5243,-0.2091,0.56,-0.8944,-0.297,-0.4775,-0.609,-0.889,-1.3593,-0.5338,-1.2027,-0.1808,-0.45,-0.4305,-0.6891,0.0245,0.6946,-0.616,-0.0398,-1.4181,-0.8526,-0.0218,-0.4298,-0.6892,-0.6988,ALL
-0.6638,-0.5534,-0.6888,-0.5751,0.9352,0.3836,1.026,0.3014,-0.3198,-0.5406,0.7247,-0.4789,-0.3286,0.6821,-0.6224,-0.6107,0.5329,-0.4195,0.1107,0.5172,-0.3923,-0.5742,-0.3918,-0.5152,-0.4974,0.8166,-0.4323,1.3095,-0.3716,0.0737,1.4832,1.5429,-0.2751,-0.7637,1.5058,1.0788,-0.2726,-0.0336,1.3925,-0.4124,0.1757,1.8513,0.3318,-0.8365,0.0877,-0.3419,3.0118,0.2437,-0.0308,0.2137,-0.6634,-0.5398,-0.3815,-0.9114,-0.546,-0.891,-0.648,0.2383,-0.2648,0.5245,-0.7074,0.0092,0.5608,0.6005,0.7635,-0.4518,1.1989,0.7811,-0.7983,-0.7593,2.1768,2.3756,-0.0391,1.272,0.5536,0.0484,-0.2235,-0.7011,-0.4492,-0.6385,1.7761,1.4602,-0.0412,-0.0031,-0.7906,-0.0867,-0.4039,0.4686,-0.5073,0.2666,1.1111,-0.4279,-0.5266,0.6379,-0.9979,3.1504,0.7708,2.0959,3.6884,-0.2234,ALL
-0.3916,-0.5364,-0.468,-0.5791,-0.5513,-0.5606,0.7327,0.3175,0.0501,0.1072,1.0898,-0.8158,-0.9144,1.2836,-0.6121,-0.5871,-0.0566,-0.7025,-0.5509,0.3343,-0.3271,-0.8501,-0.6873,-0.503,-0.1825,-0.8115,-0.4711,0.4636,-0.6633,-0.1436,-0.1225,1.4003,0.285,0.3795,-0.394,-0.3187,-1.0168,-0.4114,-0.3764,-0.4865,-0.5119,-0.7364,-1.2253,-0.7282,-0.6363,-0.773,-0.5688,0.0634,2.4211,-0.7189,-0.5354,-0.9048,-0.5071,-0.877,1.0965,-0.7715,-0.8037,-0.5044,-0.6571,-0.059,-0.6133,1.4476,-0.2769,0.772,-0.2701,-0.4522,-0.2323,-0.4089,1.7803,-0.0164,-0.5883,-0.6285,-0.5684,-0.7602,-0.7208,-0.8492,-0.1725,-0.3075,-0.5286,0.4822,0.261,0.0474,-0.693,-0.2267,-0.2472,-0.1769,-0.3406,0.6616,0.6469,0.3655,-0.7032,-0.6667,0.158,-0.5019,-0.8969,0.0493,-0.2223,0.7162,-0.6927,-0.4862,ALL
-0.5437,-0.4939,-0.6319,-0.5305,1.0359,0.82,1.7763,0.0571,0.8983,-0.5204,1.9875,-0.3769,-0.6398,2.2944,-0.6271,-0.6032,1.9257,-0.6659,1.026,0.9415,-0.8759,-0.6848,-0.5303,-0.4933,-0.6062,1.6307,-0.5504,-0.3781,-0.3123,1.4906,0.6427,1.9499,3.1339,-0.9693,0.2772,-0.4173,-1.0067,1.3953,0.0041,-0.4583,-0.3247,1.0733,-0.1677,-0.7472,1.2941,-0.3084,0.2274,-0.1102,0.4407,0.0206,-0.5507,-0.6579,-0.5462,-0.7958,-0.5464,-0.8283,-0.6869,1.7064,2.1414,0.8042,-1.0743,1.0379,-0.2449,-0.0358,0.5235,-0.3977,-0.8241,0.1076,-0.1328,-0.1056,-0.5432,-0.1077,-0.7998,-0.3179,0.0923,-0.8933,-0.7538,-1.0947,-0.5097,1.1261,0.0859,-0.5805,-0.4148,-0.1773,-0.3554,-0.8104,-0.2607,0.8136,-0.4616,0.2011,-0.7853,-0.3994,-0.5827,-0.2207,0.0417,0.8865,-0.2724,1.3872,-0.1362,1.6975,ALL
-1.1741,-0.5917,-0.7281,-0.5358,0.0609,-0.2102,0.439,-0.5568,-0.0438,-0.9874,0.6053,-0.8978,-0.3689,0.4721,-0.3346,-0.5487,-0.1612,-0.724,-0.7149,-0.8947,-0.7973,-1.7106,-0.7926,-0.5395,-0.0494,0.0319,-0.5257,-0.719,-1.3911,0.8925,1.1818,0.4913,-0.4634,-1.0651,0.0903,0.1871,-0.8206,-0.041,1.0559,-0.4309,-1.4201,0.6134,-1.1959,-0.3357,-0.6439,-0.6595,0.7375,0.0024,-0.6034,0.2137,-0.7169,-1.2444,-0.5224,-0.2389,-0.5524,-0.2828,-1.0031,0.2934,0.0282,0.1452,0.2899,-0.0513,-0.9447,0.6615,-0.4237,-0.569,-1.5241,-0.3029,-0.3231,0.0647,1.1447,-0.4914,-1.0655,-0.1027,-0.3095,-0.8052,-1.3286,1.3471,-0.7115,-0.7546,-0.3709,0.4375,-0.5807,-1.5491,-0.6947,-0.3482,-0.8005,-0.6848,-0.5301,-0.7996,-0.037,0.0532,-0.7561,-0.4883,-0.6577,0.1824,0.0966,-0.5429,0.2147,-0.058,ALL
-0.6889,-0.5704,-0.5445,-0.5521,0.5384,0.203,3.3502,0.6421,1.931,-1.0699,-0.0366,-0.8826,-0.7708,0.1651,-0.7662,-0.5772,1.2334,-1.1855,0.3853,0.3123,-0.6868,-0.1147,-0.4065,-0.4462,-0.2393,1.8319,-0.4502,-0.6222,-0.7379,-0.1652,0.1152,-0.3121,1.27,-0.7219,-0.3145,0.5645,-0.4891,-0.4057,0.4738,-0.4657,-0.916,-0.2217,0.7823,-0.6502,0.876,-0.4431,-0.6401,1.6526,-0.3474,0.1282,-0.3597,-0.6639,-0.5853,-0.7341,-0.4455,-0.6647,-0.7899,4.7041,0.8755,-0.1603,-0.5381,0.4281,-0.6164,0.1741,-0.5259,-0.5886,-0.8014,-0.4619,0.9029,-0.1578,-0.5272,-0.1241,-0.8037,-0.6287,-0.4162,-0.227,-0.905,-2.0746,-0.8483,1.0284,-0.5841,0.3614,-0.3224,-0.9328,-0.6153,-0.7338,-0.0734,1.4556,-0.3816,0.1404,-0.16,-0.8984,-0.5533,-0.8896,-1.0249,0.5312,-0.5321,0.9725,0.2998,0.8799,ALL
-0.7304,-0.6274,-0.3784,-0.5302,-0.4893,-1.0189,-0.3468,-0.4169,0.6306,-0.6743,-0.1101,-0.6394,0.0267,1.5168,-0.7453,-0.6032,-0.6921,-0.9617,0.7819,-0.507,-0.8943,-1.0556,-0.5839,-0.5325,-0.362,0.6108,-0.4167,0.7666,-0.5361,-0.6475,0.1442,1.6434,-0.5575,-1.1751,-0.5746,-0.6795,0.5967,-0.6756,-0.2918,-0.4555,-0.7065,-0.3754,0.9781,-0.7368,0.5864,-0.4252,-0.6789,-0.2985,-0.604,-0.7782,0.4951,-0.9197,0.1094,-0.7966,-0.5433,-0.7645,-0.6943,-0.2825,-0.5158,-0.3045,-1.0085,-1.0377,-0.455,0.2575,-0.0536,-0.2644,-0.7985,-0.3729,2.1783,-0.8474,-0.6071,-0.2977,0.2275,0.0168,1.1937,-0.3756,-0.5467,0.6965,-0.8957,-0.5341,0.124,-0.7042,-0.5113,-0.9835,-0.6174,-0.8713,0.1304,-0.706,-0.4258,-1.3269,1.3674,-1.5719,-0.4906,-0.5007,-1.2446,-0.0224,-0.7644,0.0753,-0.4198,-0.5239,ALL
-0.7379,-0.514,-0.5751,-0.5002,0.8509,0.8805,0.6266,-0.0157,0.5488,-0.746,0.3628,-0.2598,-0.6436,-0.6326,-0.709,-0.6603,1.1232,-0.7713,-0.6692,-0.101,0.8828,0.3749,-0.2625,-0.3663,-1.464,-0.1584,-0.4976,-0.2687,-0.319,-0.6021,0.9151,-0.7824,0.145,-0.0984,-0.2817,0.3345,-0.4857,-0.5544,-0.4857,-0.4068,-0.6102,-0.4088,-0.9707,-0.1591,0.1482,-0.4946,0.1248,-0.435,-0.5706,-0.6499,-0.4829,-0.2585,0.0584,0.2301,-0.3965,0.2361,-0.6357,0.1282,0.2165,0.4696,-0.9332,1.7433,0.0766,-1.0558,1.0193,-0.5002,0.351,-0.0494,0.1932,-0.1404,-0.4717,0.4515,-0.7657,-0.031,-0.6671,-0.7776,-0.8238,-0.8376,0.2778,1.0443,0.0478,0.1045,-0.5195,0.0359,-0.4225,-0.5692,-0.941,0.8683,-0.4112,1.1908,0.1783,-0.15,-0.3117,-0.2677,-0.9207,-0.1511,-0.4728,0.3241,-0.4446,0.6862,ALL
-0.563,-0.4213,-0.2844,-0.5238,0.0328,-0.6984,-0.0995,0.03,1.5074,-0.2964,-0.0663,-0.4706,-0.5831,-0.5714,-0.5996,-0.6119,-0.1879,-0.5992,-0.141,0.3782,-0.4526,-0.0325,-0.7261,-0.4116,-0.2173,-0.4881,-0.4127,0.2026,-0.7255,-0.5829,-0.9051,-0.6556,-0.2992,-0.701,0.0556,-0.2568,-0.4925,-0.0278,-0.0787,-0.4457,-0.0726,-0.3111,0.557,-0.6019,0.8042,-0.5599,-0.5635,0.1509,-0.6005,-0.2333,-0.2479,0.1873,-0.9759,-0.6594,-0.5439,-0.6302,-0.5047,-0.9324,-0.3223,-1.1282,-0.4346,-0.5245,0.224,-0.8188,-1.0128,-0.4217,-0.4912,0.1114,-0.4393,-0.7013,-0.3832,-0.0912,-0.1983,0.1842,-0.7046,0.8799,-0.5022,-1.2714,-0.507,-0.4206,-0.4927,-0.6946,-0.5016,-0.8196,-0.3606,-0.8465,-0.6022,0.4556,-0.465,-1.0752,0.9573,1.1508,0.1113,1.2498,-0.275,-0.9119,0.7708,-0.8445,0.3352,-0.517,ALL
-0.3318,-0.5186,-0.4265,-0.5705,1.6434,2.2799,0.9189,3.1444,1.4587,-0.5886,2.9127,-0.2536,-0.7532,1.0736,-0.5126,-0.6032,1.0454,-0.6056,0.0268,2.0534,-0.1848,0.0753,-0.3973,-0.4928,-0.6479,0.846,-0.4966,2.4626,-0.3333,3.1181,1.9412,0.7872,0.553,-0.0691,2.0748,2.1839,0.4073,1.5561,3.1293,-0.4745,-0.1746,0.8779,-0.814,-0.7855,2.5848,-0.3468,0.3062,0.7818,-0.1941,-0.1946,-0.3262,-0.1149,-0.8859,-0.8455,-0.5621,-0.8555,-0.1791,0.4665,0.0491,3.8196,0.384,1.8436,0.5288,1.8168,0.393,-0.3573,0.0124,1.4395,2.9909,-0.108,0.5727,0.9247,-0.5557,1.4992,-0.3742,-0.0122,-0.7203,-1.0545,0.2805,0.0321,2.507,0.5041,-0.3321,-0.2852,-0.5442,1.4463,-0.2965,1.6308,-0.4692,2.0898,3.8787,0.5735,0.0673,1.5224,-0.6507,1.3001,1.6728,2.4277,0.8314,2.1978,ALL
-1.034,-0.5327,-0.0592,-0.4765,0.5185,0.4155,2.1306,0.9097,1.2636,-0.8597,2.0313,-0.9301,-0.4861,1.1,-0.1529,-0.576,1.4055,-0.7186,0.5283,-0.1229,-0.2401,-1.3215,-0.2052,-0.3176,0.071,0.6572,-0.5189,-0.9757,-1.2897,0.8267,1.0717,1.7491,0.2947,-1.2055,0.0305,-0.0746,-0.6244,0.1318,0.4367,-0.4536,-0.929,1.1901,-0.0599,-0.3076,1.3973,-0.4921,1.1191,1.7288,2.7852,0.0261,-0.8706,-1.5615,-0.4409,-0.277,-0.5437,-0.2586,-0.7982,1.1919,0.3734,0.9106,-0.9803,-0.9307,-0.6386,3.3264,0.4066,-0.3965,-0.992,0.416,1.3411,0.3475,0.1079,0.0915,-0.8516,0.1961,0.1938,-1.51,-0.6407,-0.8939,-0.2112,-0.2978,-0.8962,-0.6614,-0.5919,-1.1681,-0.5297,0.7655,-0.4425,0.4795,-0.5499,-0.4319,0.3731,-0.0965,-0.6974,-0.5824,-0.0968,1.16,0.0055,0.2412,-0.3772,1.6797,ALL
-0.6467,-0.5103,-0.7522,-0.562,0.5326,1.2897,0.2544,0.2363,-0.3646,-0.7019,0.6425,-0.4982,-0.3588,0.3803,-0.6719,-0.6342,0.8784,-0.3517,0.0592,0.8281,-1.4332,-0.6172,-0.715,-0.5218,-1.0426,0.162,-0.4381,-0.1004,-0.5906,-0.3507,0.6659,-0.2222,0.1716,-0.9818,0.747,0.2173,-0.8528,1.0507,0.5675,-0.3897,-0.1505,1.1567,-1.3526,-0.5526,0.0915,-0.7232,2.1612,-0.0904,3.2691,0.0357,-0.7169,-0.3573,-0.9215,-0.5571,-0.5789,-0.603,-0.717,0.1392,1.4666,0.2241,-0.7262,0.1921,1.763,-0.108,0.8117,-0.4994,-0.4286,0.2419,-0.9094,-0.4626,0.7872,1.1568,-0.3428,1.1166,0.7809,-0.3206,-0.018,-0.3155,-0.6569,-0.535,0.5808,-0.2095,-0.4449,-0.1201,-0.6174,-0.984,-0.8804,-0.2802,-0.43,0.0974,0.3628,1.5998,-0.5813,0.4508,0.1519,3.5878,-0.0947,-0.0755,1.2355,-0.2895,ALL
-0.8199,-0.5129,-0.7194,-0.5572,1.3156,0.1892,0.0847,0.208,1.5619,1.1803,0.7062,-0.7386,-0.6965,0.7665,-0.564,-0.4855,0.5718,-0.2969,0.5131,-0.2217,0.2134,-0.8337,0.325,-0.3304,-0.7903,0.0134,-0.1808,0.3499,-0.5218,0.7382,-0.3544,1.5535,0.6713,-0.3277,0.5451,-0.3343,-0.2912,0.0687,-0.2127,-0.2618,-0.6602,-0.292,-0.8923,0.3277,-0.0243,-0.4121,-0.2404,-0.5245,-0.227,-0.4209,-0.5182,-0.7582,-0.8621,0.3605,-0.5627,0.2549,-0.1555,-0.7137,0.6715,0.1915,-1.2061,0.9809,-0.1113,1.546,-0.8739,-0.3017,-0.3034,-0.0324,0.3897,0.1435,0.5059,0.499,-0.626,1.547,1.1591,-0.4417,-0.2872,-0.5726,-0.5769,0.2626,-0.112,0.6801,0.0017,-0.3632,-0.4596,-0.6346,-0.5609,-1.0612,-0.4765,0.1404,0.0143,0.5984,-0.4799,-0.2417,-0.8032,0.4793,0.0556,0.6936,0.2962,0.8948,ALL
-0.8768,-0.4897,-0.6319,-0.4587,1.0897,0.9755,3.0291,0.9693,1.96,-1.0309,0.6628,-0.6883,-0.6599,1.0388,-0.6862,-0.7979,0.7146,-0.242,0.3605,1.1719,-0.9981,-0.4299,-0.5894,-0.5343,-1.3205,1.1803,-0.4999,0.1058,-0.7283,0.8163,0.1905,0.2851,1.596,-0.7924,0.48,1.0808,-1.0709,0.0285,0.1637,-0.4708,-0.385,1.0757,-0.3635,-0.4555,2.3014,-0.6783,-0.2517,0.86,0.0966,-0.2277,-0.6577,0.4012,-1.0353,-0.5571,-0.5766,-0.5269,-0.8219,1.0865,1.0429,0.2979,-1.0461,-0.5508,0.0724,0.3027,-0.7114,-0.5558,-0.8384,-0.0078,2.3964,-0.7338,-0.1744,0.8973,-0.8653,1.7263,-0.7186,-1.1906,-0.2155,-1.3838,-0.7187,2.6118,-0.1273,2.3926,0.1186,-1.0459,-0.3627,-1.2004,-1.0126,0.5925,-0.4407,0.1813,-0.6827,0.5058,-0.8576,0.4235,-0.4036,1.9673,-0.1813,0.015,-0.1539,0.5669,ALL
-0.825,-0.4877,-0.656,-0.5285,0.2938,1.7127,0.4443,0.2718,3.079,-0.6558,1.7541,-0.1227,-0.8678,0.7117,-0.546,-0.6727,1.1621,-0.3474,-0.385,0.2831,-1.219,-0.7323,-0.5894,-0.548,-0.994,-0.6955,-0.4512,0.19,-1.0822,0.7508,-0.2848,-0.497,-0.1954,-0.14,0.1221,-0.1582,-0.7073,0.3719,-0.0819,-0.4545,-0.3349,0.4776,0.0772,-0.7823,1.1996,-0.3844,0.3041,-0.2335,-0.0303,-0.414,-0.4428,0.9502,-1.0099,-0.7648,-0.5525,-0.7621,0.1548,-0.4147,2.5285,0.6978,-1.0273,-0.527,0.3535,-0.548,-0.2748,-0.2877,-0.8611,0.3176,2.1433,-0.9853,2.2793,0.2907,-0.8282,0.0885,-0.684,-0.684,-0.2856,-1.2473,-0.8307,0.2918,-0.2186,1.3746,-0.5715,-0.0954,-0.2915,-0.1205,-0.9988,0.2372,-0.4483,2.4145,0.0348,0.1565,-0.4665,-0.4201,-0.7244,0.3891,1.609,1.4475,-0.2638,-0.1072,ALL
-0.7743,-0.5024,-0.8309,-0.5333,-0.0515,1.463,0.1802,0.3572,0.8913,-0.9899,0.5032,-0.6869,-0.7595,0.4922,-0.473,-0.7086,1.4011,-0.1592,-0.2687,0.3123,-1.0918,-1.1671,-0.6097,-0.5295,-0.854,-0.7589,-0.5262,-0.0583,-0.801,1.5122,-0.1747,0.988,-0.1568,-0.1329,0.0575,-0.2754,-0.7394,0.8308,-0.0503,-0.4912,-0.499,-0.7459,-0.53,-0.6775,0.9553,-0.6472,0.1671,-0.8578,0.0373,-0.2402,-0.3874,-1.1965,-0.9521,-0.5929,-0.5775,-0.7093,-0.3535,-0.8459,1.8223,0.7905,-0.7168,0.0859,0.4258,-0.618,0.1891,-0.1348,-0.6989,-0.354,-0.2244,-0.757,-0.4613,-0.1095,-0.6748,-0.3418,-0.6288,-0.5243,-0.1725,-0.187,-0.735,-0.5843,-0.8658,1.8408,-0.3842,-0.7598,-0.5803,-0.8848,-0.627,-0.5554,-0.4849,1.7065,-0.1395,-0.1785,-0.3718,-0.632,-0.7717,0.2715,-0.1312,0.2864,-0.0263,-0.0639,ALL
-0.7658,-0.5699,-0.6691,-0.502,0.2961,-0.5115,0.675,-0.0698,-0.3147,-0.9691,0.4323,-0.7427,-0.4407,0.6694,-0.6591,-0.6367,1.2742,-0.3152,-0.4575,-0.1522,-1.1336,-0.7661,-0.6319,-0.3778,-0.7486,0.114,-0.4375,-0.3571,-0.6633,0.1613,0.2079,0.7396,0.9272,-0.6769,-0.2465,-0.5874,-1.0743,2.1327,-0.263,-0.4402,-0.4786,-0.049,-1.1959,-0.3153,-0.4399,-0.6187,0.3607,-1.0507,-0.2123,0.1502,-0.353,-0.3004,-0.6855,-0.3253,-0.5368,-0.2521,-0.4451,-0.5752,-0.0241,0.0268,-0.952,-0.7943,0.3423,1.8394,-0.5122,-0.557,-0.8469,-0.4638,3.0042,-0.9297,1.2265,-0.7728,-0.8028,0.244,1.7433,-0.4472,0.0488,-0.3959,-0.7995,-0.5684,-0.7744,0.3947,-0.4689,-1.0329,-0.4967,-0.9254,-0.8418,-0.8162,-0.4289,-0.2334,0.3526,0.0781,-0.564,-0.5007,-0.8378,-0.1085,-0.4728,-0.279,-0.5616,0.3717,ALL
-0.5004,-0.4868,-0.6276,-0.5478,-0.2294,-0.5924,0.4831,-0.8671,-0.3061,-0.7195,-0.6503,-0.7586,-0.738,0.0828,-0.6392,-0.6925,0.0759,-0.7982,1.1061,-0.6277,-1.2173,-0.3376,-0.4712,-0.5469,-0.4604,0.8909,-0.4509,-0.7948,-0.4357,-0.5506,0.2311,0.0843,0.4178,-0.449,-1.1485,-0.4218,-1.2384,-0.0548,-0.7491,-0.4476,-0.3813,-0.5756,-0.2852,-0.6306,-0.2623,-0.4333,-0.4062,-1.3204,0.7514,0.6469,-0.6109,-1.0634,-0.5462,-0.6418,-0.123,-0.708,-0.0801,0.4004,0.7239,-0.7284,-0.3311,2.1573,-0.2699,0.2643,-0.4976,-0.4289,-1.0574,-0.8194,0.7363,-0.6051,-0.5545,-0.7491,-0.7578,-0.3538,0.9649,-0.7886,-0.1375,-0.7011,0.3617,0.4104,0.7711,-0.4188,-0.3571,-0.4374,-0.2719,-1.338,-0.5774,0.8375,-0.1985,0.4132,-0.5905,-1.0872,-0.3985,-0.9231,-0.8883,-0.8398,-0.5138,0.0376,-0.5261,-0.1772,ALL
-0.5528,-0.4848,-0.409,-0.4668,0.3944,-0.2734,1.2122,-0.0106,-0.4156,-0.6462,-0.0218,-0.5877,-0.4659,0.3656,-0.9105,-0.5735,-0.0471,-0.7089,0.5912,0.3782,-0.6233,0.2361,-0.5746,-0.4749,-0.3469,1.544,-0.5242,-0.1172,0.3954,0.3967,1.0948,-0.0372,1.4656,-0.4114,-0.6339,1.0833,-0.8934,-0.6538,0.0905,-0.4824,-0.5045,0.0523,0.1163,-0.7735,-0.4437,0.1202,0.4748,1.1562,0.5611,-0.2181,-0.6691,-0.2286,-0.6447,-0.775,-0.533,-0.7758,-0.5736,2.0353,0.3839,0.8128,0.6192,1.413,-0.2017,0.4403,0.5051,-0.5346,-0.5453,-0.6511,1.3246,-0.4046,-0.1264,0.1719,-0.7002,-0.2223,0.9693,-0.5078,-0.3174,-0.7493,0.0741,2.1132,4.1286,-0.0192,-0.2229,0.872,-0.2884,-0.5714,-0.459,0.6972,-0.4365,0.4118,-0.8365,-1.212,-0.4252,-0.3854,-1.1837,-0.501,-0.4455,0.5353,0.7074,1.2326,ALL
0.3094,-0.4463,-0.75,-0.5145,3.3933,1.2124,1.0744,1.472,0.9613,-0.3501,2.0863,-0.162,-0.3954,-0.715,-0.5368,-0.6888,0.8842,0.1044,1.2243,0.6964,-0.2986,-0.2243,-0.3437,-0.5107,-0.3238,0.2471,-0.4589,1.0443,-0.3123,-0.2079,1.1818,-0.3121,0.4685,-0.3646,2.7522,0.9319,-0.8511,1.014,1.1359,-0.3999,-0.0078,2.2671,0.1065,-0.3111,1.1203,0.0631,1.906,0.581,0.2569,0.6772,-0.1658,-0.7552,-0.8468,-0.1878,-0.533,-0.3024,-0.5416,0.114,1.9322,1.4444,0.3934,1.1275,4.1604,0.6141,1.2814,-0.3181,0.1063,1.5246,-0.7993,-0.8311,2.1072,2.3719,2.0791,1.6187,-0.6001,0.8138,0.4517,1.4837,0.42,0.291,0.1316,1.2224,-0.3959,0.7147,-0.5627,0.3168,-1.0456,2.2968,-0.4052,0.6738,0.9881,1.1259,0.1821,0.9984,0.6016,0.297,1.2765,0.9122,0.7109,-0.5041,ALL
-0.5653,-0.4744,-0.3609,-0.5687,0.9013,2.3718,0.5882,1.4775,0.6993,-0.3994,1.5909,-0.337,-0.3412,1.0989,-0.3574,-0.6479,2.1685,-0.5034,0.3453,0.6708,-0.6935,-0.0946,-0.5081,-0.4002,0.1937,0.4003,-0.5098,1.7514,0.2414,2.2568,1.6397,0.153,0.5361,0.1289,1.1285,1.2902,-0.6075,3.7413,0.9297,-0.4119,-0.1375,1.4593,-0.4908,-0.6057,1.1707,0.6068,1.6088,-0.7385,2.3007,0.7448,-0.1467,-0.2466,-0.373,-0.6046,-0.5522,-0.5906,0.0076,0.2021,1.0691,1.2367,-0.1147,1.6144,1.2467,0.6953,1.7683,-0.1896,0.001,0.819,-0.1771,-0.101,2.0338,0.8224,0.1504,-0.0788,2.7153,0.1145,-0.6009,-1.432,0.5843,0.2484,0.5427,4.1716,-0.0693,0.846,-0.3183,0.1748,-0.616,1.9525,-0.4514,2.4554,0.086,0.4523,0.102,-0.1067,-0.3445,0.614,1.7366,2.6916,2.1323,0.6767,ALL
0.6055,-0.4367,-0.3718,-0.1972,-0.1112,-0.2522,-0.7133,-0.714,-0.8468,0.3281,-0.7086,0.2259,0.8468,-0.6991,-0.1177,-0.6429,-0.6169,-0.426,-0.1238,-0.6935,-0.6417,0.6736,-0.8369,-0.5427,-0.3886,1.1339,-0.4693,-0.6727,1.2963,-0.6245,-0.5225,-1.1471,-0.7217,0.641,-0.6416,2.2508,-0.5213,-0.5745,-0.579,-0.3355,0.1349,-0.771,-0.7944,-0.0478,-0.7685,0.3349,-0.3099,-0.3753,-0.6175,0.2261,-0.1037,-0.6205,0.0686,0.0077,0.4746,-0.0005,0.0312,0.3721,-1.086,-1.3599,0.1582,-0.8329,-0.5538,0.0319,1.6462,-0.2524,-0.7189,-0.8308,-0.9567,1.1425,-0.626,0.8681,-0.4756,-0.3179,-0.7068,-0.5243,-0.3668,-0.9019,0.1857,-0.5534,-0.2491,-0.2142,0.0364,0.3181,1.2027,-0.8172,0.1607,0.4679,0.0919,0.3709,-0.8365,-1.2334,-0.3638,-0.3879,0.5543,-0.9541,-0.1312,-0.0905,-0.5084,-0.6526,ALL
-0.2903,-0.5007,-0.5642,-0.4823,-0.2376,0.1016,-0.4034,-0.1243,-0.3303,-0.4221,-0.2324,-0.4424,-0.704,2.5519,-0.8334,-0.6566,-0.0031,-0.5917,-0.3107,0.1806,-0.4291,-0.6336,0.0128,-0.1614,-0.5414,-0.2745,-0.2592,-0.98,-0.561,-0.012,-0.7891,0.3063,-0.0167,-0.6967,-0.7235,-0.1556,-0.8815,0.8026,-0.3869,-0.4078,-0.1273,0.3609,-0.5887,0.0353,-0.426,-0.4431,-0.1388,-0.2918,-0.5089,-0.6306,-0.353,1.3631,-0.4952,0.3861,-0.5737,0.4288,-0.387,-0.2322,-0.4478,0.3271,-1.1214,-0.6178,2.0524,-0.9339,-0.5065,-0.23,-1.0745,-0.4543,-0.2408,-0.8439,-0.4811,-1.2278,-0.709,-0.1745,-0.1697,-0.1664,-0.3827,-1.0786,-0.6483,-0.9542,-0.7059,-0.8754,-0.3332,-0.713,-0.4905,-0.7202,-0.7261,-0.4472,-0.4872,-0.2437,-0.8878,0.1102,-0.0435,-0.212,1.6514,0.5648,-0.5913,-1.1611,-0.2567,-0.5567,ALL
-0.698,-0.4795,-0.3609,-0.4503,0.3195,-0.2746,0.6899,-1.048,0.6061,-0.7278,0.5528,-0.6001,-0.7443,1.4777,-0.4491,-0.483,0.8421,-0.7369,1.4779,-0.7301,-0.6166,-0.5642,-0.0907,-0.4773,-0.4117,0.3074,-0.4147,-0.5675,-0.7111,2.3357,0.1384,2.6105,0.2126,-0.8307,-0.2961,0.1478,-0.9762,0.6344,-0.2113,-0.4161,-0.4146,0.4836,-1.2938,-0.3355,-0.324,-0.6538,0.8038,0.1482,-0.2763,0.3655,-0.7045,-1.4179,-0.7194,-0.4267,-0.575,-0.3961,-0.7736,0.7277,1.3515,-0.1878,0.1676,-0.5727,0.3061,0.499,-0.6627,-0.4842,-1.2026,-0.1573,1.3812,0.0311,-0.5714,-0.0382,-0.8711,-0.8917,-0.3396,-0.9814,-0.8079,-0.7413,-0.7399,-0.4197,0.596,-0.4901,-0.6154,-1.4152,-0.5916,-0.3167,-0.1533,-0.6204,-0.4499,-0.5233,-0.5085,0.2705,-0.8309,-0.0745,-0.4036,1.0112,-0.3999,0.4825,-0.7352,0.333,ALL
-0.5778,-0.4882,-0.6451,-0.5117,0.0737,1.8659,-0.1913,0.755,1.5428,0.3626,2.2064,-0.6546,-0.7922,0.9417,-0.1694,-0.6429,1.918,-0.625,0.2957,0.7403,-1.2993,-0.0864,0.1956,-0.0954,-0.8771,-0.1275,-0.0989,-0.3571,-0.5667,2.0493,-1.05,0.5547,0.3913,-0.6955,1.0943,-0.1587,-0.4113,1.2052,0.3082,-0.3063,0.1526,-0.5517,0.6941,0.1436,1.6529,-0.5583,0.1252,-0.0665,-0.678,-0.5988,-0.3482,-0.6924,-0.7007,0.1699,-0.5983,0.3074,-0.4707,-0.1708,0.5094,-0.5945,-0.5381,-0.5867,-0.0028,0.5689,-0.1941,-0.3417,-1.1058,-0.8024,1.4954,-0.0257,-0.3701,-0.612,-0.3701,0.0527,-0.7009,-0.3646,-0.1582,-0.0505,-0.6952,0.939,-0.6145,-0.2142,-0.3393,-0.5427,-0.6854,-0.2558,-0.8556,-0.4123,-0.4731,0.8607,0.6293,0.9726,-0.3651,-0.0943,0.4794,0.5493,-0.6459,-0.0981,-0.5049,-0.1861,ALL
0.888,0.8901,2.2581,-0.2883,-0.8486,-1.0283,-0.712,-0.9914,-0.6934,1.6457,-0.7213,-0.0662,1.1315,-0.8986,0.9354,1.9618,-0.6781,1.6966,-0.7206,-0.8655,1.2944,1.2537,0.3878,0.5898,1.2425,-0.7342,1.7001,-0.5675,0.2663,-0.6801,-0.6558,-0.7243,-0.7579,0.2421,-0.7534,-1.1631,0.4141,-0.9272,-0.3631,-0.1571,0.4992,-0.4576,2.1631,0.2583,-0.9587,0.5839,-1.1211,-0.7736,-0.5952,-1.01,0.7893,0.6854,1.6379,0.2992,0.8767,0.2361,0.4445,-1.1905,-0.9238,-0.9034,2.3315,-1.0001,-0.7402,-0.2998,-0.9876,-0.0767,0.8631,-0.5981,-0.8076,0.5086,-0.5789,-0.6906,1.3838,-1.597,-0.3676,1.3094,0.9406,0.311,0.9722,-0.3512,-0.6221,-0.8611,0.4412,2.5312,-0.572,0.1748,0.9677,-1.0783,0.4958,-0.6713,-0.7853,-0.6845,0.3422,-0.762,0.5604,-0.5539,-1.0559,-1.2139,-0.7707,-0.6779,AML
-0.1923,-0.5673,0.7956,-0.2975,-0.7433,-1.1591,-0.7309,-1.1148,-0.8373,0.0807,-0.7506,-0.0311,-0.0514,-0.8152,0.3195,0.7791,-0.877,1.0339,-1.1439,-1.3556,0.6167,-0.6747,-0.1498,2.0037,0.9357,-0.8317,-0.3487,-0.0962,-0.2023,-0.6829,-1.3166,-0.3121,-0.5962,-0.475,-0.8719,-1.1349,0.3971,-0.4597,-0.9068,-0.0992,-0.3553,-0.902,1.5755,-0.2416,-0.9322,-0.3664,-1.0674,-0.4105,-0.6293,-0.7258,0.051,1.6698,0.6783,-0.2415,-0.5404,-0.2327,-0.1885,-1.3494,-1.8026,-1.2106,-0.3593,-1.0611,-0.6456,-0.6947,-0.9772,-0.3437,-0.2465,-0.6681,-0.7849,0.0381,-0.7605,-0.2831,-0.3789,-1.1428,-0.6766,-0.0177,-0.1423,0.568,-0.6591,-0.8874,-0.3328,-1.0895,-0.7604,0.3688,-0.5008,0.2289,0.9484,-0.9572,-0.4809,-1.2545,-0.9185,-1.5042,-0.3651,-0.6914,-0.7784,-0.879,-0.9284,-0.558,-0.7423,-0.6675,AML
1.9791,0.8173,1.2088,2.4002,-1.0511,-0.7098,-0.9523,-0.6253,-0.6931,2.313,-0.7549,3.1181,2.4581,-0.5883,3.4207,1.8465,-0.9605,3.2307,-1.2889,-1.1032,1.1204,2.5427,4.1967,-0.2036,3.0519,-0.7992,0.7773,-1.1104,1.8816,-0.6267,-0.6036,-0.9145,-0.5068,2.151,-1.068,-0.9583,3.4145,-1.4975,-0.4838,2.7995,2.3128,-0.6959,1.458,3.3596,-0.5217,2.9434,-0.9419,-0.6159,-0.7414,-1.0155,2.2734,0.5388,2.1678,3.4388,2.4981,3.2664,3.0934,-0.6161,-1.2481,-0.1723,2.4444,-0.007,-0.839,-0.6631,-0.7492,4.9812,0.7664,-0.9311,-0.573,2.0929,-0.5629,-0.9501,1.3301,-0.8558,-0.4956,2.1685,1.2257,0.5439,1.491,-0.5625,-0.8201,-1.2417,3.1563,2.7613,2.0988,3.1327,0.527,-0.3966,2.5404,-0.9217,-0.6212,-0.0288,4.6875,-0.8674,1.7794,-0.8465,-0.8191,-0.2866,-0.7388,-0.6163,AML
0.6972,1.4369,-0.0198,1.6481,-0.9762,-0.8893,-0.8754,-1.0987,-0.7434,1.6332,-0.7155,1.1312,2.0449,-0.9017,1.4999,0.2435,-0.6125,1.0673,-0.9475,-0.9167,1.7312,1.7763,2.573,-0.3641,1.4011,-0.8286,1.1087,-1.0262,-0.0206,-0.6461,-0.3486,-0.7771,-0.869,1.6399,-1.2063,-0.6282,0.6728,-0.9771,-1.0349,1.2867,1.0061,-0.933,1.7322,2.6428,-1.0217,1.6388,-0.6917,-0.9645,-0.5424,-1.1369,-0.3387,1.4259,3.304,2.8697,2.921,2.648,1.3778,-0.5689,0.2112,-1.3102,1.0426,-0.811,-0.5593,-0.6992,-0.8776,1.5767,1.2985,-0.7494,-0.5319,3.1696,-0.5375,-0.9446,0.2246,-0.8798,-0.5611,0.0649,1.3642,1.058,1.9583,-0.8122,-0.409,-0.1429,0.2687,-0.3502,1.7451,0.0305,0.045,-0.6095,2.9224,-0.2177,-1.1748,-0.8307,0.2555,-0.9466,0.8799,-0.9008,-0.6414,-0.7766,-0.5261,-0.6362,AML
0.1613,-0.0342,-0.3106,-0.2679,-0.8767,-0.6411,-0.8645,-1.2801,-0.7851,-0.6692,-0.764,-0.1571,0.0103,-0.5092,-0.2803,0.0253,-0.6016,-0.5034,-0.9781,-1.1508,1.1974,1.5808,-0.6319,0.3883,1.1082,-0.9942,-0.107,-0.5423,-0.0742,-0.6617,-0.6616,-0.7613,-0.8617,1.4582,-0.9683,-0.7892,1.7147,-0.7009,-0.9722,0.2039,-0.6843,-0.9914,-0.6279,-0.4196,-1.1602,-0.1443,-0.4575,-1.0096,-0.6357,-0.7492,-0.7226,0.5358,0.4015,-0.248,1.2363,-0.1829,-0.7209,-0.5312,-0.5891,-1.6225,0.3652,-0.7928,-0.416,-0.0471,-0.7408,-0.3933,0.9229,-0.8857,-0.5597,0.8899,-0.4491,-0.5736,-0.709,-0.8439,-0.4897,-0.5574,-0.0531,-0.669,2.0296,-0.692,-0.2567,-0.6994,-0.5353,0.1126,-0.1801,-0.0281,0.4113,-1.3857,0.8562,-0.5254,-1.0108,-1.0694,0.0593,-1.0445,-0.5122,-1.0111,-0.3179,-1.3346,-0.4233,-0.6675,AML
0.4763,-0.4848,-0.221,-0.3647,-0.7854,-0.72,-0.9483,-0.8134,-0.9181,1.4345,-0.7017,0.0461,-0.122,-0.926,0.4314,-0.4322,-0.8598,-0.0623,-0.9189,-0.3278,1.4919,0.7659,-0.5137,-0.456,0.3615,-0.7728,-0.4634,-0.3529,-0.2894,-0.6283,-0.1225,-1.0044,-0.6879,0.9195,-0.9133,-0.373,-0.4181,-0.6578,-0.8355,-0.373,-0.1755,-0.4124,1.5951,-0.3419,-0.659,-0.0578,-0.4015,-0.4231,-0.614,-0.4071,0.6374,2.0213,0.6953,-0.3074,2.169,-0.244,-0.1417,-0.2605,-0.6361,0.0182,0.1299,0.4102,-0.6525,-0.3179,-0.2769,-0.0683,1.3468,-0.4846,-0.5617,-0.4104,-0.7718,-0.5682,-0.0078,-0.8678,-0.5515,-0.3866,0.0027,0.4073,2.0531,-1.0411,-0.074,-0.4758,-0.498,0.1387,2.4103,-0.2265,0.0561,-0.3213,2.2683,-0.5281,-0.6827,-0.4957,0.3502,-0.3693,-1.0156,-0.2956,-0.7416,-0.6711,-0.4765,-0.6342,AML
1.1163,1.383,0.3015,0.6051,-0.872,-0.625,-0.8111,-0.662,-0.7434,1.7548,-0.7412,0.6414,0.6666,-1.156,-0.1764,0.6105,-0.5621,0.1808,-0.6615,-0.5582,1.02,-0.1166,1.9524,-0.1718,1.408,-0.9508,2.7305,-0.1719,1.238,-0.6207,-0.9398,-0.4812,-0.6493,0.0224,-0.6638,-1.2456,-0.2642,-0.7526,-0.9594,0.2317,0.8754,-0.8186,0.5472,0.2237,-0.9436,0.4598,-1.2838,-0.8803,-0.7902,-0.9368,0.3404,0.4147,-0.4409,0.0648,-0.0183,0.0601,0.1775,-0.6838,-0.2595,-1.7358,0.384,-0.6564,-0.3673,-1.4236,-1.0909,-0.0683,2.2431,-0.8592,-0.8631,2.3142,-0.5629,-0.8039,1.4395,-0.5929,-0.7929,0.3678,-0.0929,1.1142,0.5198,-1.097,-0.4775,-0.571,0.7832,0.166,0.3942,-0.8036,5.5149,-0.4322,-0.0372,-0.1836,-1.021,-0.5028,-0.0809,-0.7249,-0.1355,-0.8837,-0.4501,-1.1235,-0.6112,-0.67,AML
2.7507,1.6107,1.5585,1.8555,-0.906,-0.9054,-0.834,-0.6337,-0.7068,2.441,-0.744,2.2866,2.4165,-1.1286,2.1122,0.9266,-0.9363,3.3943,-0.6596,-1.0593,1.7981,1.5433,0.8957,-0.4681,2.8817,-1.1149,1.1189,-0.8074,1.3451,-0.6461,-0.8123,-1.4007,-0.7338,1.1821,-1.0622,-0.5341,2.6669,-1.1626,-0.7774,3.9537,1.6057,-0.9068,1.8791,0.907,-0.7068,5.2229,-0.1488,-1.3814,-0.7338,-0.7892,0.9793,-0.0087,2.6179,1.0773,0.5968,0.7768,2.9614,-1.0551,-0.0241,0.3837,3.4417,-0.7602,-0.8557,-0.8572,-0.1537,3.8489,1.9955,-0.7967,-0.6605,3.5056,-0.3559,-0.8879,1.3828,-0.7363,-0.5287,1.8766,2.8882,2.9535,4.0871,-0.5968,-0.9419,0.2805,2.0037,1.7861,2.8197,1.6695,1.166,0.1407,0.3072,0.124,-1.0108,-1.0053,2.9913,-0.7199,0.6083,-0.4249,-0.5685,-0.475,-0.6466,-0.6387,AML
0.0913,0.891,2.0132,0.6505,-0.7527,-0.8186,-0.8575,-0.5678,-0.7154,0.7915,-0.701,-0.1868,0.3177,-0.7656,0.5841,1.8973,-0.9464,1.3502,-1.0047,-0.7228,0.866,1.2711,0.9235,1.2695,1.8688,-0.8409,0.7499,-0.6727,0.1678,-0.6633,-1.1253,-0.6926,-0.7483,0.2216,-1.0993,-1.0912,1.2902,-0.6297,-0.6846,-0.0802,0.2193,-0.3766,0.6158,1.2311,-0.6917,0.5684,-0.7718,0.5995,-0.6381,-0.6968,1.1111,1.2629,0.0279,0.5395,-0.2005,0.9832,1.1981,-0.9859,-1.2063,-1.329,0.6004,-0.9907,-0.7012,-0.8256,-0.9813,0.1366,2.3,-0.5375,-0.6625,-0.5866,-0.6655,-0.7436,0.3584,-0.8319,-0.7598,1.2213,0.5712,0.5519,-0.5887,-0.3137,-1.1094,-0.1143,-0.299,0.4585,-0.4173,0.2402,1.0365,-0.4794,-0.2894,-0.5397,-0.2317,-0.346,0.804,-0.767,1.308,-0.6719,-0.7097,-0.3393,-0.799,-0.6511,AML
1.0873,-0.4389,0.7803,1.4905,-0.4132,-0.8217,-0.8462,-0.8087,-0.4292,-0.0374,-0.7097,0.6365,2.3989,-0.4828,1.5909,-0.483,-0.8343,0.6961,0.084,-0.1851,0.7974,2.1791,-0.0925,-0.4912,1.3965,-0.372,-0.3917,0.0806,-0.2721,-0.6613,-0.7428,-0.9251,-0.6758,1.3084,-0.7914,-0.0399,0.5629,0.0715,-0.5588,-0.3336,0.1674,-0.6149,1.2229,0.6835,-0.5029,0.4117,0.426,-0.5496,-0.6416,-0.0843,0.1389,-0.2525,0.4083,1.1742,1.7194,1.2345,1.07,-0.5548,-1.2534,-0.4297,0.2899,-0.6586,-0.896,0.3162,-0.4373,0.3383,2.0894,-0.3994,-0.426,-0.7129,-0.6768,0.5629,-0.0225,-0.2342,-0.4279,0.0924,-0.0849,1.5158,0.2358,-0.9843,0.6417,-0.3236,0.3258,0.2167,0.2334,1.0315,0.5408,-0.0961,1.3882,-0.3671,-0.4982,-0.4814,-0.0435,-0.7224,0.2497,1.3111,-0.5275,0.2035,-0.4978,-0.6347,AML
1.1926,0.088,0.0567,0.0603,-0.9645,-0.5064,-0.9413,-0.6527,-0.8194,1.7536,-0.6948,2.0048,3.083,-0.678,-0.0982,1.4039,-1.1791,-0.2388,-1.1973,-1.2093,2.7703,0.0068,0.8403,0.7678,0.0513,-1.053,0.1329,-1.1988,1.2963,-0.6475,-0.8181,-0.571,-0.8279,1.6747,-1.1345,-0.3675,1.6267,-0.9984,-0.9736,-0.025,0.4176,-1.2845,-0.3341,2.6398,-0.8416,1.0836,-0.5801,-0.8525,-0.2716,-0.8154,0.0481,0.4984,1.6176,2.8836,3.2439,2.641,0.6346,-0.5076,-0.9343,-0.8948,-0.3217,-0.5187,-0.6692,-0.2366,0.231,0.8222,2.135,-0.8875,-0.3684,0.4599,-0.657,-1.3411,1.9727,-1.6209,-0.5545,-0.0728,0.302,0.0218,1.4372,-0.8448,-0.5917,-0.3141,-0.1142,0.153,1.6513,1.0496,0.7749,-0.3692,2.9739,-0.5506,-1.2978,-0.9518,1.1843,-1.0841,0.4038,-0.9521,-0.7234,-0.3243,-0.5616,-0.6412,AML
0.3527,1.5656,2.4395,2.3974,-1.0359,-0.6968,-0.7952,-0.7136,-0.8376,0.9585,-0.7574,1.1904,1.2197,-1.0864,3.8112,0.4158,-0.812,2.6982,-0.5528,-0.518,-0.3957,1.2811,2.078,-0.405,-0.9118,-1.0499,-0.2745,-0.8958,3.2187,-0.6081,-1.1833,-0.8088,-0.5165,2.0483,-1.0998,-1.1505,1.1582,-0.7084,-0.9466,3.8763,1.3786,-0.8329,-0.246,3.2097,-0.0898,1.2991,-0.5232,-1.3516,-0.7931,-0.3988,2.9487,0.5119,0.4813,3.3356,-0.4723,3.1028,0.7764,-1.6861,-0.202,-1.0407,1.2119,-0.9212,-0.4522,-2.0915,-0.6679,1.423,-0.3717,-0.7873,-0.6358,0.8157,-0.6805,-1.3155,0.6719,-0.545,-0.7804,0.8634,0.3466,2.3592,0.0159,-1.1755,-1.0104,-0.8849,4.559,0.465,3.8065,2.4721,-0.9685,-0.3925,-0.4666,-1.0636,-0.816,-1.0231,-0.2383,-0.6109,1.5151,-0.501,-0.8737,-0.8822,-0.7601,-0.6794,AML
1.4136,5.0675,0.7693,2.9833,-0.7445,-0.8068,-0.7203,-1.0404,-0.7987,1.1778,-0.7614,1.291,0.94,-0.8342,1.0672,0.8386,-1.0656,0.1431,-0.9056,-0.8472,0.8309,1.4556,1.6402,0.9174,2.5923,-0.8688,1.7521,-0.6138,0.6039,-0.6157,-0.1689,-0.941,-0.7,1.603,-0.0504,0.5952,1.4914,-0.856,-0.4747,-0.1006,2.8142,-0.8794,-0.2754,1.2743,-1.0028,3.2039,-0.2899,-0.9904,-0.5024,-0.8637,0.9106,0.4506,0.8057,1.4231,0.9125,1.1697,0.4188,-0.0544,-1.2324,-1.0905,2.5479,0.0144,-0.6651,0.6366,-0.5531,0.3287,-0.1384,-0.8402,-0.4311,2.1636,-0.5253,0.0093,-0.2051,-1.2384,-0.4861,0.2301,1.5378,-0.0103,3.2455,-0.4298,-0.3633,-0.7612,0.042,1.9733,0.552,0.7565,1.7058,-1.0667,0.4789,-0.5295,-1.062,-1.155,4.0763,-0.907,0.5734,-0.9598,-0.8783,-0.377,-0.1575,-0.6387,AML
0.5395,2.3133,0.3846,-0.0893,-1.0699,-0.995,-0.821,-0.999,-0.8143,1.1461,-0.7459,0.1584,1.6543,-0.8637,-0.0821,0.8832,-0.949,0.7456,-1.0219,-1.191,0.5046,0.2342,2.6838,1.1039,1.1649,-0.8456,2.3392,-0.7948,0.5532,-0.6425,-1.1659,-0.4336,-0.6638,0.7291,-1.1147,-1.2144,0.8589,-0.8686,-0.8794,-0.0334,0.3462,-0.8115,0.7529,0.4696,-1.2483,0.3945,-1.0032,-1.1097,-0.6545,-0.4112,0.3251,0.4162,0.0584,0.2992,3.1195,0.4635,0.3622,-0.6161,-1.0075,-1.3033,0.8168,-0.9108,-0.6164,-0.8098,-0.9357,0.2579,0.9343,-0.8573,-0.9145,0.1018,-0.736,-1.0834,0.4346,-0.294,-0.6597,0.4339,0.3068,0.9134,2.1813,-0.7504,-0.5079,-0.747,0.0048,0.794,-0.0554,-0.1544,1.6232,-0.925,4.7252,-0.9381,-1.6668,-0.7451,0.3956,-0.9243,0.1837,-0.6987,-0.5047,-1.0254,-0.5226,-0.59,AML
2.5206,1.3904,1.1169,1.383,-0.968,-0.654,-1.0007,-0.6105,-0.7997,1.2498,-0.7788,1.3331,2.4682,-0.6801,1.1688,1.2713,-0.9802,1.1135,-0.856,-1.169,1.435,1.4282,1.3557,0.9385,1.2888,-1.1427,1.2934,-0.6012,2.3264,-0.6455,-0.8529,-0.0848,-0.6493,1.5294,-0.6994,-1.067,2.6449,-0.8824,-0.7358,1.2992,2.1942,-0.6101,2.0749,0.9596,-0.9423,1.2559,-0.5538,-1.1501,-0.6663,-0.2291,0.1159,0.7812,3.1614,0.9605,1.797,1.0136,1.6138,-0.4037,-1.018,-0.9395,0.2711,-0.7348,-0.6679,-1.3265,-0.9033,0.8422,2.9203,-0.67,-0.5463,1.3732,-0.609,-0.813,1.5332,-0.031,-0.656,0.7973,1.3356,1.2427,1.9086,-0.6035,-0.6907,0.0094,0.5331,1.0527,0.7954,1.5951,1.177,-0.5355,2.0446,-0.2068,-0.4572,-0.9055,2.4121,-0.9243,1.0968,-0.9058,-0.6733,-0.5881,-0.6644,-0.6124,AML
1.7171,0.7586,0.4633,1.2267,-0.8685,-0.9781,-0.8963,-0.6333,-0.9073,1.2392,-0.7115,3.0423,0.0997,-0.8479,1.1527,0.1071,-0.4862,0.496,-0.4422,0.6781,1.2944,0.9102,0.4912,3.0335,-0.2844,-0.5422,1.9903,-0.6938,1.3729,-0.6339,-0.9051,-0.6609,-0.5817,-1.4586,-0.0022,-1.1299,0.1654,-0.4987,-0.7326,0.5439,0.0747,-0.1502,0.6843,-0.3649,-0.5872,0.788,-0.1648,0.1794,-0.6774,-0.6554,0.8408,1.9256,-0.0706,-0.1543,-0.5759,-0.4663,0.4597,-0.6586,-0.9866,0.1109,1.6635,-0.919,-0.551,-0.8459,-0.5966,0.0478,-0.1953,-0.3143,-0.7253,1.1425,-0.5479,-0.9574,1.1348,-0.5092,-0.9849,2.8183,-0.6009,1.9656,-0.0839,0.291,-0.881,-0.2856,1.677,0.8707,0.5036,0.9639,-0.1285,-0.2672,-0.4287,-0.2293,-0.0677,-0.2961,0.13,-0.1364,3.801,-0.5687,-0.1084,-1.6965,-0.6963,-0.5175,AML
0.5121,2.3896,0.8961,-0.0197,-0.9692,-0.8897,-0.89,-1.1237,-0.8217,1.7884,-0.7426,0.806,-0.418,-0.9049,1.0763,0.8807,-0.7265,1.0285,-1.0734,-1.3483,0.1833,-0.1842,1.9838,1.0743,-0.7035,-0.8208,4.2434,-0.8916,0.2348,-0.6323,-0.8587,-1.1946,-0.6927,0.5077,-0.1901,-1.2773,-0.1948,-0.9967,-0.6782,0.4369,0.1655,-0.7364,-0.3733,-0.2987,-0.9297,-0.0937,-1.2635,-0.9188,-0.8636,-0.9975,-0.4533,2.4926,-0.1946,-0.0386,-0.5565,-0.3589,0.8419,-0.8254,-0.5211,-0.8811,0.5533,-0.9369,-0.5538,-1.5499,-1.2764,0.3179,-0.679,-0.7248,-0.7818,0.5874,-0.6485,-1.0067,0.9414,-0.1625,-0.6075,0.4614,0.3928,0.6563,-0.2613,-0.7379,-1.2921,-0.7517,0.9021,1.6483,-0.0265,0.8173,-0.3681,-1.2077,-0.4843,-0.7225,-1.144,-0.3282,-0.0849,-0.6989,1.5748,-0.618,-0.8236,-1.9377,-0.994,-0.665,AML
0.8447,1.1943,0.5005,1.7959,-0.8849,-0.929,-0.7163,-1.1444,-0.8124,0.0887,-0.7314,0.3003,0.3076,-1.2605,0.321,1.1448,-0.7068,-0.7552,-0.8255,-0.7923,1.035,-0.3422,0.8145,1.7538,1.2309,-1.2031,-0.1245,-1.3335,-0.209,-0.5865,-0.8123,-1.1682,-0.5938,1.3775,-1.0251,-0.6236,0.316,-0.2817,-0.9114,0.1927,0.8272,-0.6304,0.1653,2.0852,0.0374,0.1169,-1.5925,-0.8512,-0.8137,-0.9755,1.4091,0.6854,0.4372,2.3995,-0.194,2.5161,1.005,-0.8254,-0.3903,-0.9515,0.2428,-0.9297,-0.6122,-1.1077,-0.9829,0.5949,-0.0246,-0.8516,-0.6306,0.4089,-0.6532,-1.2315,0.2812,-0.9993,-0.4088,0.3898,0.1237,1.331,-0.5404,-0.5859,-0.6297,-1.4224,0.4672,-0.8847,0.3076,1.8319,0.0561,-0.4534,-0.2965,-1.2368,-0.1907,-0.6418,0.0446,-0.9776,0.493,-0.7105,-0.5366,-0.9425,-0.5403,-0.6382,AML
0.4182,0.5747,-0.1772,-0.1363,-0.659,-1.0166,-0.8436,-0.8354,-0.6963,2.2637,-0.7448,0.8322,-0.4924,-0.7023,-0.219,1.2539,-0.3447,0.1335,-0.4728,-0.924,-0.2635,0.0634,1.001,3.8441,-0.7011,-0.6846,3.7372,-0.9126,0.8497,-0.6369,-1.4847,-0.6503,-0.6831,-0.4785,-0.0605,-1.0393,0.2551,-0.5349,-0.7536,1.441,0.336,-0.7293,0.4787,0.2586,-0.6313,0.508,-1.1931,-0.3508,-0.8002,-0.3767,-0.2909,0.9113,-0.4986,-0.2119,-0.5506,-0.0309,-0.3919,-1.0819,0.2112,-1.0081,1.1084,-0.9461,-0.4104,-2.2134,-0.9452,-0.0211,-0.5965,-0.3162,-0.6502,1.3141,-0.5921,-1.0049,1.7207,-0.1147,-0.7723,1.6068,-0.3015,1.7889,-0.6122,-0.3872,-0.8581,-0.8516,1.7173,1.6795,-0.1812,-0.4722,-0.0596,-1.1577,-0.4499,-0.7566,-0.7545,0.0353,0.0206,0.0308,1.6253,-0.8737,-0.3316,-1.4853,-0.6856,0.5456,AML
1.0241,0.1248,0.2381,-0.5211,-0.6766,-0.9278,-0.8399,-0.8941,-0.7676,-0.7684,-0.7383,0.2872,-0.3614,-0.9408,-0.0964,3.235,-0.5666,0.9963,-0.5643,-0.6899,0.3774,0.6727,-0.6633,4.0211,-0.3539,-0.6862,-0.1704,-1.0094,1.0343,-0.6417,-0.0355,-1.591,-0.7507,1.1057,-0.8459,-0.1164,0.3227,-0.1714,-0.8744,-0.4295,0.2258,-0.4672,0.4003,-0.0567,-1.0745,0.3251,-0.3458,-0.6444,-0.7338,-0.7258,0.0243,2.0139,-0.3882,0.1452,1.9459,-0.1006,-0.6598,0.0526,-0.1183,-0.5688,0.4781,-1.0287,-0.8376,-0.0132,-0.5405,-0.2548,0.166,-0.2973,-0.9022,1.5911,-0.642,-0.6467,1.0947,-1.0591,-0.5221,0.4669,-0.6088,-0.2513,-0.0216,-0.3454,-1.0409,-1.0276,-0.5302,2.379,-0.2369,0.779,-0.4259,-1.7046,1.0632,-0.8555,-1.1953,-1.1514,0.2141,-0.7348,0.9101,-0.8562,-0.7826,-0.2338,-0.4694,-0.6297,AML
0.4592,0.8439,0.3125,1.5558,-0.7597,-1.0448,-0.8479,-1.0624,-0.892,0.5473,-0.7929,0.2955,-0.0754,-0.9893,-0.3181,1.2316,-0.6781,0.1066,-0.6939,-0.7009,-0.7153,0.701,0.1107,2.2567,1.1811,-0.5268,0.2088,-1.2198,0.6125,-0.6085,-0.7428,-1.1788,-0.5262,1.8316,-1.0902,-0.7334,-0.3301,-0.3029,-0.9059,0.1297,-0.1588,-0.927,0.8214,-0.0864,-0.7295,0.4656,-1.509,-0.6351,-0.6927,-1.0458,0.7874,0.4386,-0.6668,-0.1301,0.7275,-0.1827,0.1405,-0.9733,-0.4583,-1.0802,0.1488,-0.4299,-0.6275,-1.2837,-0.4572,0.1198,0.1063,-0.757,-0.6821,-0.4452,-0.7539,-1.1584,1.3906,-0.7004,-0.5795,0.3347,-0.2537,-0.187,-0.2072,-0.8924,-1.5053,-0.9991,0.7495,-0.1747,-0.21,0.4205,0.2241,-0.6067,0.3053,-0.4954,-1.021,-0.934,-0.2036,-0.8413,0.8084,-0.7292,-0.9876,-1.2893,-0.7742,-0.6183,AML
-0.481,-0.5325,-0.1663,-0.1951,-0.5806,-0.8956,-0.7412,-0.3564,-0.7586,-0.0115,-0.6847,-0.133,-0.3979,-0.8532,-0.4638,-0.4879,-0.3237,-0.5131,-0.6749,-0.5984,-0.4827,-0.8254,-0.7723,-0.4882,-0.641,-0.4014,-0.4916,-0.7316,-0.2721,-0.6379,-1.1485,-1.295,-0.5334,-0.4125,-0.8941,-1.065,-1.1065,-0.5097,-0.407,-0.4453,-0.5425,-0.4278,-0.6769,-0.6121,-0.8403,0.1676,-1.1981,-0.9996,-0.6645,-0.4637,0.0481,1.7865,-0.8689,-0.5793,-0.4672,-0.571,-0.1959,-0.6822,-0.6204,0.3906,-0.6039,-0.7774,-0.3492,-1.0151,-0.8891,-0.4826,-0.3746,-0.4108,-0.7849,-0.6156,-0.6843,-0.3105,0.0625,0.0646,-0.6921,-0.5849,-0.2505,-0.7332,-0.669,-1.1613,-0.5612,-0.571,-0.4261,-0.8456,-0.4689,-1.1689,-0.5141,-1.0229,-0.4352,-0.301,-0.16,-0.2462,-0.6013,0.2327,0.1402,-0.6686,-0.4637,-0.9802,-0.3843,-0.5711,AML
2.5975,1.7671,3.2047,2.6994,-0.9025,-0.7715,-0.8313,-0.7077,-0.8042,0.5767,-0.693,3.2518,2.4064,-0.3425,1.1659,2.7404,-0.8776,1.6353,-1.1039,-1.1544,0.7338,2.4212,1.0694,0.4192,1.3583,-0.2838,-0.175,-1.3503,2.4717,-0.7225,-0.4645,-0.8723,-0.729,1.6038,-1.0372,-0.759,1.7807,-1.3504,-0.6709,3.1229,3.0023,-0.4898,1.1348,1.1161,0.0172,0.4607,-0.7399,-0.7279,-0.5711,-0.7051,5.3898,-0.0296,2.251,1.2162,1.1584,1.0281,4.2661,-0.3565,-1.0546,-0.1243,1.4659,-0.6512,-0.839,-0.6789,-0.3938,3.2929,0.0295,-0.2216,-0.0999,-0.0442,-0.5121,-0.305,0.0439,-0.031,-0.4279,3.7269,3.3644,0.327,-0.0834,-0.4406,-0.5917,-0.7945,3.1547,0.0814,3.8777,1.7101,0.3232,-0.0283,0.2967,-0.6979,0.045,-0.3567,1.1029,-0.1042,1.3309,-0.4206,0.3608,0.0452,-0.4233,-0.6322,AML
1.5867,0.2878,3.9064,0.0009,-0.6719,-1.1348,-0.593,-0.9051,-0.8465,0.9393,-0.6872,0.3658,0.911,-0.1726,3.0878,1.0642,-1.1472,1.9311,-0.7416,-1.2385,3.6522,0.8582,0.2954,0.1025,2.1547,-0.0779,-0.0671,-1.3924,1.2428,-0.7131,-0.563,-0.0689,-1.1201,-0.7175,0.2464,-1.1349,1.4661,-1.4682,0.1962,-0.1895,1.45,-0.7781,3.1423,-0.6266,-0.7963,-0.2121,-1.342,-0.7644,-0.4819,-0.6002,0.5515,0.3055,1.4307,-0.727,-0.0973,-0.6149,0.2327,-0.3785,-1.902,-0.519,-0.4346,-0.5792,-1.2801,-0.803,-0.6705,-0.4077,2.1833,-0.5792,-0.4085,-0.0187,-0.2214,0.0294,3.9425,-0.0908,-0.6332,-0.1003,3.7163,0.4073,0.3468,-0.2652,-1.0865,-1.1275,-0.5843,2.0527,-0.3503,2.0889,3.2454,-1.0859,-0.4501,-1.4776,0.3116,-0.3317,0.852,-0.4338,0.9018,-0.819,-1.0013,0.3694,-0.115,-0.6645,AML
3.2718,1.0089,2.5969,3.4401,-0.8147,-0.4553,-0.3703,-1.0176,-0.8548,0.6203,-0.7603,1.7202,1.3369,-0.8289,1.5726,0.6997,-0.6807,2.0194,-0.5757,-1.0813,0.431,2.2677,0.0479,-0.1074,-0.3458,-0.4695,-0.345,-0.7359,3.211,-0.5764,-0.7312,0.0315,-0.391,2.7862,-1.095,-0.6614,1.3629,-0.9679,-0.691,2.7087,3.8948,-0.7471,1.9476,2.9805,-0.3429,0.0818,-0.3418,-1.1779,-0.3509,-0.4843,2.6707,-0.8105,2.0795,1.4074,-0.5213,2.6598,2.2063,-1.1165,-0.9604,-0.9189,1.099,-0.7973,-0.3186,-0.6045,-0.2434,2.1526,0.866,-0.3692,-0.5031,0.5932,-0.3625,-0.3562,-0.1026,-2.0035,-0.3742,2.5209,3.5443,1.3953,0.7722,-0.5333,-0.9571,-1.0229,1.9797,0.2596,1.2326,1.5929,1.4359,-0.3993,-0.4595,-1.0779,0.3116,-0.3032,0.5771,-0.181,0.7903,-0.9055,-0.2815,0.4523,-0.4481,-0.7192,AML
