34255_at,856_at,33812_at,36499_at,1220_g_at,40077_at,40096_at,37318_at,38635_at,33818_at,38027_at,966_at,37796_at,40991_at,33357_at,38647_at,39458_s_at,37557_at,35560_at,843_at,1614_s_at,31957_r_at,33322_i_at,37632_s_at,41775_at,36988_at,1555_f_at,967_g_at,41633_at,33182_at,404_at,31813_at,35227_at,1138_at,38010_at,41413_at,31788_at,40765_at,36080_at,35492_at,40514_at,41060_at,38721_at,35370_at,40807_at,38622_at,41589_at,37139_at,812_at,39923_at,33147_at,39274_at,AFFX-HSAC07/X00351_M_st,868_at,33149_at,320_at,40698_at,36530_g_at,1668_s_at,31791_at,40618_at,38012_at,32564_at,34233_i_at,39161_at,38702_at,39722_at,32536_at,32706_at,39361_f_at,36696_at,40939_at,628_at,33134_at,452_at,31860_at,37250_at,32402_s_at,1895_at,39076_s_at,36788_at,34859_at,1166_at,1478_at,953_g_at,38118_at,38918_at,39670_at,39674_r_at,993_at,31915_at,283_at,39644_at,37040_at,1119_at,37331_g_at,970_r_at,38772_at,844_at,37873_g_at,class
-0.4959,-0.8556,-0.7576,-0.2377,-1.3466,-0.732,0.094,-0.4829,0.5168,1.0155,-0.525,0.01,-0.1851,0.5009,0.4312,-1.0536,0.6703,-1.2096,-0.1575,1.7195,0.5432,0.2681,-0.5608,-0.1851,-1.6136,-1.148,-0.7663,-1.1332,-1.096,1.296,-1.1558,-0.1247,-1.2384,-0.3586,-0.0759,-1.2837,-0.3296,0.2952,-0.8488,0.2483,-0.8332,2.5703,-1.5826,-0.9564,-0.3165,0.3954,0.0917,-0.5008,-0.3238,-0.0826,0.3134,-0.0272,-0.5141,-1.2365,0.4679,-0.4379,-0.5981,0.5822,1.3627,0.7551,0.8441,-0.1562,0.3008,1.0356,0.6408,1.5433,-1.2504,-0.5185,0.2128,-0.1036,-1.0547,0.0361,0.2761,0.6047,0.1035,-0.6153,-0.8969,0.0875,1.1652,-0.3901,-0.1475,1.4555,-0.1888,-0.6849,0.6766,-0.8301,-0.947,0.344,-0.9562,-0.5547,1.1459,-0.797,1.1777,0.5642,-0.4994,-1.0459,-1.2865,-0.0485,1.0005,0.0349,ALL
1.0192,-1.0947,-0.0594,0.0903,-0.3666,-0.1934,2.1009,0.3489,1.4154,1.9902,0.958,1.9367,-0.9544,-0.37,-0.8593,0.348,-0.0515,-0.4471,-0.9053,0.5854,0.9299,-1.1947,0.3447,0.0397,1.7045,0.0162,0.0038,1.4692,1.4441,-0.3982,-0.8087,-0.1673,1.0615,1.2635,0.0604,0.9105,0.4687,0.482,0.4082,-0.2604,1.0306,1.2369,-0.9081,-0.6187,1.2833,1.0855,0.7233,-0.3107,0.2131,0.1115,1.0288,1.9577,0.213,0.285,-0.1031,0.3349,-0.2509,1.0582,-0.3641,-0.7584,2.1346,1.0299,1.474,0.4478,0.6661,2.4968,0.0928,0.5848,1.5106,-0.6553,1.0449,0.1299,0.3441,2.2373,1.3521,-0.7152,1.6053,0.4388,1.5431,-0.0273,-0.0725,1.1367,1.604,0.168,1.8452,0.7195,-0.2516,0.5047,-0.0586,0.2433,0.5809,1.2124,0.0507,1.6409,1.333,-0.2696,0.9175,0.0371,-0.1078,1.6952,ALL
-0.8416,-0.2762,0.0396,-0.9032,-1.2794,-1.6252,-1.003,0.347,-0.848,-0.6759,1.174,-1.2273,-0.5042,-1.1276,-0.0307,-1.7214,0.4456,-1.6296,0.2304,0.5219,-0.8988,2.6535,-0.9321,2.1473,-1.7005,-0.8149,-0.7453,-1.7506,-1.8064,-1.1168,-0.6466,-0.3613,-1.5027,-0.0009,-0.7696,-0.977,-0.4934,-0.5673,-1.7959,-1.0593,-1.3205,-0.6695,-1.3273,-0.4255,-1.6719,-0.0104,-1.455,0.4236,-0.9513,-0.7258,0.4935,-1.2266,-1.0453,-1.8538,-0.1751,-1.3826,1.4571,-0.2603,0.1345,0.4026,0.4592,-0.6321,-0.7948,3.4942,-0.5872,0.9974,-1.7527,-1.2347,-0.7957,-0.672,-1.2674,0.5782,-0.6516,-0.5859,-1.6046,-0.5287,-1.3326,-0.5812,0.0935,-1.7158,1.0401,-1.4115,-1.1701,0.8582,-1.1934,-1.1228,-0.8339,-0.442,-0.6542,-1.2498,1.5354,-1.6799,-0.0245,-1.9348,-1.8434,-1.8366,-0.5785,0.3584,0.0572,-0.554,ALL
-0.8767,-0.6652,0.6877,-0.8838,-1.6386,1.4086,-1.3852,2.511,-0.478,-1.4762,-0.9886,-0.3897,-1.1306,2.8555,-1.1623,-1.0002,-0.1896,-0.5474,-0.9201,2.7003,-0.8697,0.1835,-0.0433,2.2835,-0.5523,-0.7447,0.1933,-0.6755,-0.3751,-1.1777,-0.0388,-1.5283,-0.1243,1.475,1.8884,0.3104,0.2519,-0.9611,0.4968,-0.7736,-1.2794,-0.6992,-0.8761,0.3806,-1.9645,-1.9677,-0.8018,-0.0788,1.402,-0.9328,-1.0723,-1.4563,-2.125,-0.504,1.0631,-0.7102,1.419,-0.5653,-1.2588,-0.5624,-0.3006,-0.7046,0.4475,-1.4853,-1.6924,-0.4623,-0.1406,1.2381,-0.6635,-1.2961,-1.0097,-0.0361,-1.4069,0.1293,-0.7401,1.0963,-0.3683,-1.0573,-0.0985,-0.9531,-0.0725,-0.9531,-0.6379,-0.379,-0.9126,1.4196,-0.6705,-0.9887,-0.038,-1.5776,-0.8948,-0.2447,-0.6068,-0.0508,-0.7972,-1.8539,1.4218,-2.8696,-0.9887,-1.2966,ALL
2.914,-0.2722,-1.5868,-0.4065,2.0177,0.2572,0.9158,-0.8195,-0.0022,1.684,-0.1836,0.5568,1.5442,-0.613,0.1548,0.8321,-0.5027,0.4737,-0.1679,-1.2418,0.3417,0.1728,-0.218,-1.0727,0.5598,-0.6711,0.6009,0.4128,1.4568,2.1231,-0.5271,1.0614,-0.9762,-0.8838,-0.1801,1.3887,-0.1421,-0.9264,0.1353,-0.695,0.7572,-0.3221,0.7452,-1.1052,0.6355,1.8219,0.7647,-0.7435,0.2746,0.7858,-0.1018,1.2774,1.8021,0.1131,-0.9023,2.1024,-0.1501,2.016,2.1702,-0.3174,-0.3975,-0.3413,-0.5129,0.0887,0.8749,0.2211,0.3434,-0.7228,-1.0234,-0.0894,1.4707,-2.2528,-0.4137,-0.2154,0.2222,-0.3679,0.1739,1.9576,-0.2662,1.6599,-0.0725,0.3622,0.1957,-0.5164,1.2558,0.6318,-0.2558,2.2183,3.772,2.1848,-0.3737,0.0523,-0.156,0.8515,1.3201,0.2825,-0.8612,0.2513,-1.6183,0.9266,ALL
0.7694,0.9757,0.7098,-0.4337,-0.0574,-0.0365,-0.0741,-0.8076,2.2288,0.1635,0.1951,0.6972,-0.538,-0.2938,0.2414,1.2044,-1.0827,-0.2924,-0.0499,-0.6788,0.0272,-0.7651,2.1677,-0.8239,-0.3423,-0.3906,-0.6965,0.3489,0.5499,0.5884,-0.2275,0.9996,-0.3633,0.0214,-0.162,-0.5242,-0.314,0.0675,-0.2917,1.979,-0.3301,1.1945,0.0077,0.972,-0.5863,0.5365,0.5253,-1.8102,-0.6017,0.2495,-0.1368,-0.3991,-0.5402,0.2749,-0.0081,0.5946,-0.8592,-0.8502,0.0469,0.6552,-0.691,0.0439,0.1959,-0.1926,0.5355,-1.4005,-1.0126,-0.6935,-1.1115,0.6179,0.951,-0.5592,0.6285,0.1442,-0.6175,-0.3765,0.2556,0.469,-0.978,-0.877,-0.3869,2.0719,0.268,-0.5194,0.9345,-0.2868,0.1003,0.4591,-0.5259,-0.3912,-0.6864,0.1319,0.802,-0.1673,0.3923,-0.365,-0.7821,-0.3147,-0.0875,0.1274,ALL
1.0476,0.7934,-0.4171,-0.0495,0.9419,-0.3569,-0.2661,-0.7109,-0.5797,0.2356,-0.6296,0.0364,0.0003,-0.1747,-0.2347,0.6154,-0.0239,0.3543,-0.2121,-0.9776,0.0214,0.9639,-0.7594,-0.5705,-1.1841,0.3493,-0.2258,-0.5853,0.3173,-0.2277,-0.7035,0.8997,-1.4722,-1.1227,1.9479,0.5381,-0.4069,0.1785,-0.7248,-0.4094,0.4725,-0.3582,1.1189,-0.8572,0.7316,-0.0858,0.5903,0.0835,-0.7986,-0.0484,0.1133,0.4696,-0.3661,-0.0966,-0.637,-1.3593,-0.9762,-0.0126,-0.1816,0.478,-0.031,-0.5103,-0.987,-0.0789,2.5546,-0.775,-0.3919,-1.7202,-0.5753,-0.4889,0.5383,-0.2852,2.9435,-1.2842,-0.2411,-0.9981,-0.4618,0.1781,-1.0451,-0.4202,-0.266,1.475,-0.5226,-0.1333,1.7349,-0.5233,-0.4108,-0.1155,0.2187,0.8196,-0.2091,-0.1174,-0.2687,0.0418,-0.2515,-0.6888,0.1216,0.3278,-0.3439,1.1812,ALL
-0.3012,-0.5193,-0.887,0.6801,-0.1887,0.087,0.3916,-0.6776,-0.1559,0.3905,0.3157,-0.5446,1.626,0.1207,1.744,1.109,0.7495,0.765,-0.6399,-1.1169,0.6212,-0.937,-0.9524,-0.9554,0.3153,2.1762,-1.2735,-0.0326,1.1815,-0.3738,1.3825,0.5617,-0.4107,-0.3155,-0.418,0.7457,0.8371,0.071,-0.0649,-0.6288,0.4079,0.11,0.3592,0.7717,1.2163,-0.4131,0.6317,0.7792,-0.0995,0.469,-0.457,-0.5301,0.718,0.382,-0.2144,-0.2276,-0.7081,-0.6655,-0.0643,0.1727,-0.1189,3.5377,0.3416,-0.7671,0.6312,-0.6268,0.2831,0.1464,-0.7002,0.4265,-0.1429,-0.1357,-0.3769,-0.9415,0.3596,0.1723,-0.5986,-1.1706,-0.7281,-0.0157,2.2978,0.7305,1.1784,2.0983,0.1461,0.5654,-0.6705,-0.933,-0.418,0.8682,-0.9607,0.4362,-0.1184,0.7003,0.7717,-0.2118,0.7099,0.4043,0.2298,0.5753,ALL
-0.8291,-0.7462,-0.4336,1.1846,-0.2685,-1.0578,-1.207,-0.9433,-0.9711,-1.365,-0.6661,-0.8763,1.4045,-0.9084,-0.4202,-0.7331,0.5285,0.2884,1.3661,-0.6554,1.3667,1.4795,-0.217,-0.2372,-0.7073,-0.3836,0.3713,0.4711,-0.5161,1.0634,-0.3678,0.4705,-0.8319,-0.1589,-0.1568,-0.6086,-0.0887,-0.4563,0.9068,0.998,-1.0096,-0.9724,-0.3562,-0.3588,0.0928,-0.9449,0.8652,-0.6508,-0.3999,-0.6098,-0.462,-1.4904,-0.4009,-0.4926,-0.8172,-0.4373,-1.034,-0.1658,-0.2676,-0.3965,-1.0125,-0.4687,-0.9378,1.3456,-0.4392,-0.7607,0.7123,-1.2799,0.4676,-0.7053,0.3811,-1.3977,-0.8428,-0.9187,-1.1258,-1.2725,-0.4751,-0.1354,-0.9163,-0.6071,-1.4027,-1.1829,-0.3851,-0.1421,-1.1423,-0.3615,0.0752,-0.7229,-0.8494,-0.793,-0.5986,-0.3772,0.2385,-0.5688,-0.9325,-0.154,-0.2795,0.0066,0.1892,-0.6789,ALL
-0.451,0.4206,-0.6053,-0.9459,0.8555,1.9794,1.2355,0.1984,1.1697,0.4244,-0.5623,0.7093,0.2157,0.2446,-1.1746,0.5744,1.2374,0.978,-0.0204,-0.0066,0.627,-1.3276,-0.4872,0.19,1.1864,3.1089,0.5779,1.3225,0.0308,0.4544,1.3996,0.544,1.3458,0.8331,-1.4341,-0.3032,0.9493,1.0562,0.0455,-0.1486,1.1363,-0.3709,0.0802,1.9403,-0.153,-0.3226,1.2199,1.1116,0.7153,0.5067,1.6691,-0.1137,-0.7971,0.9894,0.7716,-0.1743,0.5116,-0.6397,-0.4694,-0.6529,0.617,-0.5904,1.7984,-0.2584,-0.8047,0.805,0.8072,1.01,0.0857,3.1562,1.1213,0.3624,0.0792,2.427,-0.7812,1.227,2.0324,-0.6266,-0.6367,-0.0898,-1.3544,-0.6618,0.5526,-0.224,-0.5552,1.5427,3.2422,0.4794,1.3124,-0.0253,0.9265,-0.6819,1.0274,1.0519,1.9572,-0.498,0.9207,1.0163,1.7987,-0.8039,ALL
-0.7416,1.9481,-1.0454,1.8948,0.1206,1.7457,0.3581,-0.4048,-0.7161,0.2614,1.3479,-0.7262,1.2416,2.1742,0.7608,0.3777,-0.3093,1.8645,-0.3744,-0.3666,0.5047,-1.0089,0.5416,-0.8944,-1.463,-0.096,-0.0765,-0.136,0.7599,0.2595,-0.2777,0.6469,-0.0727,0.3672,2.4676,-0.555,0.3961,1.7708,1.1045,1.0518,0.4987,-1.072,0.948,0.03,0.4881,0.2759,0.3154,2.4642,-0.3629,2.5734,-0.2019,0.5396,-0.6055,0.1885,0.9386,1.0972,-0.7416,-1.3212,-0.2305,-0.0987,-0.5822,-0.1246,0.2378,-0.7252,0.3005,0.2523,0.6657,-0.3579,0.8202,0.6762,0.4903,-0.4844,-0.2592,-0.114,0.0375,0.6032,-0.3567,-0.1657,-0.0114,-0.3746,0.7499,0.3661,0.1477,0.0422,-0.2796,0.8304,-0.616,0.2465,-0.4591,0.0413,-1.1472,0.9989,0.2009,0.636,0.9387,0.4589,0.0634,-0.5442,0.1663,0.9124,ALL
-1.2423,1.1702,-1.0641,-0.6898,-0.8455,1.3886,-1.0258,-0.0887,-0.0777,-1.1193,-0.4136,-0.4284,-0.6216,-0.3081,0.3032,-1.185,1.5413,-1.1043,0.4516,1.6635,-0.7357,0.9184,0.5232,-0.2043,0.4117,0.0372,-1.595,-1.5307,-0.6076,0.0159,0.1869,0.4823,-0.9794,-0.4705,0.1069,-1.0118,0.2616,-0.1892,-0.8291,-0.9102,-1.1947,-0.2416,0.0433,0.5403,-1.721,-1.0698,-1.7417,-0.0247,0.8679,-0.5628,0.3034,-0.995,-1.7854,-0.4811,-0.8434,-0.2043,-0.0107,-0.6741,-1.1282,-0.6566,-0.8338,-0.2682,-0.4427,-0.6355,-0.709,-0.8433,-0.7458,0.6932,-0.8618,-0.5804,-1.6167,1.2839,-1.0366,-0.2163,-0.3505,-0.2178,-0.4451,-1.299,0.0064,-1.2107,-0.1208,-0.5482,-1.2935,0.3698,-0.7504,0.3553,-0.6789,-1.2646,0.6089,-1.2276,0.7509,-0.5805,-0.2123,-0.5488,-0.2373,-1.0907,0.4392,-0.1617,0.2679,-1.5489,ALL
-0.1343,-0.3492,0.9948,-0.6122,0.4381,0.4875,0.4924,-0.2782,-0.5495,0.7822,0.7027,-0.7044,0.3429,-0.8227,-0.142,-0.063,-1.4602,-0.4614,0.4664,-0.4804,-0.3747,1.0224,0.1256,-0.8474,0.212,2.0499,-2.3729,0.0256,-0.2168,0.7345,0.7567,0.3588,-0.5476,-0.9024,-0.8756,0.4216,-0.6611,0.4404,0.2457,-0.8895,-0.7345,-1.0339,0.5743,0.6572,0.296,-0.299,-0.3673,-0.4112,-0.0922,-0.2899,-1.1073,0.3673,-0.0744,-0.5959,-0.6075,-0.4839,0.0136,1.2615,1.5263,1.0171,0.6948,0.2631,-0.1595,-0.7192,0.1439,-1.1898,0.1506,0.2737,-0.7296,-0.1311,-0.2455,2.1225,-0.4259,-0.9107,0.2695,1.3363,-0.3617,-0.7815,0.3602,1.5668,0.1452,0.2864,-0.2476,2.3937,0.2144,-0.2423,1.5791,-2.4265,-1.1164,0.146,-3.2647,-0.537,-0.0808,-0.5081,-0.002,0.1207,-0.043,-0.3759,-1.103,0.58,ALL
0.2426,0.2343,-0.1783,1.9802,0.631,1.185,-0.3901,-0.2634,-0.5326,-0.8433,-1.6758,1.9343,-0.8308,0.8068,1.3916,0.796,1.2006,1.3429,-0.2711,0.62,-0.8755,-0.3016,2.159,1.1194,0.4754,-0.096,1.0803,2.798,0.2453,0.8807,-0.4863,0.3618,1.25,0.3323,2.1961,2.2045,1.3967,0.3745,2.4971,1.8424,-0.4148,-1.1038,0.4108,0.1301,1.0935,0.2243,0.342,1.127,0.3682,1.0555,-0.9422,0.0676,2.4638,0.3219,0.9354,0.5413,-1.0483,-1.1107,-0.9828,1.5071,-0.696,-0.627,-0.3159,-0.7372,-0.2129,0.712,1.3724,0.4905,1.7089,0.4265,0.0776,-1.0407,0.3146,-0.3117,1.2202,-0.4386,1.3034,0.7108,0.5928,-0.6894,-0.7013,-0.3797,1.0697,-0.3205,-0.3419,1.6813,-0.0296,-0.7457,0.3111,0.5087,-0.1817,1.1872,-0.9449,2.2798,0.1556,1.7801,0.9016,0.8786,0.8238,0.1179,ALL
-0.5248,0.6475,1.4349,2.7137,0.6476,-1.4349,0.8587,-0.5143,-0.5033,-0.6118,0.7869,0.0896,-1.6156,-1.6517,-2.6278,1.885,-1.1932,0.1671,-3.693,-1.0311,-2.8847,0.5293,-0.0973,-1.1478,1.4343,-0.5659,0.2277,0.0407,0.4216,-3.2483,-0.9509,-1.4313,0.5729,1.0988,-0.4076,0.5435,0.646,0.5601,-0.5356,-0.3059,-0.2253,-0.9385,0.5461,-1.7658,0.3541,-1.2033,-1.1447,-0.7976,-0.5426,-1.0896,-2.7932,0.8825,0.4219,0.9682,-0.1325,0.2717,-0.9805,0.477,-0.2305,0.2782,0.2915,-0.83,-0.3173,-0.3183,-0.8831,0.5651,1.592,-0.4371,-0.1861,-1.4792,-0.0424,-0.4346,-0.215,-0.9375,1.4406,-0.7409,0.6527,-2.3795,-0.2965,0.645,-1.0157,0.1245,0.7184,-0.5778,0.1303,-0.21,-1.7597,-0.7255,-1.3731,-0.3383,-2.0469,1.2156,-3.0862,0.3064,0.3233,-0.42,0.6291,-2.5483,0.0115,0.4221,ALL
-0.7099,-0.7341,0.9188,-0.2513,-1.0134,-0.3936,-1.4198,0.6517,-1.1697,-1.6676,-0.5791,-0.8545,-1.0114,-0.675,-0.7851,-0.5642,0.1418,-1.2724,0.2746,0.0191,-0.1475,0.0797,-1.0305,-0.7864,1.3396,1.2996,-0.82,-0.7976,-1.6759,-0.727,-1.0372,-1.4548,1.1036,2.2043,-1.2092,-0.2295,0.6951,-1.36,0.5016,-1.0551,-0.8759,-1.2732,-0.0808,1.2344,0.3072,-0.9298,0.6228,-1.1223,0.3509,-0.2272,-0.532,-1.0596,-0.6752,0.5154,1.9083,-1.296,-0.0456,-1.0406,-1.3389,-0.683,-1.5268,-0.7016,0.5069,-0.2345,-0.944,0.7328,2.1101,-0.2571,0.8202,-0.6553,-0.8612,-0.2603,-0.8894,0.9886,-1.2158,1.645,0.0588,-1.2537,-0.4333,-1.3188,-0.8706,-1.0236,-0.5873,-0.2006,-1.0657,1.5343,-1.5125,-0.0345,-0.1356,-1.2636,0.6028,-0.0495,-0.5504,0.0247,0.0948,-0.9433,1.5294,-0.4371,-0.9278,-1.2188,ALL
0.6127,1.9318,1.2325,-0.1465,0.2203,-1.1646,1.5264,3.2328,0.3221,-1.0044,0.4026,-0.6923,-1.1333,-1.4373,-0.6861,2.1346,-3.32,-0.3497,0.3041,1.9411,-1.19,-1.2415,1.1264,1.8282,0.5081,-0.4642,2.5958,-0.527,2.7246,-1.5675,3.441,-0.6788,0.9151,-0.1114,0.7197,-0.279,1.417,1.3597,-0.7236,0.2115,2.6297,1.0907,-0.7372,1.3965,-1.3189,0.6484,1.1696,0.5473,3.6372,-1.3217,-0.9522,0.5738,-0.5054,2.1041,1.7314,-0.1044,1.1112,2.0002,0.2265,-0.4229,2.7417,-0.4255,2.3952,-0.5517,-1.4749,0.6288,1.9728,1.9782,1.8999,-0.6886,-0.3547,0.1548,-0.4823,1.9194,3.4522,2.271,-0.1731,0.1592,-0.7995,1.6211,-1.2818,-0.061,2.7363,-0.6451,2.1629,-0.0289,0.4438,1.0033,-0.5618,-0.516,0.7016,2.3491,-0.3814,0.1228,-1.2436,1.6066,0.5466,-0.1923,1.0346,0.8771,ALL
-1.1435,-1.3256,-0.942,-0.8916,-1.5588,-0.4303,-1.1992,0.4565,-0.868,-1.0863,-1.2916,-0.9174,-0.2328,-0.1699,0.9092,-0.2346,1.2282,0.1547,0.6876,-1.0277,0.3184,-0.082,-0.9784,0.7532,-0.1392,-0.8149,-0.0162,0.4053,-0.9317,0.3204,0.002,0.6146,1.0394,0.4911,-0.9739,-0.9421,-0.3792,-1.5335,-0.8303,-1.0137,-1.0078,1.4169,-1.1712,0.9362,-1.0018,-1.3196,0.877,-0.9136,0.4543,-1.0112,0.1333,-1.5048,-0.4532,0.8623,-0.7189,-1.2228,0.1376,-0.7184,-1.0985,-0.3777,-1.346,-0.764,-0.3321,-0.4679,-0.0041,-1.0429,1.4112,1.0637,-0.142,0.2185,-1.3372,0.7775,-0.8551,0.5416,-1.1631,-0.8738,-0.4417,-0.4981,3.0095,-0.8335,1.5238,-0.1067,1.0242,-0.3234,-0.8382,0.4152,-0.4778,-0.7913,0.3214,-1.2943,1.2501,0.6358,0.5203,0.0905,0.0332,0.0484,-1.3157,-0.4983,-0.5318,-0.9288,ALL
-0.7314,0.0641,0.1981,0.3425,0.217,1.7391,0.237,-0.4672,0.3852,-0.3305,0.2876,0.4527,1.1313,0.1922,0.6495,-0.2845,0.906,1.3582,-0.9791,-0.0768,0.4348,-0.4995,-1.0006,-0.0635,0.5116,1.026,-0.0105,-0.3841,-0.1365,-0.1059,0.569,0.547,0.7172,1.1529,-0.1775,0.4899,0.3897,0.2184,1.2913,1.0601,-0.4235,0.7116,1.0513,0.1468,0.2111,-0.5918,0.2386,1.0188,-0.1438,0.607,0.0783,-0.2968,-0.2181,-0.4519,-0.1031,-0.4539,-0.1247,-0.1544,-0.3329,-0.487,-0.5812,-0.4682,-0.5277,-1.0245,-1.4662,0.1684,-0.0272,0.9185,0.7027,-0.8218,1.0493,0.296,-0.0581,0.4383,-0.4328,2.5904,-0.7571,0.197,-0.8888,0.2405,0.0968,-0.2674,0.2235,-0.1889,-0.2203,0.9367,-0.2306,-0.1433,0.6038,-0.2484,-0.1488,0.334,0.9711,0.723,1.2654,0.2189,1.7024,-0.5901,0.537,0.0095,ALL
0.086,1.0972,0.9948,0.8237,0.7856,0.1337,0.5121,-0.4105,-0.4415,1.8033,1.7826,1.6414,0.4826,-0.0365,0.3774,0.6953,-0.162,-0.257,0.0091,0.3647,0.0854,-0.1347,-0.7053,-0.6221,0.1432,-0.4782,0.4,1.5631,0.7037,0.6493,-0.437,0.8145,0.1959,-0.6694,0.2931,2.0652,1.354,-0.1701,0.1692,-0.2852,1.0393,-0.4747,1.8994,-1.4582,0.7696,1.275,0.3391,0.841,-0.6977,3.0814,-0.3719,0.8125,0.5438,-0.2956,-1.4461,2.7581,-0.7776,-0.1773,0.3645,-0.4568,0.0408,-0.3925,-0.5574,0.6154,0.7792,0.3414,0.2229,-0.5389,0.8349,2.2241,0.8178,-1.929,1.4795,-0.5303,0.5179,-0.6037,1.5803,1.8064,-0.2656,0.454,0.3387,-0.4724,-0.101,-0.0221,0.9472,-0.4002,0.2762,1.5374,0.6808,1.7068,-0.5931,-0.333,-0.2311,0.2852,0.1543,2.1155,0.2941,1.1845,-1.7579,0.5305,ALL
0.5287,-0.4383,-0.9783,-0.814,-0.2436,0.0403,0.4744,1.0755,-0.7427,-0.011,-0.8372,-0.6802,0.6205,0.0969,-0.9829,-1.1899,-0.2633,-0.5799,1.0563,-0.3979,-0.9046,-1.2149,-0.3656,0.19,-1.4354,0.3142,0.1617,-0.854,-0.9392,1.7333,-0.7888,1.0173,-0.8551,0.106,0.7481,-0.7894,-1.4503,-0.4945,-0.8425,-0.0907,0.3834,-0.3772,-0.7913,0.2542,-0.7091,-0.2279,-2.8413,-0.9754,0.5848,1.2531,0.3734,-0.5427,-0.8058,-0.8339,-1.3544,-0.1643,1.9897,0.0561,-0.5317,-0.487,0.6459,3.1546,0.3504,0.9147,-0.2129,-1.2991,-0.7219,-0.4399,0.3207,0.4265,-0.7149,-0.9577,-1.0905,-0.4349,-0.4142,-0.0871,-1.1475,0.1404,1.7735,0.4377,0.3629,-1.1464,-0.8729,-0.3146,-0.9907,-0.9307,-0.2642,-1.0343,-0.3307,-0.4874,1.2117,-1.0964,-1.0764,-0.5476,-0.7452,0.5138,-0.7929,-0.1923,-0.6739,-1.174,ALL
-0.2966,-0.4221,2.3274,0.2843,1.7882,-0.5104,-0.4464,-0.0296,-0.4758,-0.0991,-1.3673,0.5689,0.3322,-0.3748,-0.6861,-0.0547,-0.4566,0.509,1.5431,-0.3488,1.454,0.4224,-1.4648,-0.1996,-0.5282,-0.1977,-0.5702,-0.121,-0.8267,0.0038,0.4505,-1.9633,0.6382,-0.8823,-0.8187,0.088,-0.2243,0.9365,1.7329,1.0683,-0.6794,0.3176,0.3457,-0.3468,0.1352,1.2858,0.2268,0.586,-0.0331,0.4032,1.1738,0.7712,1.5321,-0.374,0.765,-1.1529,-0.5619,-0.6554,-0.4798,-0.242,1.1531,-0.6184,-0.585,0.5615,0.9707,0.1223,0.051,-1.0386,0.7761,0.1519,-0.9508,0.5284,-0.139,-0.9117,0.6576,-0.1535,-0.1681,1.0962,1.7892,0.2555,0.774,-1.0745,0.7123,3.2711,-0.1835,0.3295,0.0165,-0.2597,-0.7313,0.7562,0.3121,-0.1707,0.3888,-0.2643,-0.4618,1.4447,-0.0358,2.2707,1.4509,0.217,ALL
1.2213,-1.0987,-0.3434,-0.0883,1.1431,-0.1934,-0.471,-0.8857,-0.5379,0.7395,-0.063,1.0168,-0.4375,-0.3796,0.3836,0.7479,-0.7236,0.3591,1.3071,-1.1526,0.2194,1.2532,0.7683,-1.1478,-0.2683,-0.4256,2.0045,0.9917,0.0533,0.1377,-0.7547,-0.7464,-1.0468,-0.6115,-0.4283,-0.5255,-1.0605,-0.295,-0.0964,0.4723,-0.6253,-0.7479,-0.4349,-0.5281,0.7852,0.0003,0.2179,-0.1252,-0.7765,-0.177,-0.0568,0.8232,0.0214,-0.3092,-0.5158,0.2551,-0.9913,0.5357,0.9506,2.525,-0.3705,-0.6737,-0.9209,-0.402,-0.1433,-0.1554,-0.9243,-1.1847,-0.9132,0.2101,0.7327,-0.7418,0.9473,-1.323,0.3456,-0.385,-0.8622,0.7599,-0.3717,0.5485,-0.8948,-0.0074,-0.2724,-0.3497,2.111,-0.591,-0.2474,0.811,1.0043,0.458,0.8168,-0.2805,1.8163,-0.4694,0.4153,-0.4055,-1.1206,0.3584,-0.5013,0.903,ALL
0.061,-1.2,-1.052,-1.9355,-1.168,-1.4249,1.1001,-1.2704,3.0004,-0.9653,0.9748,-0.9344,-1.386,-0.4796,1.0205,-1.3677,0.4641,-1.7739,0.5254,-0.3053,-0.5552,-0.0975,-1.0856,-0.0917,-1.4613,-1.3233,-0.3865,-1.1867,-0.9182,-0.7027,-1.1557,0.4823,-0.6898,-1.6102,-0.5369,-1.9535,-2.0002,-1.4953,-1.7135,-1.1089,-0.9423,-0.4747,-1.8263,0.2279,-1.4284,-1.7954,0.7795,-0.5503,-0.4122,-1.4597,1.3339,-1.2804,-0.1876,-1.2109,-0.0539,-1.2494,0.3722,-0.6855,-0.3003,-0.9431,-0.1708,-0.3585,-0.3018,0.2743,-1.3008,-0.9792,-1.7998,-0.6313,-0.5974,-0.6553,-1.0163,0.5533,-0.654,-1.4144,-1.6535,-1.8277,-1.6813,-1.1781,1.2272,-1.6043,0.8466,0.3439,-1.8035,-0.572,-0.1617,-1.7913,-0.0212,-0.566,-1.2396,-1.419,0.5096,-1.0176,1.2528,-1.6981,-1.322,-1.6284,-1.9276,0.4961,-0.7298,0.4857,ALL
1.0101,-0.256,-1.0663,-1.1904,-0.7673,-0.4537,0.947,0.1042,0.136,0.8695,-0.7306,-0.3752,-0.7525,-0.3462,0.9031,0.5478,1.5229,-0.7967,-0.5219,-1.1615,-0.8115,-1.1092,-0.8983,-0.1433,0.4685,-0.4221,-0.332,-0.5702,0.6692,1.2583,-0.3574,-0.3584,0.1822,0.7894,-0.4904,0.305,-1.5133,-0.694,-0.9201,1.9252,1.3127,-0.0425,-0.9634,0.1683,1.2364,0.2436,0.6287,0.7483,-0.678,-1.1367,0.5785,-0.286,1.0837,-0.9352,-0.8925,-0.8434,-0.2515,0.6516,-0.5792,-0.8338,0.2675,0.7873,-0.5594,1.4413,1.284,1.6567,-1.0675,-0.209,-0.9426,-0.7552,0.3549,0.0801,0.1969,0.0509,-0.432,-1.0903,0.1739,-0.4188,-0.9439,-0.4596,-1.0883,-0.3849,-0.6833,-0.4199,-0.3675,-0.8863,-0.415,-0.28,0.0184,-0.3859,0.6083,0.7628,-1.2266,-0.706,-1.1543,-0.5645,-0.6922,-0.2382,-0.2855,1.5961,MLL
0.0281,-1.3783,-1.9764,-1.9433,-0.8954,-1.1279,-1.2227,-0.2801,-0.5326,-0.5558,-1.1765,-0.7165,-1.8042,-0.9037,0.4145,-0.8282,0.8231,-1.0059,1.7348,0.5821,-0.1068,0.084,-1.2496,1.9033,-1.4716,-0.864,-0.2373,-1.4311,-0.8454,-0.4834,-0.0028,0.2942,-2.163,-0.5596,-0.3326,-0.5885,-1.4022,-1.0894,-1.2658,-0.4798,-0.2576,-0.2586,-1.1736,-0.8357,0.9371,-0.7038,0.4544,-2.5291,0.5208,-1.0489,0.4585,-0.9143,-0.98,-1.0186,-0.6043,-0.0212,0.2065,0.1649,0.1419,-0.7245,-0.5363,-0.9101,-0.349,1.6628,-0.8047,-0.6814,-0.2701,0.2935,-1.9341,-1.6374,-0.2259,1.1179,-0.909,-0.7965,-1.4106,-0.9767,-1.1324,-0.517,-0.5469,-0.4385,-0.0241,0.2903,-1.1909,-0.493,-0.5544,-0.7135,-1.035,0.3629,-0.9829,-0.1808,1.3763,-0.3849,0.4639,-1.0688,-1.2571,-0.8074,-1.6719,0.1901,0.4964,0.3325,MLL
0.229,-0.9366,-1.1456,-0.1814,0.4481,0.6377,0.4713,-0.2758,2.1324,1.2522,-1.0054,0.1622,0.342,-0.6273,-0.3646,0.9499,-1.4418,-0.7671,1.3071,-0.4915,-0.1883,-1.0532,-0.547,-0.0917,0.1036,0.5176,-1.7385,0.0538,1.8867,0.3692,-0.7044,-0.4113,0.1359,-0.4141,0.5672,0.8998,0.033,-0.6957,-0.561,0.8862,1.0402,-0.0065,0.6837,0.2422,1.3838,0.3664,0.4987,0.7947,-0.8356,0.4094,-0.2819,0.4786,1.358,0.7149,-0.4175,0.6012,-0.3609,2.2064,2.099,-0.5662,0.6958,-0.4428,-0.1811,0.5137,0.7879,1.3557,0.9832,0.7507,1.0479,1.0756,0.6257,-0.1191,-0.3082,-0.7408,0.8461,-0.8373,0.4308,1.916,-0.5188,1.6599,0.4354,1.8655,-0.6657,-0.493,0.023,-0.689,-0.6873,-0.4167,-0.1613,0.8979,-1.0923,0.2216,-0.3062,0.1891,0.5458,-0.0817,0.8932,0.3737,-1.6843,2.2162,MLL
0.7002,-0.3573,-0.4457,0.1097,-0.3699,-0.9743,-1.0881,-0.8785,-1.0226,-0.1383,-0.4585,-0.5156,0.5164,-1.8089,-0.1729,0.0518,-0.6408,-0.173,-0.7579,0.5899,-0.9629,0.986,-0.0809,-0.486,-1.0498,-0.9621,0.6583,-1.5551,-1.393,-1.0437,-1.2468,-0.3731,-1.5501,-1.2823,-1.0204,-0.8149,-0.6472,-0.1302,-0.4931,-0.8606,0.3223,-0.5636,-0.2197,-1.3413,-0.1574,-0.2021,0.2593,-0.1793,-0.9242,-0.8168,-1.5025,-0.5553,-1.0975,-0.3329,-1.4035,-0.4839,0.9739,0.0375,-1.2158,0.086,-0.1958,-0.3814,-0.6228,-0.4559,-0.3348,-0.7926,0.1369,-1.0678,-1.3319,-0.4223,0.2501,0.9269,0.1503,-0.725,0.1756,-1.354,-0.1815,-0.6492,2.5724,1.4254,-0.1208,1.2125,-0.3401,-0.5545,-0.3622,-0.1237,-0.3773,-0.0598,-0.4437,0.3067,1.0143,-0.5421,0.2573,-0.8713,-0.7878,-0.5645,-0.8836,-1.2632,-1.7351,-1.6055,MLL
-1.458,-0.7017,-0.5777,-0.5889,-1.8132,-0.0499,-1.8127,2.7762,-0.5904,-1.3667,0.3325,-0.9199,-1.3477,-1.3706,1.2061,-1.5302,-0.1436,-0.5035,0.7761,1.2198,-0.4387,0.0799,0.86,3.9921,-1.3339,0.8472,-0.5214,-0.9706,-0.8379,-0.4469,0.6904,-0.2996,-0.4739,2.0864,-0.8032,1.0646,0.4922,-0.2066,-0.5234,-1.0344,-1.2873,-0.7839,-1.0249,0.495,-2.0494,-1.354,-1.8245,-0.4962,1.0771,-1.1743,-1.7977,-0.2573,-1.8507,1.0842,1.0664,-1.0997,0.0887,-1.8237,-1.2677,-0.6529,-1.1983,-0.2713,1.6621,-1.1322,-1.5967,1.2179,-0.7363,3.3829,-1.0821,-1.1963,-1.4792,-0.3931,-0.7104,-0.4697,-1.6039,0.1873,-1.0123,-1.2461,1.3879,-0.8172,0.774,-1.2574,-1.1883,0.0831,-1.1949,1.8328,-0.0924,-0.4268,-0.9675,-1.6771,0.4602,-0.9268,-0.156,-0.7084,-1.5567,-1.0444,1.5592,-0.1158,-0.6359,-1.1882,MLL
-0.1411,-0.5315,1.5549,-1.0624,-0.887,-0.4036,-0.0976,-0.6862,-0.7063,-0.0955,-0.8119,-0.2638,-1.0238,-0.6273,-0.1358,-0.8925,-0.9538,-1.0212,0.3779,-0.9341,-0.6542,0.9541,-1.4716,-0.6268,-0.5764,-0.9867,-0.6506,-0.0101,0.2288,0.3935,-0.1564,-0.1673,-0.4486,0.224,-0.4128,-0.8135,-1.6991,-0.7512,-0.9225,-1.6595,-0.2253,-0.1146,-1.0286,-0.1012,0.0257,-0.3334,0.2947,-0.9832,-1.1014,0.1209,-0.0768,-0.593,-1.6678,-0.8907,-1.207,-0.6803,-0.7819,0.3524,0.4238,-0.7245,-0.4254,-0.6346,-1.5137,0.7471,1.7713,0.1418,-1.1857,-1.5307,-0.2522,-1.1047,-0.7237,-0.2852,-0.7129,-0.7766,-0.9931,-1.3368,-1.1091,-0.6983,-0.852,-1.034,0.508,-1.2404,-0.8926,-0.4609,-0.9516,-1.1963,-1.035,-0.4091,-0.6388,-0.8216,0.6632,-0.4319,-0.6256,-0.5081,-1.0664,-0.7467,-2.0094,-1.2326,-0.5622,-1.0561,MLL
-0.4624,0.1694,-0.0506,0.2688,0.0241,-0.467,-0.2438,-0.8628,-0.0968,-0.5647,-1.3841,0.1187,0.9524,-0.8989,-0.0678,0.2271,-1.4786,-0.2914,-1.9821,0.0715,-0.7649,1.1797,-0.7275,-1.1619,0.2206,-0.2047,2.128,0.238,1.0967,-0.6783,-0.5774,0.4,-0.239,-0.6523,-0.9041,-0.6153,-0.4262,-0.2846,-0.612,-1.883,0.2481,-0.7416,-0.0563,-1.0146,0.4613,-0.3657,-0.4383,0.6091,-1.0891,0.1178,-0.3619,0.6438,1.0619,-0.3261,-1.1972,0.2018,-0.6281,0.0346,0.1033,0.6401,-0.4484,-0.5427,-1.0915,-0.5457,-0.5698,0.1925,-0.106,-1.2036,-0.8985,-0.5388,0.3178,-1.0324,0.2484,-0.8104,-0.2877,-1.131,-0.4618,-0.687,-0.6421,-0.3604,-1.0157,-0.1237,-0.2567,-0.4492,-0.4666,-0.9533,-0.7962,0.2035,-0.1459,-0.5117,1.5958,-0.4962,-1.2642,-0.315,0.1563,-0.021,-1.3589,-1.8752,-0.3541,-0.7567,MLL
-0.3273,-1.0703,0.5854,-0.8955,-1.1398,-0.7908,0.4367,-0.292,-0.5086,-0.5451,-1.5412,-0.3147,0.0279,0.2827,0.1548,-1.4325,-0.7789,-1.2772,1.0416,-1.1916,-0.1301,0.4152,-1.5247,-0.1433,-1.3821,-0.899,0.687,-0.5946,-1.4493,-0.045,0.129,0.9879,-0.555,-1.8759,-0.4723,-0.2764,-0.55,-0.7391,-0.9662,-0.0493,-0.6375,-0.1357,-0.5455,-0.8572,-0.5528,-0.5918,0.8711,-0.4653,-0.1488,-0.8513,0.4585,-1.4025,0.1651,-0.9246,-0.3651,-0.84,0.0585,0.0675,-0.8047,-0.7019,0.1257,-0.458,-0.1082,0.1187,-0.3522,-0.7418,-1.2782,-1.0763,0.049,1.3752,-0.8569,-1.3562,-0.605,-0.4786,-0.6035,-1.4569,-1.1274,0.5144,-0.2143,-0.8403,1.1368,-1.1072,-0.3386,-0.3263,-0.818,-1.0751,-0.3856,-0.9103,-0.264,-1.1377,-0.3188,-0.3973,-0.5128,0.0215,-0.4199,-0.5587,-1.1219,0.695,0.1968,-0.4997,MLL
-0.426,-1.5322,-0.6702,-2.1141,-1.2445,-1.2647,-1.8655,-1.2842,-1.4238,-1.908,-0.1668,-1.2515,-0.465,-0.3224,-0.4944,-1.8796,1.6057,-1.7767,0.4959,-0.1214,-0.759,3.4213,-1.9155,0.6594,-1.9054,-0.6045,-1.2218,-1.7863,-2.0284,-0.2033,-0.1222,0.2178,-2.1978,-1.8877,-1.1135,-1.9991,-1.6446,-1.1484,-1.5667,-0.9351,-1.3711,-0.1675,-1.7845,-0.8405,-0.6868,-1.7093,0.2327,-1.045,-1.3525,-1.3405,0.6035,-1.3504,0.3262,-1.487,-1.6328,-1.4026,-0.5209,-0.5323,-1.2543,-0.8225,-1.7554,-0.4793,-1.6749,1.2977,0.3005,-1.7373,-0.8873,-1.6118,-1.3245,-0.697,-1.6429,1.7323,-1.1126,-1.0418,-1.4619,-2.115,-1.1808,-0.6266,-0.7535,-1.3209,2.588,-1.7223,-1.7615,-0.2503,-1.2242,-1.3601,0.1296,-1.4114,-1.635,-0.83,0.4492,-1.4537,0.5578,-1.0093,-2.1234,-1.108,-2.0676,-0.3759,-0.0926,-0.8204,MLL
0.0145,4.0467,1.3722,2.1898,0.8106,1.1583,0.3244,1.1088,-0.3976,1.0938,3.8443,0.3729,-0.6421,2.1408,3.426,-1.0874,-1.3037,2.1119,1.1448,1.6311,2.0539,-1.0053,2.6357,0.2228,1.3602,3.151,-0.3062,0.4711,0.2138,2.257,2.5118,0.7498,1.1742,1.2116,1.3816,0.0947,0.8393,1.1117,2.3479,0.7496,-0.4401,-0.6717,0.6837,-0.2085,-1.0263,0.5559,-0.589,1.2507,1.0279,2.6267,-0.9772,0.7012,-1.1846,0.1957,2.5994,0.3483,-0.0696,-1.9955,1.231,1.7559,0.6349,-0.3844,0.3794,-0.7791,1.284,-0.7399,0.1202,1.6256,0.8643,1.8829,1.0362,-1.8543,1.889,3.3946,0.015,1.6408,1.0931,0.0912,-0.7065,-0.794,-1.8139,0.2721,1.5438,1.0161,-0.435,0.7962,0.6156,0.53,1.2303,0.7731,0.3834,0.0957,3.2627,0.9641,1.7523,2.2571,1.1023,1.8883,1.1006,0.9502,MLL
-1.4262,-1.0906,-1.3073,-1.2137,-1.0633,-1.1179,0.1036,-1.2099,0.7179,-1.5564,1.7574,-0.5592,-1.6405,-0.37,-0.6305,-1.1706,1.7438,-1.4319,-0.6399,-1.2652,-1.0095,0.6831,-1.0643,-0.2513,-0.6143,-1.0954,0.1589,-0.8221,-1.5723,0.1986,-1.2999,1.3583,-1.2879,-0.7139,-0.7981,-2.0754,-2.0301,-1.5473,-1.9088,0.6668,-1.1502,-0.7458,-2.1336,0.6524,-0.5483,-1.9548,1.0662,-1.2923,-0.8577,-1.3625,0.3784,-1.4797,-0.6621,-1.8783,-0.9122,-1.0264,0.5524,0.5199,-0.8864,-0.7019,-1.2761,4.7561,0.0402,-0.414,-0.5175,-1.4941,-2.0911,-0.621,-1.2804,-0.9716,2.6454,-0.4014,-0.4137,-1.0349,-1.2539,-0.6487,-0.7737,-0.6568,-0.6556,-1.4663,-1.4995,-0.4998,-1.7727,-0.5311,-1.1303,-1.8306,-0.5281,-0.9305,-1.1112,-1.4613,1.0856,-1.0629,0.6705,-1.7456,-0.4774,-1.6371,-2.0379,0.542,-1.0141,1.6456,MLL
-0.409,0.6151,-0.3555,1.5494,1.0018,0.1437,-0.4296,-0.7271,0.2413,0.2899,-0.4921,2.4935,0.7745,-0.0365,-1.1128,0.1066,-0.2725,0.232,0.1271,-1.2618,-0.1883,0.5214,1.2026,-0.608,0.9454,0.0197,-1.1271,2.6401,0.904,1.307,-0.163,0.2119,2.1009,-0.4401,-0.3973,1.5187,0.1804,-0.1042,0.1462,0.464,-1.0375,1.6838,-0.5406,-1.9805,0.9527,0.0046,0.3095,1.5753,-0.8725,0.5223,3.3399,0.5217,1.6976,-0.4883,1.3743,-0.2309,-0.8948,-0.2775,0.3333,-0.732,-0.5882,-0.4813,-0.8224,1.3396,2.6851,1.6938,0.1238,0.5283,-0.3917,0.9009,0.6388,-2.2279,3.201,0.5714,0.1314,1.212,0.6794,0.8393,-0.4923,0.3044,-0.9916,1.3535,-0.0308,-0.3907,-0.438,0.3579,-1.2989,0.0946,1.7386,0.0403,-0.8839,0.515,0.2197,0.7789,0.4687,1.4303,0.4375,0.1901,1.2351,-0.521,MLL
0.3562,0.3477,0.953,0.4007,1.1165,0.1571,1.3038,0.1561,0.2213,1.0493,0.3605,1.5833,0.0457,-1.3086,-1.2921,0.5839,-0.2173,0.0897,-0.6841,-0.3834,-1.3181,-1.066,0.7973,-0.7958,2.2606,0.3177,2.4839,0.4993,0.5199,-1.2873,0.4249,-3.7387,0.2064,0.3449,0.4663,2.4403,1.6786,1.2921,1.2683,-0.3059,1.1197,0.0846,1.5454,0.6,1.3191,0.2566,0.7263,1.3512,-0.7002,-0.2335,-0.6121,0.2848,-0.3661,0.435,0.9321,3.0411,-0.9981,0.5342,0.3956,-0.4719,0.7228,-0.6458,0.0665,-0.8569,0.1265,0.305,0.7093,-0.2382,0.1812,0.1935,0.32,1.5081,1.3422,0.039,0.8539,-0.0313,2.0775,0.5182,-0.9364,0.0421,-1.1125,-0.1994,1.0176,-0.3994,0.6905,-0.065,0.3014,0.7528,-0.1562,0.1026,-1.6958,0.9128,0.0882,0.7107,0.7669,0.8897,0.636,-1.3856,-0.4835,-0.6695,MLL
-0.9698,-0.3006,-0.7648,0.0126,-1.4174,0.1571,-1.9815,0.1694,-1.8596,-1.7344,-0.5819,-0.9537,1.8405,1.3309,0.5382,-1.5828,0.5101,-1.2256,-0.5661,1.4349,-0.6717,0.9958,0.529,0.7438,-0.3148,-0.3415,0.598,-0.7131,-1.0697,-0.727,0.4827,-1.2696,0.3296,1.3941,1.1024,-0.3983,0.6225,-1.8613,-0.47,-0.9641,-1.8794,-0.3264,-0.5172,3.3879,-1.5379,-1.4315,-0.5713,-1.0682,3.2458,-0.3087,-0.502,-1.372,-1.0714,-0.0504,0.7617,-0.9199,-0.3766,-1.1923,-0.192,-0.732,-1.8403,0.8984,-0.2998,-0.9347,-1.4488,-0.9206,-0.5769,0.4142,-0.0024,-0.6387,-2.0272,1.1926,-1.1224,0.4989,-1.2539,0.1209,-0.2549,-0.8835,-0.1926,-1.7729,-0.3627,-1.5173,-1.8439,3.8619,-1.2827,-0.9565,-0.2265,-1.6747,-0.3153,-1.5142,-0.8345,-0.9596,-0.4941,-1.1746,-0.8824,-0.6831,0.2931,-0.3453,-0.0291,-1.5277,MLL
-0.0957,0.0074,0.2454,0.521,-0.5878,-0.3569,0.5373,0.5965,0.8348,0.16,1.5947,-1.145,-0.312,1.6739,-0.3646,1.5582,0.2523,-0.0096,-1.7461,-0.1816,-0.7183,-0.7908,0.723,-0.4813,-0.1099,-1.6003,-1.5864,0.1534,2.4868,-0.2398,-0.9993,0.6792,1.0689,-1.654,-1.0101,-0.9622,0.4057,-0.1615,-0.8679,0.2777,1.0096,-0.2522,1.1803,1.065,-1.3815,1.4516,0.3273,0.1144,2.2021,-0.4436,1.484,-0.3758,-0.8842,0.0555,1.0959,-0.0844,3.8028,2.3238,1.8156,0.037,1.7063,-0.22,1.969,1.4174,-0.1868,0.6626,0.0205,-0.9585,-1.4788,1.3003,-0.4529,-0.2603,0.8247,0.029,1.0728,0.8047,1.6687,-0.0674,-0.2949,3.2838,-0.7739,-0.0009,0.09,-0.806,0.4547,0.1226,-0.2097,1.2134,0.7733,0.6821,-1.3831,1.0646,-0.0808,-0.7136,-0.2075,-0.3072,-0.2171,0.8786,-1.5599,0.0213,MLL
0.5197,0.3355,0.3554,1.1769,1.2246,0.1938,0.2293,-0.2767,0.0818,0.8258,-0.8568,2.9074,1.7061,0.1064,-1.6013,-0.0828,1.4216,-0.1453,-1.9231,-0.7423,0.8716,-0.0396,0.1362,0.0257,0.274,-0.7693,-0.0105,2.9503,0.9295,-0.2764,-0.0786,-2.6952,1.2321,1.213,-0.7101,0.8167,0.2082,0.7578,1.3823,1.801,-0.2498,3.0692,0.6321,-0.5758,1.9356,1.8176,0.6494,1.5599,-1.062,1.0994,0.4635,1.5987,0.5003,-1.047,0.7617,0.6345,-0.8578,0.3166,1.0618,-0.7245,-0.3436,-0.1358,-0.8966,1.2678,0.2048,0.948,-0.1191,0.6744,-0.4578,-0.1144,-0.4944,1.9979,0.013,-0.871,1.4709,0.1638,0.0654,1.5269,-0.8731,0.401,0.3387,-1.0288,-0.7986,0.0071,-0.4448,-0.1095,0.2637,2.5297,1.944,1.3621,-0.1707,0.187,-0.6443,0.7821,0.5052,0.5745,-0.1857,1.5976,-0.3922,1.0869,MLL
4.5488,2.0372,2.0545,0.3736,1.8049,3.5747,3.0995,0.2256,3.1297,2.9543,-0.3968,1.087,-0.9242,0.7258,2.9498,2.6132,0.2063,2.3086,-0.4776,0.0213,2.6887,-1.3209,0.5213,0.1336,2.0592,1.4153,0.8965,1.7248,0.8657,-1.9694,0.294,0.7733,1.5923,0.9852,4.293,2.5568,2.4902,0.1629,1.1494,-0.0741,3.5231,3.3022,0.6505,-0.0487,1.1337,3.1354,0.6169,1.1425,0.5922,1.6858,0.9987,3.3613,0.6832,2.9888,0.3752,3.1176,-1.0651,0.7504,2.9373,-0.1326,2.3693,0.3321,2.8552,-0.6055,0.3876,1.9922,2.094,1.9094,1.3637,0.4765,1.5515,0.1382,1.7541,0.1015,1.4119,1.197,2.7415,3.038,-0.7005,1.7319,1.0885,0.771,3.2968,-0.4433,3.7764,2.5554,4.2894,2.9853,1.8054,2.7156,-0.9223,4.6086,-0.0057,2.8042,2.9168,3.5465,1.0703,0.1289,-0.7425,1.7847,MLL
-0.6792,0.368,-0.2729,1.9492,1.2429,0.3239,0.3301,0.5079,1.0471,0.5757,0.1979,-0.8787,1.699,2.0074,0.6433,0.5857,-1.5431,1.7231,-1.2003,0.5464,-0.695,-0.0256,0.9449,-0.3358,2.629,1.4573,0.1187,-0.4612,0.135,-0.9828,-0.0284,0.0972,0.1969,0.4161,-0.0275,-0.3782,1.5355,3.4914,0.8837,1.6561,0.3197,-0.6547,1.5602,-0.0702,-0.7069,0.965,-0.0806,0.4159,1.018,0.9645,-0.8022,-0.2914,0.5613,1.343,-1.0923,0.3649,3.0205,-1.2539,-1.4072,1.0774,1.8601,0.2129,0.4104,-1.4255,-0.7699,-0.2067,2.2874,1.7265,1.3417,1.1755,1.951,-0.169,-0.4774,-0.2293,0.2284,1.0084,-0.3617,-0.925,1.5777,0.7055,-0.0483,2.2312,0.8286,0.3201,0.2993,1.6703,2.0105,1.6437,-0.4129,0.3913,1.4147,0.403,-0.588,0.8607,2.4339,-0.7004,1.4614,-0.2535,1.9053,-0.099,MLL
-0.3341,-0.418,2.3879,-0.0262,1.8198,-0.9209,-0.185,-0.4438,0.0889,1.2318,-0.1724,0.3148,0.8848,-0.5368,-1.0695,1.0992,0.8047,0.6485,1.5726,0.0581,2.5314,-0.2497,0.7037,-0.6972,0.1552,0.6824,-0.1971,0.4185,0.8304,2.3179,3.5197,0.2942,-0.358,0.5015,-0.3145,0.9413,-0.203,0.4075,0.2821,2.0949,0.7223,0.1841,0.8411,-0.6449,-0.0658,0.5989,0.6672,-0.2102,0.0999,-0.3746,-0.2969,0.0819,2.0633,1.4925,0.6602,0.1852,-0.4622,0.5385,0.1196,4.6812,1.9629,-0.3519,0.2809,-1.216,-1.1616,-0.5955,0.0247,-0.2363,0.8936,0.052,1.2458,0.6945,1.0381,0.4065,0.4077,-0.057,1.2116,0.0119,0.0784,1.2874,1.4271,-0.1054,0.4312,1.9228,1.5607,0.6776,-0.1259,0.0314,0.5576,1.4847,-0.2859,0.422,-1.6962,0.2234,1.2173,-0.2494,-0.0182,1.001,1.3773,0.4386,MLL
-0.0593,0.9352,-0.3246,0.2067,-0.0773,1.5455,-0.1604,2.9633,0.2763,-0.092,0.6691,-0.8037,1.8707,1.9216,-0.9458,-0.42,-0.4659,1.7527,-0.3596,2.7237,0.726,-1.0125,1.6417,0.9645,0.0209,0.8437,-0.0536,0.5951,0.7922,-0.7149,0.4875,0.8439,0.7698,0.8242,0.8386,0.9346,2.1058,1.5644,0.8364,0.2777,1.1118,0.4574,1.7679,0.9195,0.1888,-0.258,-3.7221,-0.3339,1.0673,1.1213,-0.582,0.1268,0.3131,2.4344,0.0378,1.6464,0.3508,-1.1637,-0.9368,-0.438,1.1491,-0.5453,2.578,-0.4499,-0.5263,-0.104,0.9164,0.6084,2.627,1.5001,0.5252,0.1631,-1.0341,1.6572,1.4856,1.7651,0.3374,0.0648,2.4708,0.8646,-0.6288,-0.189,1.649,-0.6276,-0.4005,2.0861,-0.1008,-0.0193,-0.1048,0.1375,-0.8784,0.6537,1.1965,2.0053,1.402,1.3667,0.4562,1.4599,2.2125,0.0213,MLL
0.4652,0.214,0.2025,-0.1814,0.094,0.5042,0.6998,1.6073,-0.7188,0.8641,-0.5707,-0.6681,0.7754,1.3404,0.464,-0.6045,-0.8065,0.9341,0.4664,1.28,-1.5569,0.0763,0.1854,0.2275,-0.4266,1.261,0.2048,0.5575,-1.1252,0.4301,-0.5005,0.353,0.5244,0.0481,-0.6093,0.1134,-0.9622,0.8168,0.6217,0.344,-0.0829,-0.6166,0.1269,0.5642,0.6311,0.8788,-0.2757,0.9956,0.8309,-0.5345,0.2434,-0.7778,0.1912,-0.3414,-0.3946,-0.171,1.797,-1.1479,-0.1474,-0.208,1.243,0.0266,-0.3578,-0.031,0.3179,-0.9798,-0.5644,0.1446,-0.1714,-0.9217,1.9663,-1.7713,0.0473,-0.6942,0.5381,0.2474,-0.9723,-0.2261,0.0032,-0.9246,1.6931,-1.3815,0.4171,0.3932,-0.6783,-0.5343,1.0303,-1.8114,-0.2434,-0.3975,-1.4324,-0.9096,-0.8885,0.0266,-0.0608,0.7191,-0.0567,2.1177,0.0724,0.705,AML
0.2949,-0.9164,-1.7508,0.3852,-0.7989,-1.1078,-0.8073,-0.869,1.0249,-0.6065,-0.5679,-1.2612,-0.5567,-0.3176,0.8845,-0.573,-0.4382,-0.0918,0.8056,-0.4681,0.4523,1.6326,-0.5635,0.0961,-0.8536,-1.3479,0.644,-0.2958,-0.6856,-0.6296,-0.7736,-0.3025,-0.9056,0.3842,-0.8291,-1.2744,-1.1032,-0.5222,-1.2246,-0.9806,0.0655,-0.0425,-1.3002,-1.5369,-0.7583,-0.4195,-4.0206,0.4468,-0.4171,-1.3593,0.9787,-0.8586,0.2173,-0.8051,-1.0727,-1.0065,2.7028,-0.3992,-0.3952,-0.4267,-0.6641,-0.5067,-0.8568,-0.5337,-0.5263,-0.866,-1.1284,-0.5154,-1.2143,0.0687,0.1519,-0.2437,-1.3039,-1.1273,-1.1879,-0.9252,-1.0307,0.0044,0.1314,-0.6846,-0.4595,-0.7127,-0.4473,-0.9815,-0.3652,-0.7767,-0.5658,-0.323,-0.7826,-0.2061,0.1091,0.1395,-0.8322,-0.3601,-0.6207,-1.1023,-1.6375,1.0316,-0.448,-0.3889,AML
0.2256,0.0357,1.4063,0.1097,0.4032,-0.5738,1.1633,-0.5952,1.7957,1.0217,0.526,-0.4284,0.1427,0.4113,-0.5315,0.1531,0.6666,-1.2151,0.8056,-0.1704,0.3533,-0.0442,0.9237,0.6406,0.849,-0.8569,1.2066,1.1778,0.2213,0.6493,0.7311,0.738,0.1443,-0.2205,0.262,0.0853,0.5798,0.9694,1.0402,-1.0137,0.3642,0.6586,0.1429,0.9458,-1.281,1.1587,0.345,0.3231,1.1633,0.8955,0.8087,-0.1245,-0.0787,-0.7399,-0.316,-0.2209,0.363,1.7611,1.7993,-0.3739,0.8835,0.496,0.6916,0.394,1.3884,1.3225,0.0522,0.4114,1.2829,0.4348,-0.6844,-0.8331,0.6751,0.033,0.2944,-0.0163,0.0604,-0.2563,-0.6454,0.7286,0.121,0.2015,1.3811,2.0895,0.294,-0.544,0.892,0.0643,1.2816,0.311,-0.4834,0.0384,-0.0996,0.7262,1.0205,-0.2957,-0.0273,0.5573,1.5677,1.3863,AML
-0.3704,-0.1993,-0.6845,-0.0068,-0.3184,-0.2801,-0.1564,-0.9866,0.8272,-0.2184,0.2932,0.2228,-0.1678,-1.5516,-1.0015,1.2011,-0.8249,0.4097,0.2599,-0.5294,-0.5727,-0.9153,0.3012,-0.3123,-0.1667,-1.0007,-0.7252,0.1328,0.3151,-0.2886,-0.8153,-0.9345,0.6992,-1.5472,-0.0379,-0.8765,-0.156,-0.5396,0.3427,-0.3597,0.5275,-0.7882,-0.3992,0.5284,0.7852,-0.3442,0.5903,0.0603,-0.5328,-0.2993,0.7786,0.5235,-0.1702,-0.7458,-1.4428,0.761,-0.6538,0.5128,-0.8077,0.6854,-0.2897,-0.1393,-1.0281,-0.426,0.5094,-0.6586,-0.4181,0.0295,0.2032,-1.0548,-0.1014,0.6613,0.9277,0.8406,0.9649,-0.5801,0.8696,0.5522,-0.2251,-0.8036,1.0159,-0.4215,-1.1732,-0.6305,0.4712,-0.8747,-0.7878,-0.3002,-0.7569,-0.2601,-0.05,-0.3356,0.7457,-1.1143,-0.0331,0.9851,-0.3825,0.236,0.9254,0.2594,AML
-0.7927,0.2424,0.6415,-1.0934,-1.0068,-0.6005,-0.2627,-0.869,-0.9116,-0.8745,0.4195,-1.1983,-0.336,-1.1752,-0.2162,-1.4934,1.0441,-0.8254,1.7053,-0.8438,-1.1551,1.3639,-1.5295,-0.2794,-0.5265,-0.8359,-2.3011,-0.5458,-0.9505,-1.2995,-0.1241,0.0737,-1.2163,-0.9884,-0.9661,-0.8631,-0.7625,-0.6922,-0.0115,-0.1196,-0.703,-1.5783,-0.3746,-0.3778,-0.7292,-0.3011,0.8386,0.0526,-0.2399,-1.052,-0.502,-1.932,-0.5751,-0.9847,-0.483,-0.7235,-0.4622,-0.7156,-0.2112,0.8738,0.0608,-0.2606,-1.4847,0.4538,-0.0824,-1.4655,-1.1863,-0.8745,0.7467,-0.9466,-0.1538,-0.4595,-0.5461,-0.6534,-0.6904,-2.0871,-0.4434,-0.1959,-0.1796,-0.7567,0.3871,-0.0714,-0.7374,3.47,-0.9313,-0.9249,-0.6077,-0.3863,-1.0291,-0.8121,-0.3737,-1.3475,-0.0245,-1.0481,-1.1854,-1.0965,-0.9465,-0.1923,-0.7044,-0.5045,AML
-0.2376,-0.8799,-1.1489,-0.5967,-0.2619,-1.6519,0.639,0.3927,-0.6015,0.1947,1.2974,-0.7891,-1.2285,-1.4325,-0.3399,-0.0932,-1.5154,-1.1368,0.6581,-0.4146,-0.0485,0.9143,-0.0742,-1.2511,-0.2769,-0.4642,0.1761,-0.4123,0.135,-0.8488,-1.1548,0.1972,-0.9783,1.9113,-1.1937,-0.3795,0.3107,-0.5188,-0.413,-0.5584,0.0201,0.2371,-0.2517,-1.0337,-0.3026,-0.2624,0.0051,-1.2537,-0.3162,-0.7415,-1.3474,1.062,1.6714,-0.8657,-0.2898,-0.7269,-1.0197,-0.7929,1.1479,-0.6001,0.1946,-0.4479,0.4704,-0.4739,0.7357,0.5143,-0.3579,-0.225,-0.0979,-0.7552,0.0929,-0.3184,0.0449,2.3505,0.895,0.1295,-1.4728,-0.9099,-0.3868,0.2739,0.5564,0.532,-0.8537,-0.4024,0.2963,-0.4331,-0.8506,-0.1509,-1.1266,-0.8343,-0.0555,-0.5458,-0.0996,-0.0272,-1.2841,-1.4261,-0.1705,-1.9364,-0.6003,-1.5465,AML
1.3461,0.8622,0.1485,-0.4414,-0.8305,1.5188,1.3052,0.0023,0.2817,0.5517,-0.0293,-0.3364,-0.9019,-0.1795,0.2723,1.1907,0.0497,-0.1032,0.7466,1.7705,-0.3048,0.0982,1.055,0.1993,0.2034,-0.6115,0.7559,-0.3766,0.5506,-1.0315,-0.6437,0.691,0.4939,0.0808,1.5471,1.082,-1.6243,-0.4216,-0.7588,-1.1255,0.3179,-0.3476,-0.3242,-0.2037,-0.3964,0.6269,-0.5151,-3.1784,-0.7125,0.2087,-0.2119,0.4499,1.371,1.0186,-0.2472,1.5166,0.9683,0.7375,-0.3522,0.0332,0.3613,-0.0652,-0.1379,-1.1083,-0.7264,0.647,0.0176,0.1276,-0.2522,-0.2476,0.4685,-0.0527,-0.3156,0.3926,0.4783,-0.2307,1.9056,0.8619,0.0946,-0.9551,0.1936,2.0418,0.7532,-0.0777,0.6326,0.2064,-0.8381,0.5604,-0.377,0.4992,1.5025,1.6729,-0.062,1.5818,-0.7573,0.4762,-0.7104,-0.33,-0.0697,1.4712,AML
-1.1333,-0.9569,-1.4339,-1.5164,-1.9312,-0.2534,-1.9561,-0.1506,-1.5628,-1.5831,-0.4276,-0.6608,0.3803,0.6448,-0.1543,-1.8126,1.0625,-1.3775,0.0239,-0.7501,-0.5727,0.355,1.0733,-0.2466,0.0313,-0.4432,-0.0765,-1.9029,-1.3825,0.2839,0.4751,0.7204,-0.8793,1.6523,0.4844,0.8422,-1.0583,-2.2047,-0.8194,-1.1296,-1.8104,-0.3158,-1.063,1.2296,0.5395,-1.7976,0.2061,-0.8054,-1.6257,-1.0144,-0.0368,-1.6035,-0.7318,2.5289,-1.1448,-1.1329,0.7313,-0.3033,-1.1787,2.9245,-1.9641,-0.6432,0.8501,-0.4798,-1.9187,-0.327,-1.12,-0.2966,0.5484,-0.1893,-1.8525,1.1428,-0.8747,2.3962,-1.8406,0.824,-1.311,-0.5548,1.0482,-1.9748,0.7257,-0.7454,-0.3391,0.1767,-1.2902,-0.0947,-0.017,-0.5761,-0.8288,-1.5808,0.131,-0.0313,-0.4001,2.4315,-1.5993,-0.3101,-1.3125,-0.1617,-0.6866,-2.0227,AML
-0.1468,-0.5842,-0.6845,-0.9188,-0.1538,0.2739,0.0887,-0.2182,-0.0799,0.403,-0.5202,0.2857,-0.7266,0.2827,-0.6614,0.0558,1.0533,-0.4423,0.7466,1.2331,0.0272,-1.0039,-0.797,0.143,-0.0462,-0.0119,0.6009,0.02,0.4734,0.2961,-0.2569,0.5117,0.3559,0.011,0.2517,-0.4505,-0.5564,-0.6783,-0.5331,0.4185,0.4891,0.5802,0.299,1.1199,1.7211,-0.1116,0.7056,-0.9677,-0.5599,-0.4687,0.4285,-0.1604,-0.5315,-0.4528,0.4538,0.0321,0.0987,1.3302,-0.1979,-0.6943,-0.2198,2.2503,-0.1325,-0.815,-0.1955,0.3271,0.4694,0.0559,-0.1493,-0.439,0.6104,1.0764,-0.3426,-0.3286,0.4224,-0.6144,0.6694,0.6277,0.9546,-0.0123,-0.2418,0.1219,-0.6161,-0.534,0.0605,-0.4872,-0.2013,-0.5154,0.2752,-0.0792,0.3175,-0.0196,2.0793,0.5698,0.4735,-0.3737,0.6137,1.6282,-1.0903,0.191,AML
0.5776,0.6313,0.9089,1.3244,1.9695,1.4754,0.329,-0.4134,-0.6654,0.6407,-0.0995,0.6609,1.134,0.9688,1.1504,-0.2992,0.8415,0.8348,1.6611,-1.0913,-0.0602,0.0235,-0.9012,0.0867,0.7267,1.3942,-1.0094,0.3019,1.2663,-0.045,0.1679,-2.8892,1.567,-0.1515,1.4514,-0.271,1.3113,1.018,2.8137,1.0269,0.2655,-0.8051,2.7205,-0.3254,2.4314,2.3128,-0.3082,0.8797,-1.0054,2.8838,-1.3574,0.6545,-0.3835,-0.4151,1.656,1.4933,-0.2277,1.628,0.13,-0.4719,-0.054,0.0023,-1.0092,-1.5751,-0.6742,-0.3342,0.9821,-0.422,0.8863,0.7844,1.6694,0.5533,0.0081,-0.1359,0.6684,0.7747,1.0431,1.7082,-0.9169,0.1916,2.5638,1.1798,0.4646,-0.2678,-0.1054,-0.3602,0.0375,0.2668,3.582,0.9973,0.4602,-0.594,-0.7758,0.4481,0.6358,1.5922,1.471,-0.7584,2.0246,1.1859,AML
-1.3854,0.6475,-0.7384,0.5986,1.2695,1.8859,1.0158,-0.7367,-0.4473,0.6531,1.8387,2.7428,0.7718,1.469,-0.0925,-0.7903,-0.696,1.0592,-1.6576,-0.1392,-0.2116,0.3459,0.2588,-0.9319,1.0056,-0.3801,-1.0754,1.4109,0.8529,1.7211,-1.114,0.4382,2.7254,1.0157,-1.0411,-0.5872,-0.2083,2.2807,1.3326,0.017,-0.0532,1.0759,-0.2038,-0.5806,1.5983,0.5149,1.2613,0.47,-1.0694,0.1146,-0.8272,1.2397,-1.4632,-0.1965,1.0729,-0.2542,-0.9351,-0.2546,-0.051,1.4883,-0.3136,-0.3596,-0.7327,-0.8449,-0.2303,1.0573,1.1283,1.9047,-1.0234,0.9092,-0.7739,-0.5841,0.7634,0.6777,1.1395,-0.0185,0.5292,2.494,-1.0224,-0.2931,-0.1208,-0.2804,-0.2052,-0.5603,-0.1813,-0.8979,0.4857,0.2718,0.9119,-0.3796,0.1749,0.1746,1.3655,0.2573,0.9394,0.6786,0.804,-0.9114,-0.6536,1.2779,AML
0.0905,-0.5234,-0.2751,0.0282,-0.2003,0.5409,1.5121,0.8526,1.8223,-0.1614,-0.3884,1.53,-0.2283,0.7687,-0.3275,0.6892,0.3352,-0.2351,-0.1531,0.7972,0.6212,-1.2989,0.5348,0.6922,0.3136,0.0582,0.8104,1.1929,-0.2948,-0.0084,1.2555,0.5999,0.5729,0.6847,0.0138,-0.5965,0.3449,0.0987,-0.3269,0.998,0.9188,1.8257,-0.7618,1.3178,0.2648,0.9327,-0.3614,0.3773,0.4839,-0.3526,0.6786,0.5396,-0.2311,-0.0623,0.29,0.558,0.8399,1.0282,-0.3626,0.3046,0.5101,-0.3357,1.4531,-1.0065,-1.1355,1.6951,0.7636,1.3616,1.6281,-1.5874,-0.6975,0.1797,0.1871,-0.1488,0.3898,-0.1106,0.0905,0.3708,-0.2765,0.1365,0.5806,0.0108,-0.0434,-0.3351,0.0785,1.6175,0.7789,-0.685,-0.0278,0.4209,-0.3133,0.4482,-1.2266,0.8124,1.2735,0.7856,0.8261,-0.6513,1.1361,0.2948,AML
-0.6054,-0.1182,0.9188,1.2157,-0.2203,0.6243,0.395,1.0255,-0.5166,-0.7774,-0.3098,0.673,-0.9197,0.3399,-0.4017,-0.5993,1.5689,0.5625,-1.2298,0.3089,-1.3356,-1.0673,-0.2479,0.3214,1.0865,-0.1521,-0.7482,0.2963,0.5596,0.1499,-0.7689,0.8997,1.2637,-0.1188,1.0584,-1.0051,0.3203,0.1213,-0.1292,1.325,0.6201,0.6946,0.4551,-0.5138,0.0972,1.1178,-0.2373,0.8951,0.4149,0.2997,0.3834,1.1625,0.5308,-0.6319,0.9059,0.1186,0.7748,1.1513,1.3467,-1.0411,0.0319,-0.1013,0.3753,0.4598,0.6051,0.3089,0.4276,0.0889,0.3354,-0.0978,0.3921,0.8356,-0.806,1.1505,1.0146,0.1638,-0.1431,-0.3848,1.5875,0.9135,-0.2176,1.1863,-0.0272,-0.5194,0.4585,0.0175,-0.637,0.1579,-0.1767,-0.0295,-0.6973,-0.5385,-0.2874,-0.485,0.3801,-0.0412,0.8288,0.2207,0.1283,-0.0942,AML
0.5321,0.8906,0.833,-0.0456,-0.4331,-0.6106,-0.6398,-0.7747,-0.5193,-0.6875,-1.4963,-0.3389,-1.3184,0.2636,-0.7665,0.0457,-0.5027,1.0697,-1.2298,-0.972,2.2169,0.2447,-0.0423,-1.2933,0.0347,-0.0049,1.1951,0.3865,0.6054,-1.1777,-0.2341,0.3001,-0.4897,0.2922,-0.5886,-1.4043,0.7816,0.5081,0.3257,-1.3697,-0.1589,0.057,-0.1214,-0.5972,-1.2006,-0.2171,0.5933,-0.8363,-0.7986,-0.6474,0.2634,-0.4673,1.4799,0.7988,0.0968,-0.9532,-0.6082,-0.7943,-0.0777,-0.9243,-0.1908,-0.2114,-0.8885,-0.0429,-0.5175,-1.3875,-0.0654,-0.1694,-2.3895,0.3766,-0.4333,-0.061,0.2411,-0.5382,-0.1984,-0.6701,-0.6002,-0.6983,-0.6832,-0.4406,0.121,-0.9426,0.4282,-0.6393,0.4569,-0.7393,0.3726,0.9274,-0.2486,-0.3542,1.1459,-0.1086,0.539,-1.5066,-0.2332,-0.3419,0.4668,0.7562,1.1412,-0.2899,AML
-1.3876,0.2059,0.5579,0.5831,0.5362,-1.1179,-0.3081,-0.999,-1.6143,0.938,0.0212,-1.0046,0.2975,-2.0757,-0.7294,-0.7526,0.0129,0.2129,-0.1384,-0.8639,-1.0095,1.373,-0.1562,-1.0962,0.6389,1.4012,-0.0076,-0.3127,1.1508,-0.8488,-0.3403,0.1472,0.5297,-1.6555,-0.6119,-0.0942,-0.0118,0.5584,0.4507,-0.1321,-0.9572,-1.7456,0.8189,-0.1036,0.0079,0.0822,-0.323,-0.3957,-0.5451,0.1146,-1.5125,1.0835,-1.9203,-0.584,-0.2308,-0.0079,-0.4352,0.7003,-0.9131,0.2971,-0.6092,0.3062,-0.8427,-0.7911,0.9881,-1.4883,0.1339,0.0409,0.9598,0.8426,0.8921,-0.3848,-1.4755,-0.412,0.5613,0.2516,0.4442,-2.032,-0.6654,0.1114,-2.3218,0.1976,-0.5868,0.4926,-0.2383,-0.7793,-0.3731,-0.3002,-0.1716,0.3987,-0.3682,-1.0162,0.6893,-1.2085,-0.125,0.8347,0.3616,-2.3953,0.1029,-1.4333,AML
-0.1865,0.7853,1.6517,1.0876,0.3151,0.6577,1.1547,-0.3477,0.5975,1.6172,0.2736,-0.4526,-0.3743,0.8354,-1.0015,0.5328,-1.8653,0.9752,0.2894,-0.2853,0.0971,-0.8588,0.2675,-0.5141,1.0263,-0.906,-0.952,-1.463,0.3421,-0.3251,-0.8239,0.0267,0.1875,-1.5605,-0.2577,0.021,0.9653,0.9382,-0.1195,1.1884,1.3948,-0.2056,-0.8503,-1.2459,-0.459,0.7303,0.543,-0.8595,0.5159,0.4157,1.544,-0.0419,0.5525,0.0906,0.2933,1.1005,-0.7924,1.074,1.8883,-0.0233,0.1836,0.4554,1.1334,0.8847,0.1178,0.9916,0.5595,0.6329,1.0699,0.9425,0.7829,0.3873,1.7149,-0.723,0.9789,-0.3186,0.4108,-0.4074,-0.8974,1.7149,-1.4027,1.4319,0.9312,-0.6042,1.1868,-0.2932,0.7035,1.8235,0.1828,0.1703,1.3873,0.1019,0.8584,0.3862,-0.0588,0.6699,0.4881,-0.3453,0.5674,-0.2451,AML
1.2587,1.8387,0.745,1.5727,2.0626,-0.5104,-0.387,2.1367,-0.6535,-1.4299,1.9089,-0.288,-0.7525,-0.9751,0.1239,-0.1801,-1.3221,1.086,-1.0233,0.8128,1.3492,-0.7433,0.7664,-1.0727,-1.3855,0.2757,-1.239,0.2681,-0.3038,-1.2264,1.447,0.0502,0.6024,-1.5004,0.73,-0.4023,0.4815,-0.3141,0.6654,1.0601,-0.91,-0.5213,2.5865,-0.3421,-0.5439,-0.2322,-0.4058,0.4623,0.2943,-0.1331,-2.0928,0.7981,-1.141,0.3655,0.2933,-0.0512,0.523,-1.198,-1.738,1.5486,0.565,1.3567,0.3106,-0.1926,-0.5524,-0.1372,-0.0326,1.1231,0.2253,1.575,0.1803,0.4786,0.1871,0.2625,0.8912,0.7297,-0.7954,-1.5862,0.1449,0.5614,-1.6204,-1.021,-0.008,0.3873,0.1318,-0.5388,0.536,-1.3102,-0.7159,-1.4444,-0.3078,-0.7585,-2.673,-1.2815,0.7683,-0.0181,1.4955,0.389,-0.9024,-2.2255,AML
-0.3193,-1.1716,-1.3855,-0.3095,-0.2502,-0.6172,0.419,0.2837,-0.4362,0.2365,0.066,-1.0118,-1.3887,-0.0318,-0.9953,0.0365,0.4825,-1.5685,-0.8021,1.0392,0.464,-0.3883,0.1111,0.941,-0.6849,-0.9657,-0.7597,-0.4913,-1.003,0.0159,-0.6428,0.8585,-1.3132,-0.6479,-0.1956,-1.1792,-0.2831,-0.798,-1.2998,-1.6056,1.3852,0.0125,-1.0753,-0.0964,-0.9325,-0.7813,-1.3043,-0.9832,0.6562,0.2432,0.2584,0.3243,0.5308,0.0275,0.575,-0.2975,1.0774,0.8864,0.4654,-0.4644,0.621,-0.6508,1.271,0.777,-0.3435,-0.4902,-0.5805,-1.7579,0.7027,-0.2392,-0.9224,0.653,0.2018,0.2863,-0.7494,1.8808,-0.1515,0.2688,-0.7454,0.9631,-1.1851,-0.5247,-0.6737,-0.7153,1.8588,-0.8721,-0.0254,0.2971,-0.7004,0.0424,0.3834,0.1607,-0.3438,-0.3868,-0.9636,-0.6223,-1.0764,0.4196,-1.5853,0.2665,AML
-0.0253,1.1134,-0.2069,0.3231,0.3716,-0.3436,0.8333,0.6736,0.5424,0.3309,1.3282,0.6827,1.4712,0.6162,-0.0987,0.6069,0.1418,1.6543,-0.8316,0.4405,1.3317,-1.2764,2.1262,1.0255,-1.6472,0.486,1.8323,-0.3935,-0.1785,1.2096,0.7017,-2.2455,0.654,0.5593,0.1871,1.1235,0.4869,0.6555,0.6254,-0.7819,1.5511,0.1608,1.6179,-0.4088,0.8098,1.2965,-0.1575,0.4391,1.2568,0.2934,-1.4075,1.7494,0.1868,0.3541,0.634,0.528,0.9042,0.288,1.7281,-0.9921,1.0852,-0.5676,1.0086,1.4174,0.405,1.1047,2.6962,1.2438,-0.3697,1.2754,-1.5337,1.4915,-1.6006,0.6976,1.1131,0.9483,-1.3243,0.8733,-0.4761,1.1739,0.1452,0.3491,0.452,-0.5632,1.4916,0.4965,1.8933,1.1299,-0.1972,1.9775,-0.8016,-0.0747,-0.4189,-0.0468,0.6682,0.4329,1.2681,-0.0393,-0.8389,-0.9335,AML
0.5832,1.2998,1.0058,0.164,-0.335,-0.981,-0.4944,-0.1182,0.1013,-0.1863,0.599,-0.1234,-0.4953,-0.1175,-0.748,1.2846,-1.718,0.3562,0.1271,0.8664,0.9124,-0.5641,1.3493,-0.378,-0.6711,-0.0084,0.3253,-0.5777,0.6091,0.7954,1.8083,-1.543,0.9088,-0.4446,-0.4438,0.6761,1.4789,1.2921,1.4672,-1.1255,-0.0838,-0.9682,-0.2505,-2.0282,-0.4813,-0.0836,-0.5299,-0.9522,0.7153,0.9175,0.0133,1.7441,0.3958,1.0499,2.6224,-0.7202,-0.3566,-1.2524,0.7013,1.0096,-0.6501,0.2083,-0.1123,0.4658,1.693,0.2803,-1.1481,-0.208,-0.8251,-0.5638,-0.0818,1.3587,0.3833,-0.2173,0.3728,0.6161,2.1542,0.2839,-0.2034,0.1529,-0.2902,1.0884,0.2179,-0.5574,1.2513,-0.0727,0.4606,1.7475,-0.1253,1.6476,-0.3737,0.3282,-0.8322,-0.0779,0.5756,0.5601,0.7743,-1.6763,0.5421,0.0519,AML
0.3108,-0.961,0.6338,-1.6561,-1.2146,-0.2668,-1.7227,-0.9395,1.1884,-1.6151,0.5204,-0.4986,-0.3645,-0.2128,1.5833,1.336,-0.0884,-0.5751,0.6139,-0.9542,-0.1301,-1.1539,-1.3027,-0.8005,-0.8226,-1.3268,0.0842,-0.1849,-0.4591,-0.2277,1.4849,0.3148,-1.3542,0.2997,0.3474,0.7015,-1.0658,-1.1137,-1.1324,1.0973,1.0708,-0.4895,-0.7827,2.9372,1.0309,-0.904,1.0691,-0.6431,-1.2663,-1.1053,2.1743,-1.0632,0.5569,2.4315,-0.8794,-0.8067,-0.4068,0.1047,-0.9531,-0.7509,-1.7973,-0.6732,-0.556,0.1546,-1.3356,-1.4219,-0.4086,-0.5125,-0.8471,1.8995,-2.0185,0.3873,-0.6295,0.0658,-1.3517,0.1252,-0.0347,1.0697,-0.9418,-0.1,1.4996,0.7592,-1.1534,-0.5047,-0.8345,0.9329,-0.4946,0.3503,-0.2691,-0.6756,-0.0829,3.0581,1.1777,1.9003,0.4281,0.4618,-0.7502,-0.1005,0.6182,-0.099,AML
0.1677,0.6354,0.0011,0.6142,-0.0075,0.2672,0.4661,0.3927,0.1333,-0.2878,0.6747,0.247,-1.3958,0.6067,1.1195,0.307,0.372,0.6122,-0.3449,0.3402,-0.2465,-1.0077,-0.1562,-0.0401,0.2206,0.6684,-0.0277,0.176,-0.4358,0.3204,1.2327,1.2025,0.5065,-1.1294,-0.2163,0.5381,0.3993,-1.1952,0.9432,-0.0534,-0.041,1.4805,0.5227,0.8432,1.4129,0.0391,0.2061,0.8797,0.9959,0.4816,-0.0418,0.265,-0.6142,0.9267,-0.1555,-0.4639,-0.4917,-0.2231,0.8986,-0.0535,0.2795,-0.1165,0.3558,0.8967,2.1195,0.6925,0.9934,0.4198,0.4603,-1.163,0.7218,0.188,0.1724,-0.4418,-0.0587,0.481,-0.2816,0.197,0.0113,0.9319,0.1694,-1.3018,1.4356,-0.5311,0.2152,0.2251,0.9339,-0.8444,0.3419,0.2708,-2.1346,-0.4549,0.7644,-0.6218,-0.0432,-0.4373,0.9094,0.2054,0.3796,0.4126,AML
-0.3772,-0.4302,0.1221,-0.3754,-0.4231,0.1738,-0.6144,1.503,0.717,-0.3412,0.6719,-0.0581,0.6277,0.0445,1.7255,0.8471,0.6298,-1.239,0.8794,-0.2897,1.489,0.1099,0.4393,3.1378,-0.3251,-0.1556,0.7387,0.4203,-0.6001,1.5019,-0.1402,0.3295,-0.535,1.2895,-0.2964,0.2193,1.3113,1.1741,-0.2553,-1.142,-0.234,-0.1654,0.3076,-0.292,-0.9593,0.5645,-0.4708,2.1396,1.05,0.7701,-0.3619,0.3978,1.0097,-0.4655,1.7936,0.0321,-0.9802,-0.7814,-0.5021,0.5497,0.6239,0.5128,1.8233,1.0763,-0.0215,1.4337,-0.6461,-0.8972,1.0332,0.2767,-0.7084,0.6364,0.7781,-1.466,0.254,1.2399,-0.5669,0.605,-0.218,-0.1007,0.4113,-1.4794,0.731,0.1329,-0.5732,0.5139,2.3834,-0.0876,-0.4386,1.8221,-0.3133,-0.8144,-0.2123,-0.6194,-0.781,0.3433,0.4282,-0.4677,-0.6282,0.481,AML
0.7774,-0.9974,0.4545,0.5792,-0.35,1.3486,0.2479,0.5455,-0.808,0.8045,-0.307,0.4334,0.5903,0.3875,0.6372,0.5166,0.4733,-0.4204,1.0563,-0.2306,0.3591,0.2418,-1.0325,0.8143,0.558,1.4924,-0.7224,0.4335,-0.6211,-0.4713,-0.6817,0.691,-0.2106,0.6476,1.0145,0.5086,0.473,0.3259,-0.3924,-0.6495,-0.4628,2.0312,0.8423,-0.0821,0.506,-0.1633,0.4366,-0.1097,0.4592,-0.6412,0.8787,0.1412,-0.0918,0.0754,-1.4035,-0.3674,-0.6444,-0.2245,0.1508,-0.11,0.1497,1.853,0.0037,2.2314,0.6922,0.3004,-0.0917,0.6367,0.7541,0.5181,-0.1211,-0.8165,-0.0704,-0.5819,-0.1961,0.749,1.1349,-1.0761,-0.1937,0.9665,0.8466,2.4023,0.9064,-0.2766,-0.7068,0.1864,0.8795,-1.7101,0.0338,0.7752,-1.1801,-0.668,-0.0057,-1.6279,-0.7364,-0.3911,-0.0108,0.1748,-0.7399,0.4008,AML
2.377,-1.046,-0.6944,-0.3677,0.9902,-0.7307,-0.9478,-1.1147,-0.4256,0.1893,-1.2551,-0.3219,1.0824,-0.0985,-1.0262,0.8761,0.2615,0.531,0.2156,-1.2775,-0.2582,0.4392,-0.5171,-0.3733,-0.678,-0.4993,0.9281,0.0143,0.4201,0.7833,0.5851,-0.282,-0.6518,0.3034,-0.63,0.9547,-1.5005,-0.8969,0.2566,-0.1031,-0.6305,-0.4768,0.02,-0.6092,-0.9415,-1.0698,-0.1279,-0.0943,-1.2343,-0.1519,0.1683,-0.7635,1.2012,-0.1825,-1.2627,0.092,-0.0491,1.2143,0.1271,-0.0309,-1.1164,-0.2149,-1.0099,1.6089,-1.4488,-1.2835,-0.7112,-1.1894,0.7247,-1.7622,-0.0927,1.4417,2.5953,-0.6673,-0.7556,-0.4215,-0.5802,0.8242,0.4705,0.4275,-0.7497,0.259,-0.6151,-0.455,-0.619,-0.1159,-0.6244,0.9477,0.1828,2.0124,2.3199,0.415,1.6473,-0.542,-0.7289,-0.3448,-1.3017,0.9704,0.5522,0.1722,AML
-1.4433,0.4652,0.7483,-0.7752,-0.3816,0.1537,-1.2738,-0.6143,0.2977,-0.1018,-0.3856,-0.84,0.657,1.045,0.8598,-0.5106,0.0497,0.7278,0.0534,1.1027,-1.4288,-0.7562,1.4999,-0.4203,0.8782,0.6473,0.9281,-0.5289,-1.1402,-0.3373,-1.0277,-0.0674,-0.7077,-1.493,-0.6041,-0.626,-1.4535,0.7995,-0.538,1.594,-1.365,-0.2353,-0.532,0.4664,-0.4076,-0.1848,-0.0097,0.6864,-0.5771,-0.3871,1.2189,-0.3919,0.6004,-1.1583,-0.9122,1.1005,-0.2801,-2.1272,-0.2038,-0.9431,-1.4469,-0.0287,-0.5237,-1.599,1.1969,-1.0728,-1.3301,-0.3315,-1.3906,-0.647,0.1846,-2.1366,-1.2793,0.2307,0.1058,-0.2886,-0.3116,0.1819,-0.1466,-0.3821,-0.3143,-0.9335,-0.791,-0.3,-1.2369,-0.7129,-0.461,0.0465,1.7746,0.0646,0.1969,-0.502,-1.4708,-0.7376,-0.2129,-0.0326,0.7972,-0.024,2.3673,-1.7115,AML
0.5571,-1.0258,-0.6207,0.1834,1.3942,-0.4904,0.2241,-0.7862,0.2888,-0.14,-1.2326,2.1182,1.4419,-0.1938,-0.2347,0.0093,0.8876,1.022,-0.8758,-1.7256,0.9357,-0.7832,-0.8327,-0.6174,1.2484,0.0197,0.1732,0.3489,0.7637,0.5153,0.0759,0.1737,0.1696,0.4621,-0.5343,1.0967,-0.3034,0.1594,-0.1498,0.9193,0.5826,0.1248,0.015,0.3853,-0.3339,-0.342,-0.0392,0.586,-1.0743,-0.2241,0.4185,0.3368,1.0314,-0.3884,-0.9351,-0.0012,-0.8684,0.0618,-0.7113,-0.6152,-0.8039,-0.2829,-1.4227,-1.3177,0.6835,-0.1189,-0.3698,-0.6926,-0.972,-1.4127,0.6999,-1.5139,0.4618,0.5972,-1.073,0.2302,1.3718,0.1139,-1.0678,-0.0137,-0.5804,0.0735,0.5455,-0.6948,-0.5792,-0.9784,-0.5783,0.1655,-0.5669,-0.1311,0.4821,-0.3947,0.0131,-0.4143,-0.173,-0.0962,0.1386,0.695,0.867,0.8181,AML
-0.9505,0.372,-1.0916,-0.7286,0.6526,-0.1466,-1.0241,-0.0372,-0.8116,0.589,-0.9718,-0.3292,1.6777,0.1398,-0.0492,-1.2603,0.8231,0.0544,-0.3744,-0.3979,0.7726,1.8574,-0.8095,-0.2184,0.5477,0.0057,0.6353,-0.6134,-1.2865,0.4788,-0.547,-0.0497,-0.1042,0.0615,0.0655,-0.3233,-0.1805,-0.5535,-0.2347,0.4143,-0.7292,-0.4683,0.224,-0.1656,-0.4947,0.1037,-0.2757,0.4623,-0.7199,-0.6568,-0.3319,-0.8245,-0.2572,-0.2774,0.598,1.1737,-0.5047,-0.8101,-1.2172,-0.5548,-0.5203,-0.3342,-1.1259,-0.7492,0.4746,-0.8446,-0.1794,-0.6285,-0.7075,0.7594,-0.2542,-0.0527,-0.6099,1.0035,-1.4137,-0.9102,-0.6787,-0.7248,2.8602,-0.5058,0.1452,0.3086,0.1694,-0.6422,-0.7977,3.055,-0.4736,0.0288,0.1057,-0.9421,0.537,-1.2015,0.9523,-0.111,-0.614,0.2247,-0.1034,-0.0852,-1.1893,-0.6176,AML
